dataset,variant,n_pages,n_positive_pages,n_empty_pages,name_TP,name_FP,name_FN,name_P,name_R,name_F1,name_F1_ci_low,name_F1_ci_high,price_TP,price_FP,price_FN,price_P,price_R,price_F1,price_F1_ci_low,price_F1_ci_high,product_url_TP,product_url_FP,product_url_FN,product_url_P,product_url_R,product_url_F1,product_url_F1_ci_low,product_url_F1_ci_high,required_macro_F1,required_macro_F1_ci_low,required_macro_F1_ci_high,PSR_positive,PSR_empty,page_exact_rate,ci_method,metric_policy
synthetic,llm_full_html,20,20,0,420,0,0,1.0,1.0,1.0,1.0,1.0,420,0,0,1.0,1.0,1.0,1.0,1.0,420,0,0,1.0,1.0,1.0,1.0,1.0,1.0,1.0,1.0,1.0,,1.0,"page bootstrap; seed=42; 1000 resamples; exploratory, not a paired significance test",strict normalized name and numeric price; shared URL identity; absent prices allowed
synthetic,original_fast,20,20,0,252,0,168,1.0,0.6,0.7499999999999999,0.5223320212126182,0.8951111611488969,252,0,168,1.0,0.6,0.7499999999999999,0.5223320212126182,0.8951111611488969,252,0,168,1.0,0.6,0.7499999999999999,0.5223320212126182,0.8951111611488969,0.7499999999999999,0.5223320212126182,0.8951111611488969,0.6,,0.6,"page bootstrap; seed=42; 1000 resamples; exploratory, not a paired significance test",strict normalized name and numeric price; shared URL identity; absent prices allowed
synthetic,original_fast_query,20,20,0,252,0,168,1.0,0.6,0.7499999999999999,0.5223320212126182,0.8951111611488969,252,0,168,1.0,0.6,0.7499999999999999,0.5223320212126182,0.8951111611488969,252,0,168,1.0,0.6,0.7499999999999999,0.5223320212126182,0.8951111611488969,0.7499999999999999,0.5223320212126182,0.8951111611488969,0.6,,0.6,"page bootstrap; seed=42; 1000 resamples; exploratory, not a paired significance test",strict normalized name and numeric price; shared URL identity; absent prices allowed
robustness,llm_full_html,200,200,0,4199,1,1,0.9997619047619047,0.9997619047619047,0.9997619047619047,0.9992773604249185,1.0,4200,0,0,1.0,1.0,1.0,1.0,1.0,4200,0,0,1.0,1.0,1.0,1.0,1.0,0.999920634920635,0.9997591201416395,1.0,1.0,,0.995,"page bootstrap; seed=42; 1000 resamples; exploratory, not a paired significance test",strict normalized name and numeric price; shared URL identity; absent prices allowed
robustness,original_fast,200,200,0,2394,0,1806,1.0,0.57,0.7261146496815287,0.6628314080178539,0.7795972631565469,2394,0,1806,1.0,0.57,0.7261146496815287,0.6628314080178539,0.7795972631565469,2394,0,1806,1.0,0.57,0.7261146496815287,0.6628314080178539,0.7795972631565469,0.7261146496815286,0.6628314080178539,0.7795972631565469,0.57,,0.57,"page bootstrap; seed=42; 1000 resamples; exploratory, not a paired significance test",strict normalized name and numeric price; shared URL identity; absent prices allowed
robustness,original_fast_query,200,200,0,2394,0,1806,1.0,0.57,0.7261146496815287,0.6628314080178539,0.7795972631565469,2394,0,1806,1.0,0.57,0.7261146496815287,0.6628314080178539,0.7795972631565469,2394,0,1806,1.0,0.57,0.7261146496815287,0.6628314080178539,0.7795972631565469,0.7261146496815286,0.6628314080178539,0.7795972631565469,0.57,,0.57,"page bootstrap; seed=42; 1000 resamples; exploratory, not a paired significance test",strict normalized name and numeric price; shared URL identity; absent prices allowed
industrial,llm_full_html,239,219,20,5476,567,841,0.9061724309117988,0.8668671837897737,0.8860841423948219,0.8471960145513563,0.9233100112625987,5595,286,562,0.9513688148274103,0.9087217800877051,0.9295564047183917,0.9056321060813294,0.9517044807268421,5970,73,347,0.9879199073307959,0.9450688618014881,0.9660194174757282,0.9504028623624676,0.9806052767320428,0.9272199881963138,0.9071248849415859,0.9460080366288558,0.908675799086758,1.0,0.6736401673640168,"page bootstrap; seed=42; 1000 resamples; exploratory, not a paired significance test",strict normalized name and numeric price; shared URL identity; absent prices allowed
industrial,original_fast,239,219,20,5742,330,575,0.9456521739130435,0.9089757796422352,0.9269513277907822,0.8783690536521229,0.966422769101399,5458,614,699,0.8988801054018445,0.8864706837745655,0.8926322675607163,0.8435854138836584,0.9367282686325313,5799,273,518,0.9550395256916996,0.9179990501820484,0.9361530389861974,0.8882930007146915,0.9750732860643148,0.9185788781125653,0.8717921644497679,0.9584271472396702,0.9360730593607306,0.9,0.5355648535564853,"page bootstrap; seed=42; 1000 resamples; exploratory, not a paired significance test",strict normalized name and numeric price; shared URL identity; absent prices allowed
industrial,original_fast_query,239,219,20,3068,229,3249,0.9305429178040643,0.48567357923064747,0.6382359059704598,0.5743356644922483,0.6988236225403339,2878,419,3279,0.872914771003943,0.4674354393373396,0.6088428178548763,0.5462524417409674,0.6737576474168984,3093,204,3224,0.9381255686988171,0.48963115402881113,0.6434366548783025,0.5803782904059893,0.7043754943875693,0.6301717929012128,0.5681135614532618,0.6913822240852067,0.7899543378995434,1.0,0.22594142259414227,"page bootstrap; seed=42; 1000 resamples; exploratory, not a paired significance test",strict normalized name and numeric price; shared URL identity; absent prices allowed
