mutation_id,page_id,base_page_id,category,base_template,mutation_axis,variant_idx,artifact_path,benchmark_html_file,n_entities,sha256,source,page_url,dataset_version
syn-0001__class_rename__01,syn-0001__class_rename__01,syn-0001,construction_instruments,jsonld_cards,class_rename,1,html/syn-0001__class_rename__01.html,html/syn-0001__class_rename__01.html,12,75e0c634cc454cc47bf37d23172b9b69d9173e4d0240d215e179de24bde29688,synthetic-shop.local,https://synthetic-shop.local/search/syn-0001,synthetic-v2-12to30
syn-0001__class_rename__02,syn-0001__class_rename__02,syn-0001,construction_instruments,jsonld_cards,class_rename,2,html/syn-0001__class_rename__02.html,html/syn-0001__class_rename__02.html,12,b0da94e9411c1702ec1eaecdd98f6bb1f3e779d69f212107bf18c981b1d61e21,synthetic-shop.local,https://synthetic-shop.local/search/syn-0001,synthetic-v2-12to30
syn-0001__class_rename__03,syn-0001__class_rename__03,syn-0001,construction_instruments,jsonld_cards,class_rename,3,html/syn-0001__class_rename__03.html,html/syn-0001__class_rename__03.html,12,f3a1adb7447a6298d04985df8fae7b77642e0a0843cf92d68b76ce05ccf51ef8,synthetic-shop.local,https://synthetic-shop.local/search/syn-0001,synthetic-v2-12to30
syn-0001__wrapper_insert__01,syn-0001__wrapper_insert__01,syn-0001,construction_instruments,jsonld_cards,wrapper_insert,1,html/syn-0001__wrapper_insert__01.html,html/syn-0001__wrapper_insert__01.html,12,2635277de600e8e66914033a7a352d2c84dd83bfd011537aaa25ae120bb1a3bc,synthetic-shop.local,https://synthetic-shop.local/search/syn-0001,synthetic-v2-12to30
syn-0001__wrapper_insert__02,syn-0001__wrapper_insert__02,syn-0001,construction_instruments,jsonld_cards,wrapper_insert,2,html/syn-0001__wrapper_insert__02.html,html/syn-0001__wrapper_insert__02.html,12,775e882b43275a8dc7d939b2ef475a6f64a1964a59595f5a90b682d810e84540,synthetic-shop.local,https://synthetic-shop.local/search/syn-0001,synthetic-v2-12to30
syn-0001__wrapper_insert__03,syn-0001__wrapper_insert__03,syn-0001,construction_instruments,jsonld_cards,wrapper_insert,3,html/syn-0001__wrapper_insert__03.html,html/syn-0001__wrapper_insert__03.html,12,72ba70a6e00ff1815cabb5dbf481a4f18b0f70a057028da342b106f04cc035ea,synthetic-shop.local,https://synthetic-shop.local/search/syn-0001,synthetic-v2-12to30
syn-0001__field_reorder__01,syn-0001__field_reorder__01,syn-0001,construction_instruments,jsonld_cards,field_reorder,1,html/syn-0001__field_reorder__01.html,html/syn-0001__field_reorder__01.html,12,753159d2afc928e988b2b04e0ea5b5379993402d3861b96db54945c8114f9c1e,synthetic-shop.local,https://synthetic-shop.local/search/syn-0001,synthetic-v2-12to30
syn-0001__field_reorder__02,syn-0001__field_reorder__02,syn-0001,construction_instruments,jsonld_cards,field_reorder,2,html/syn-0001__field_reorder__02.html,html/syn-0001__field_reorder__02.html,12,04e9e757151f308ad912a1fc913dc344ade1a1c97afb83abc8396daa0f162b33,synthetic-shop.local,https://synthetic-shop.local/search/syn-0001,synthetic-v2-12to30
syn-0001__subtree_relocate__01,syn-0001__subtree_relocate__01,syn-0001,construction_instruments,jsonld_cards,subtree_relocate,1,html/syn-0001__subtree_relocate__01.html,html/syn-0001__subtree_relocate__01.html,12,466f7ab40e9e95898d4ab4a819bf534d666c92a57f2ea7f6dfad5610cd0aa961,synthetic-shop.local,https://synthetic-shop.local/search/syn-0001,synthetic-v2-12to30
syn-0001__subtree_relocate__02,syn-0001__subtree_relocate__02,syn-0001,construction_instruments,jsonld_cards,subtree_relocate,2,html/syn-0001__subtree_relocate__02.html,html/syn-0001__subtree_relocate__02.html,12,01c957de2eed2f313d56a66d2a03c8870d71ae898441471806bab51dc10ac892,synthetic-shop.local,https://synthetic-shop.local/search/syn-0001,synthetic-v2-12to30
syn-0002__class_rename__01,syn-0002__class_rename__01,syn-0002,construction_instruments,microdata_cards,class_rename,1,html/syn-0002__class_rename__01.html,html/syn-0002__class_rename__01.html,30,8c34d9d30b886a3d1737568f289cfcfa0337c134c8303a567ac88f57669086e8,synthetic-shop.local,https://synthetic-shop.local/search/syn-0002,synthetic-v2-12to30
syn-0002__class_rename__02,syn-0002__class_rename__02,syn-0002,construction_instruments,microdata_cards,class_rename,2,html/syn-0002__class_rename__02.html,html/syn-0002__class_rename__02.html,30,9ec152f37f4b708583ad4ac53b9ec8b72baf228f179d35b197e9b012d49b2585,synthetic-shop.local,https://synthetic-shop.local/search/syn-0002,synthetic-v2-12to30
syn-0002__class_rename__03,syn-0002__class_rename__03,syn-0002,construction_instruments,microdata_cards,class_rename,3,html/syn-0002__class_rename__03.html,html/syn-0002__class_rename__03.html,30,533bf3a063aafe3094eab93ca5c3c691b8f16776517142ac38f599e9b4f4c1c7,synthetic-shop.local,https://synthetic-shop.local/search/syn-0002,synthetic-v2-12to30
syn-0002__wrapper_insert__01,syn-0002__wrapper_insert__01,syn-0002,construction_instruments,microdata_cards,wrapper_insert,1,html/syn-0002__wrapper_insert__01.html,html/syn-0002__wrapper_insert__01.html,30,237f06b413f1c805d1c48337bfe356e093aaa150f2a04b6b3e84d5d8704905ff,synthetic-shop.local,https://synthetic-shop.local/search/syn-0002,synthetic-v2-12to30
syn-0002__wrapper_insert__02,syn-0002__wrapper_insert__02,syn-0002,construction_instruments,microdata_cards,wrapper_insert,2,html/syn-0002__wrapper_insert__02.html,html/syn-0002__wrapper_insert__02.html,30,df1a3f054d3d2abb5b416792164ad17f8f79ae1f7f2418e0021da4f41f92e5e4,synthetic-shop.local,https://synthetic-shop.local/search/syn-0002,synthetic-v2-12to30
syn-0002__wrapper_insert__03,syn-0002__wrapper_insert__03,syn-0002,construction_instruments,microdata_cards,wrapper_insert,3,html/syn-0002__wrapper_insert__03.html,html/syn-0002__wrapper_insert__03.html,30,e002af3822e157ac6bf11fe326ccfb4884cb128d4c43e9d15fc249139739f20d,synthetic-shop.local,https://synthetic-shop.local/search/syn-0002,synthetic-v2-12to30
syn-0002__field_reorder__01,syn-0002__field_reorder__01,syn-0002,construction_instruments,microdata_cards,field_reorder,1,html/syn-0002__field_reorder__01.html,html/syn-0002__field_reorder__01.html,30,ad5ecca0bf71baade6a395e1fb4439733a2fb34598d97caa6a890f62d9932cee,synthetic-shop.local,https://synthetic-shop.local/search/syn-0002,synthetic-v2-12to30
syn-0002__field_reorder__02,syn-0002__field_reorder__02,syn-0002,construction_instruments,microdata_cards,field_reorder,2,html/syn-0002__field_reorder__02.html,html/syn-0002__field_reorder__02.html,30,2123132bb0fd8332225f8c2d0daafdffeaa50506812c943d92be06b051ff5211,synthetic-shop.local,https://synthetic-shop.local/search/syn-0002,synthetic-v2-12to30
syn-0002__subtree_relocate__01,syn-0002__subtree_relocate__01,syn-0002,construction_instruments,microdata_cards,subtree_relocate,1,html/syn-0002__subtree_relocate__01.html,html/syn-0002__subtree_relocate__01.html,30,71fea73224c0d1b09630579aef6bd0dbc1387f95a0fbb0cac661589975159cab,synthetic-shop.local,https://synthetic-shop.local/search/syn-0002,synthetic-v2-12to30
syn-0002__subtree_relocate__02,syn-0002__subtree_relocate__02,syn-0002,construction_instruments,microdata_cards,subtree_relocate,2,html/syn-0002__subtree_relocate__02.html,html/syn-0002__subtree_relocate__02.html,30,79f79af55946d686f3f2f8ce9270d4ffee70f48a04e52cdbbcefdd0270bf6812,synthetic-shop.local,https://synthetic-shop.local/search/syn-0002,synthetic-v2-12to30
syn-0003__class_rename__01,syn-0003__class_rename__01,syn-0003,construction_instruments,plain_cards,class_rename,1,html/syn-0003__class_rename__01.html,html/syn-0003__class_rename__01.html,16,060bb1d23f00a4406ca51b07c07d95d12b9b940cabfc02cb882a060cecb061e0,synthetic-shop.local,https://synthetic-shop.local/search/syn-0003,synthetic-v2-12to30
syn-0003__class_rename__02,syn-0003__class_rename__02,syn-0003,construction_instruments,plain_cards,class_rename,2,html/syn-0003__class_rename__02.html,html/syn-0003__class_rename__02.html,16,3d4cd6d55c27f808fc423ff489064eb0d43e09f46f44ef8d6a7ec6f1e6888a8b,synthetic-shop.local,https://synthetic-shop.local/search/syn-0003,synthetic-v2-12to30
syn-0003__class_rename__03,syn-0003__class_rename__03,syn-0003,construction_instruments,plain_cards,class_rename,3,html/syn-0003__class_rename__03.html,html/syn-0003__class_rename__03.html,16,2fe4b106efe299a9982c26574f736c81e6ae1f15fe8e3a4793b980e634413e4e,synthetic-shop.local,https://synthetic-shop.local/search/syn-0003,synthetic-v2-12to30
syn-0003__wrapper_insert__01,syn-0003__wrapper_insert__01,syn-0003,construction_instruments,plain_cards,wrapper_insert,1,html/syn-0003__wrapper_insert__01.html,html/syn-0003__wrapper_insert__01.html,16,90651b1721e7c10b5519cba220205463458d18969cb91bb89bf1bfb96fdde577,synthetic-shop.local,https://synthetic-shop.local/search/syn-0003,synthetic-v2-12to30
syn-0003__wrapper_insert__02,syn-0003__wrapper_insert__02,syn-0003,construction_instruments,plain_cards,wrapper_insert,2,html/syn-0003__wrapper_insert__02.html,html/syn-0003__wrapper_insert__02.html,16,ee466f79cb38d24807ea58a2896e5da11439f9baea8aa58bc568a3aab976a5f4,synthetic-shop.local,https://synthetic-shop.local/search/syn-0003,synthetic-v2-12to30
syn-0003__wrapper_insert__03,syn-0003__wrapper_insert__03,syn-0003,construction_instruments,plain_cards,wrapper_insert,3,html/syn-0003__wrapper_insert__03.html,html/syn-0003__wrapper_insert__03.html,16,9daa7b2341b791a7275b5a901fee3e384ba473e9e27f400c68500adc15586725,synthetic-shop.local,https://synthetic-shop.local/search/syn-0003,synthetic-v2-12to30
syn-0003__field_reorder__01,syn-0003__field_reorder__01,syn-0003,construction_instruments,plain_cards,field_reorder,1,html/syn-0003__field_reorder__01.html,html/syn-0003__field_reorder__01.html,16,e78d8fa1181307f1d705c916be68483953f55f9d8780f06bcd99da4595ea75c5,synthetic-shop.local,https://synthetic-shop.local/search/syn-0003,synthetic-v2-12to30
syn-0003__field_reorder__02,syn-0003__field_reorder__02,syn-0003,construction_instruments,plain_cards,field_reorder,2,html/syn-0003__field_reorder__02.html,html/syn-0003__field_reorder__02.html,16,3250939c7d72254f799a5921a6bebdae5b2f0c0bf0e46d1434f3ed2acd7a7298,synthetic-shop.local,https://synthetic-shop.local/search/syn-0003,synthetic-v2-12to30
syn-0003__subtree_relocate__01,syn-0003__subtree_relocate__01,syn-0003,construction_instruments,plain_cards,subtree_relocate,1,html/syn-0003__subtree_relocate__01.html,html/syn-0003__subtree_relocate__01.html,16,2c7dd0e86afefdc1f61402350b8c730310b9bf58c70b95c98c1a847b484ae474,synthetic-shop.local,https://synthetic-shop.local/search/syn-0003,synthetic-v2-12to30
syn-0003__subtree_relocate__02,syn-0003__subtree_relocate__02,syn-0003,construction_instruments,plain_cards,subtree_relocate,2,html/syn-0003__subtree_relocate__02.html,html/syn-0003__subtree_relocate__02.html,16,00247ea539bd387c2576ef39f5eee993988768e739e57e28c609e211adcbbab2,synthetic-shop.local,https://synthetic-shop.local/search/syn-0003,synthetic-v2-12to30
syn-0004__class_rename__01,syn-0004__class_rename__01,syn-0004,construction_instruments,embedded_state,class_rename,1,html/syn-0004__class_rename__01.html,html/syn-0004__class_rename__01.html,26,6e89039c7156a497afd98cee2188ad23ea9b812b9760077657751bfc31c1e6bc,synthetic-shop.local,https://synthetic-shop.local/search/syn-0004,synthetic-v2-12to30
syn-0004__class_rename__02,syn-0004__class_rename__02,syn-0004,construction_instruments,embedded_state,class_rename,2,html/syn-0004__class_rename__02.html,html/syn-0004__class_rename__02.html,26,4cf1a8f7e14373d9499805d2108fd1b04c2d0ff23678d64872ef0db095a27754,synthetic-shop.local,https://synthetic-shop.local/search/syn-0004,synthetic-v2-12to30
syn-0004__class_rename__03,syn-0004__class_rename__03,syn-0004,construction_instruments,embedded_state,class_rename,3,html/syn-0004__class_rename__03.html,html/syn-0004__class_rename__03.html,26,465a8feb526f6fb7b4fb046bdca237d6fd955e2c6b6282a2c4446238ddbcae54,synthetic-shop.local,https://synthetic-shop.local/search/syn-0004,synthetic-v2-12to30
syn-0004__wrapper_insert__01,syn-0004__wrapper_insert__01,syn-0004,construction_instruments,embedded_state,wrapper_insert,1,html/syn-0004__wrapper_insert__01.html,html/syn-0004__wrapper_insert__01.html,26,8137fe9b4b855d758c6a48ea3a51d678df245b5ae79d6d8a7a06f38ca86bc885,synthetic-shop.local,https://synthetic-shop.local/search/syn-0004,synthetic-v2-12to30
syn-0004__wrapper_insert__02,syn-0004__wrapper_insert__02,syn-0004,construction_instruments,embedded_state,wrapper_insert,2,html/syn-0004__wrapper_insert__02.html,html/syn-0004__wrapper_insert__02.html,26,9f2f24ec04f769e341be4e93439f2316f2504c56ddd567da647e4b9a40a5b5d8,synthetic-shop.local,https://synthetic-shop.local/search/syn-0004,synthetic-v2-12to30
syn-0004__wrapper_insert__03,syn-0004__wrapper_insert__03,syn-0004,construction_instruments,embedded_state,wrapper_insert,3,html/syn-0004__wrapper_insert__03.html,html/syn-0004__wrapper_insert__03.html,26,1d373888ace035aeaa9f6782e37e77b0d9e9713ed94b9e6508893191eb6c0a13,synthetic-shop.local,https://synthetic-shop.local/search/syn-0004,synthetic-v2-12to30
syn-0004__field_reorder__01,syn-0004__field_reorder__01,syn-0004,construction_instruments,embedded_state,field_reorder,1,html/syn-0004__field_reorder__01.html,html/syn-0004__field_reorder__01.html,26,9a477ebd1b50f24acf9309a68bd65234e0eb669f1e99a1629138482cae4d5f42,synthetic-shop.local,https://synthetic-shop.local/search/syn-0004,synthetic-v2-12to30
syn-0004__field_reorder__02,syn-0004__field_reorder__02,syn-0004,construction_instruments,embedded_state,field_reorder,2,html/syn-0004__field_reorder__02.html,html/syn-0004__field_reorder__02.html,26,48b1169273be54fff1d83e193a076c0b5d38dc131e3fef4ef53bad5c6ecd3318,synthetic-shop.local,https://synthetic-shop.local/search/syn-0004,synthetic-v2-12to30
syn-0004__subtree_relocate__01,syn-0004__subtree_relocate__01,syn-0004,construction_instruments,embedded_state,subtree_relocate,1,html/syn-0004__subtree_relocate__01.html,html/syn-0004__subtree_relocate__01.html,26,519ac684c5f508264377e617c7fd873a2badfd3bba29ff4515ee69571855f695,synthetic-shop.local,https://synthetic-shop.local/search/syn-0004,synthetic-v2-12to30
syn-0004__subtree_relocate__02,syn-0004__subtree_relocate__02,syn-0004,construction_instruments,embedded_state,subtree_relocate,2,html/syn-0004__subtree_relocate__02.html,html/syn-0004__subtree_relocate__02.html,26,59ce238d8198b064358fd0c38e48f4e7fa6ff924cb78c006a2cc89d26b879bb9,synthetic-shop.local,https://synthetic-shop.local/search/syn-0004,synthetic-v2-12to30
syn-0005__class_rename__01,syn-0005__class_rename__01,syn-0005,construction_instruments,detail_grid,class_rename,1,html/syn-0005__class_rename__01.html,html/syn-0005__class_rename__01.html,14,a6a125c7511a44e9fb6c1101192a250d29228d09ee641fc620c515bbb4c62573,synthetic-shop.local,https://synthetic-shop.local/search/syn-0005,synthetic-v2-12to30
syn-0005__class_rename__02,syn-0005__class_rename__02,syn-0005,construction_instruments,detail_grid,class_rename,2,html/syn-0005__class_rename__02.html,html/syn-0005__class_rename__02.html,14,90b6f25ec5dbdb40dced5efee41d5574ed483c0c83b11be7e93e0de427865bd3,synthetic-shop.local,https://synthetic-shop.local/search/syn-0005,synthetic-v2-12to30
syn-0005__class_rename__03,syn-0005__class_rename__03,syn-0005,construction_instruments,detail_grid,class_rename,3,html/syn-0005__class_rename__03.html,html/syn-0005__class_rename__03.html,14,46bc6341fdfe0947c27c0d29a7a26e7cf971ded28b67cd41102b477df303de24,synthetic-shop.local,https://synthetic-shop.local/search/syn-0005,synthetic-v2-12to30
syn-0005__wrapper_insert__01,syn-0005__wrapper_insert__01,syn-0005,construction_instruments,detail_grid,wrapper_insert,1,html/syn-0005__wrapper_insert__01.html,html/syn-0005__wrapper_insert__01.html,14,b8531a374be6ddd19ff78ee9f2fcbc56969c1b5aef5c179b0055952b6167f0d5,synthetic-shop.local,https://synthetic-shop.local/search/syn-0005,synthetic-v2-12to30
syn-0005__wrapper_insert__02,syn-0005__wrapper_insert__02,syn-0005,construction_instruments,detail_grid,wrapper_insert,2,html/syn-0005__wrapper_insert__02.html,html/syn-0005__wrapper_insert__02.html,14,a133baaab301a9ceed989b6adb5211d4ba32da767f4397bdb8b112a1fe8e116c,synthetic-shop.local,https://synthetic-shop.local/search/syn-0005,synthetic-v2-12to30
syn-0005__wrapper_insert__03,syn-0005__wrapper_insert__03,syn-0005,construction_instruments,detail_grid,wrapper_insert,3,html/syn-0005__wrapper_insert__03.html,html/syn-0005__wrapper_insert__03.html,14,d640992c21a0139c7c5215ded3ce856cde6d80615ef059d9a02ff75d17cbf81d,synthetic-shop.local,https://synthetic-shop.local/search/syn-0005,synthetic-v2-12to30
syn-0005__field_reorder__01,syn-0005__field_reorder__01,syn-0005,construction_instruments,detail_grid,field_reorder,1,html/syn-0005__field_reorder__01.html,html/syn-0005__field_reorder__01.html,14,3dcdbe14ae0ba34f5097da05784f9d58f03964d8fcbdabc9665fd4da07414d76,synthetic-shop.local,https://synthetic-shop.local/search/syn-0005,synthetic-v2-12to30
syn-0005__field_reorder__02,syn-0005__field_reorder__02,syn-0005,construction_instruments,detail_grid,field_reorder,2,html/syn-0005__field_reorder__02.html,html/syn-0005__field_reorder__02.html,14,b92f58df6fa48ce94c63d279e9c277febb26d2c12d60f7cbb7639b4480f7f082,synthetic-shop.local,https://synthetic-shop.local/search/syn-0005,synthetic-v2-12to30
syn-0005__subtree_relocate__01,syn-0005__subtree_relocate__01,syn-0005,construction_instruments,detail_grid,subtree_relocate,1,html/syn-0005__subtree_relocate__01.html,html/syn-0005__subtree_relocate__01.html,14,4e431c15ac2dc39f81f45a5998cd8319eec69245bf53b39658a8877c0e82cd95,synthetic-shop.local,https://synthetic-shop.local/search/syn-0005,synthetic-v2-12to30
syn-0005__subtree_relocate__02,syn-0005__subtree_relocate__02,syn-0005,construction_instruments,detail_grid,subtree_relocate,2,html/syn-0005__subtree_relocate__02.html,html/syn-0005__subtree_relocate__02.html,14,c78b66a199c43847a4c3e9a7c4b376d53ce092389554575e2cd99e7465c92f3b,synthetic-shop.local,https://synthetic-shop.local/search/syn-0005,synthetic-v2-12to30
syn-0006__class_rename__01,syn-0006__class_rename__01,syn-0006,construction_instruments,table_listing,class_rename,1,html/syn-0006__class_rename__01.html,html/syn-0006__class_rename__01.html,28,6c379cb5f6d9fdd9924d33147779a1c594a99a3d9ec8bb5388a2569f6cdb1d22,synthetic-shop.local,https://synthetic-shop.local/search/syn-0006,synthetic-v2-12to30
syn-0006__class_rename__02,syn-0006__class_rename__02,syn-0006,construction_instruments,table_listing,class_rename,2,html/syn-0006__class_rename__02.html,html/syn-0006__class_rename__02.html,28,a7b713bbf5e66e1981e46d924ca40d7e0557d3e1ac86eb70773e95965424a7ad,synthetic-shop.local,https://synthetic-shop.local/search/syn-0006,synthetic-v2-12to30
syn-0006__class_rename__03,syn-0006__class_rename__03,syn-0006,construction_instruments,table_listing,class_rename,3,html/syn-0006__class_rename__03.html,html/syn-0006__class_rename__03.html,28,666def829196711fe266e0da351c3b8da1a236ea5162ec68128291ad15f7cda4,synthetic-shop.local,https://synthetic-shop.local/search/syn-0006,synthetic-v2-12to30
syn-0006__wrapper_insert__01,syn-0006__wrapper_insert__01,syn-0006,construction_instruments,table_listing,wrapper_insert,1,html/syn-0006__wrapper_insert__01.html,html/syn-0006__wrapper_insert__01.html,28,f5da07d1de2de3e02213d0dce1b69133e51d7b26f5e1d4f94506d4aedb9b361e,synthetic-shop.local,https://synthetic-shop.local/search/syn-0006,synthetic-v2-12to30
syn-0006__wrapper_insert__02,syn-0006__wrapper_insert__02,syn-0006,construction_instruments,table_listing,wrapper_insert,2,html/syn-0006__wrapper_insert__02.html,html/syn-0006__wrapper_insert__02.html,28,f5ceb27c4ccc8d489b80ae9a7edf2ace970fccdd32ee7de1855e0e3d64cb8404,synthetic-shop.local,https://synthetic-shop.local/search/syn-0006,synthetic-v2-12to30
syn-0006__wrapper_insert__03,syn-0006__wrapper_insert__03,syn-0006,construction_instruments,table_listing,wrapper_insert,3,html/syn-0006__wrapper_insert__03.html,html/syn-0006__wrapper_insert__03.html,28,74832e8c81383139f99bc6340bf8524af15d8864d2e0ca8d771434800d7e1901,synthetic-shop.local,https://synthetic-shop.local/search/syn-0006,synthetic-v2-12to30
syn-0006__field_reorder__01,syn-0006__field_reorder__01,syn-0006,construction_instruments,table_listing,field_reorder,1,html/syn-0006__field_reorder__01.html,html/syn-0006__field_reorder__01.html,28,7fca304ea40c22b1e3033f8cdb0164aa374028528c02186cdc7172ccd1fffb68,synthetic-shop.local,https://synthetic-shop.local/search/syn-0006,synthetic-v2-12to30
syn-0006__field_reorder__02,syn-0006__field_reorder__02,syn-0006,construction_instruments,table_listing,field_reorder,2,html/syn-0006__field_reorder__02.html,html/syn-0006__field_reorder__02.html,28,772bce8f0b4557207371cf037e8493c99afc806a7697c97aa54c66c6e425b731,synthetic-shop.local,https://synthetic-shop.local/search/syn-0006,synthetic-v2-12to30
syn-0006__subtree_relocate__01,syn-0006__subtree_relocate__01,syn-0006,construction_instruments,table_listing,subtree_relocate,1,html/syn-0006__subtree_relocate__01.html,html/syn-0006__subtree_relocate__01.html,28,06709cce80449804902a171f1f0f207667d077c2519a413fa07b3d71bfb7c895,synthetic-shop.local,https://synthetic-shop.local/search/syn-0006,synthetic-v2-12to30
syn-0006__subtree_relocate__02,syn-0006__subtree_relocate__02,syn-0006,construction_instruments,table_listing,subtree_relocate,2,html/syn-0006__subtree_relocate__02.html,html/syn-0006__subtree_relocate__02.html,28,96e3d1ca26a75de00dc7b9d7cb9d21286019637fdb84cf452ea4c4822213a5ad,synthetic-shop.local,https://synthetic-shop.local/search/syn-0006,synthetic-v2-12to30
syn-0007__class_rename__01,syn-0007__class_rename__01,syn-0007,construction_instruments,semantic_articles,class_rename,1,html/syn-0007__class_rename__01.html,html/syn-0007__class_rename__01.html,18,3163390b280ff8e846078394c31e0ac8c79a8865056a569f96205dd350b68b6f,synthetic-shop.local,https://synthetic-shop.local/search/syn-0007,synthetic-v2-12to30
syn-0007__class_rename__02,syn-0007__class_rename__02,syn-0007,construction_instruments,semantic_articles,class_rename,2,html/syn-0007__class_rename__02.html,html/syn-0007__class_rename__02.html,18,5652af0f615f2ff68cef2b4fb51f4add7289e37b84e2c6e7af0f7cee228f1059,synthetic-shop.local,https://synthetic-shop.local/search/syn-0007,synthetic-v2-12to30
syn-0007__class_rename__03,syn-0007__class_rename__03,syn-0007,construction_instruments,semantic_articles,class_rename,3,html/syn-0007__class_rename__03.html,html/syn-0007__class_rename__03.html,18,84ab0ad7fe5295244e0dcf66c319cbae8c5af6628a42bfd126e51a8b8cbf87aa,synthetic-shop.local,https://synthetic-shop.local/search/syn-0007,synthetic-v2-12to30
syn-0007__wrapper_insert__01,syn-0007__wrapper_insert__01,syn-0007,construction_instruments,semantic_articles,wrapper_insert,1,html/syn-0007__wrapper_insert__01.html,html/syn-0007__wrapper_insert__01.html,18,6d1cc7de4d96bc1c6356994008b502500906699a78066347198817550a0abc08,synthetic-shop.local,https://synthetic-shop.local/search/syn-0007,synthetic-v2-12to30
syn-0007__wrapper_insert__02,syn-0007__wrapper_insert__02,syn-0007,construction_instruments,semantic_articles,wrapper_insert,2,html/syn-0007__wrapper_insert__02.html,html/syn-0007__wrapper_insert__02.html,18,6bb74711984192fb9086b3a53b77ad25410384cf2bed2cb215b19e096db36b29,synthetic-shop.local,https://synthetic-shop.local/search/syn-0007,synthetic-v2-12to30
syn-0007__wrapper_insert__03,syn-0007__wrapper_insert__03,syn-0007,construction_instruments,semantic_articles,wrapper_insert,3,html/syn-0007__wrapper_insert__03.html,html/syn-0007__wrapper_insert__03.html,18,5cb7a9c1efddbf512376c4236aa97f6e8bcfedccf5e18184699c18f47f70caba,synthetic-shop.local,https://synthetic-shop.local/search/syn-0007,synthetic-v2-12to30
syn-0007__field_reorder__01,syn-0007__field_reorder__01,syn-0007,construction_instruments,semantic_articles,field_reorder,1,html/syn-0007__field_reorder__01.html,html/syn-0007__field_reorder__01.html,18,803611bee1cdd84121d3a2b2c1e0c549cac6228d6cd1b24a8b93f759535aa993,synthetic-shop.local,https://synthetic-shop.local/search/syn-0007,synthetic-v2-12to30
syn-0007__field_reorder__02,syn-0007__field_reorder__02,syn-0007,construction_instruments,semantic_articles,field_reorder,2,html/syn-0007__field_reorder__02.html,html/syn-0007__field_reorder__02.html,18,573a19fd55438e288c21740303222b73e49a0a8e6ee1e7410e4cb26f58ba223b,synthetic-shop.local,https://synthetic-shop.local/search/syn-0007,synthetic-v2-12to30
syn-0007__subtree_relocate__01,syn-0007__subtree_relocate__01,syn-0007,construction_instruments,semantic_articles,subtree_relocate,1,html/syn-0007__subtree_relocate__01.html,html/syn-0007__subtree_relocate__01.html,18,ca2205263bd0654a51c188b8a4c24b736d0958594039bf585cfe4cf39647090c,synthetic-shop.local,https://synthetic-shop.local/search/syn-0007,synthetic-v2-12to30
syn-0007__subtree_relocate__02,syn-0007__subtree_relocate__02,syn-0007,construction_instruments,semantic_articles,subtree_relocate,2,html/syn-0007__subtree_relocate__02.html,html/syn-0007__subtree_relocate__02.html,18,e7d24c238554f12c82b85e4120d83d2fe82c7b884bb227922829e44faa323b4e,synthetic-shop.local,https://synthetic-shop.local/search/syn-0007,synthetic-v2-12to30
syn-0008__class_rename__01,syn-0008__class_rename__01,syn-0008,construction_instruments,data_attrs,class_rename,1,html/syn-0008__class_rename__01.html,html/syn-0008__class_rename__01.html,24,0a08b4c9289100dba8417dbc488933de1a2800c7ff14af9f415ffc7b5aecf2ef,synthetic-shop.local,https://synthetic-shop.local/search/syn-0008,synthetic-v2-12to30
syn-0008__class_rename__02,syn-0008__class_rename__02,syn-0008,construction_instruments,data_attrs,class_rename,2,html/syn-0008__class_rename__02.html,html/syn-0008__class_rename__02.html,24,f393d98f3c1c1560c2eb2721ae6792a9899ab0da2fb85445944a561a0a17ae1e,synthetic-shop.local,https://synthetic-shop.local/search/syn-0008,synthetic-v2-12to30
syn-0008__class_rename__03,syn-0008__class_rename__03,syn-0008,construction_instruments,data_attrs,class_rename,3,html/syn-0008__class_rename__03.html,html/syn-0008__class_rename__03.html,24,fd269df1459ddc92c0e182c7c85255f2b1f025ffbc151cd8c53c2e0685421788,synthetic-shop.local,https://synthetic-shop.local/search/syn-0008,synthetic-v2-12to30
syn-0008__wrapper_insert__01,syn-0008__wrapper_insert__01,syn-0008,construction_instruments,data_attrs,wrapper_insert,1,html/syn-0008__wrapper_insert__01.html,html/syn-0008__wrapper_insert__01.html,24,07f4ee2809548edda1232e8afb4f57826f27cfd0b83701c40ce39ccb43cf3e24,synthetic-shop.local,https://synthetic-shop.local/search/syn-0008,synthetic-v2-12to30
syn-0008__wrapper_insert__02,syn-0008__wrapper_insert__02,syn-0008,construction_instruments,data_attrs,wrapper_insert,2,html/syn-0008__wrapper_insert__02.html,html/syn-0008__wrapper_insert__02.html,24,de0a92ec03ea0072131929e646898f0c7dc5d39d69ed076961a433c202b60a44,synthetic-shop.local,https://synthetic-shop.local/search/syn-0008,synthetic-v2-12to30
syn-0008__wrapper_insert__03,syn-0008__wrapper_insert__03,syn-0008,construction_instruments,data_attrs,wrapper_insert,3,html/syn-0008__wrapper_insert__03.html,html/syn-0008__wrapper_insert__03.html,24,c681055bd4a5c97e904403bc3e4c9adb2c697c49a3cf607c8c29ec005c6eebd6,synthetic-shop.local,https://synthetic-shop.local/search/syn-0008,synthetic-v2-12to30
syn-0008__field_reorder__01,syn-0008__field_reorder__01,syn-0008,construction_instruments,data_attrs,field_reorder,1,html/syn-0008__field_reorder__01.html,html/syn-0008__field_reorder__01.html,24,b9ae6f4a4f6808fd509fea6dcfe2c05a755ca57bdd97d153259d16e1b10e3052,synthetic-shop.local,https://synthetic-shop.local/search/syn-0008,synthetic-v2-12to30
syn-0008__field_reorder__02,syn-0008__field_reorder__02,syn-0008,construction_instruments,data_attrs,field_reorder,2,html/syn-0008__field_reorder__02.html,html/syn-0008__field_reorder__02.html,24,49f63a7f321d9afd510288e1b1d38d169a571c84540dbcd4296c8715c60ba904,synthetic-shop.local,https://synthetic-shop.local/search/syn-0008,synthetic-v2-12to30
syn-0008__subtree_relocate__01,syn-0008__subtree_relocate__01,syn-0008,construction_instruments,data_attrs,subtree_relocate,1,html/syn-0008__subtree_relocate__01.html,html/syn-0008__subtree_relocate__01.html,24,e2f1d630e0cd21b299a91b7a9c6e76441717933da0865577f51eba3f76bfcdfc,synthetic-shop.local,https://synthetic-shop.local/search/syn-0008,synthetic-v2-12to30
syn-0008__subtree_relocate__02,syn-0008__subtree_relocate__02,syn-0008,construction_instruments,data_attrs,subtree_relocate,2,html/syn-0008__subtree_relocate__02.html,html/syn-0008__subtree_relocate__02.html,24,b9e434f394c05193ce6b4c32b96d35b84b163e7033bbf19f20c6c8105109313b,synthetic-shop.local,https://synthetic-shop.local/search/syn-0008,synthetic-v2-12to30
syn-0009__class_rename__01,syn-0009__class_rename__01,syn-0009,construction_instruments,nested_cards,class_rename,1,html/syn-0009__class_rename__01.html,html/syn-0009__class_rename__01.html,20,262f11ef229434ee6f7b29c1cf9b8f01dd73ec58020c65510ef7611cdbfd5e7f,synthetic-shop.local,https://synthetic-shop.local/search/syn-0009,synthetic-v2-12to30
syn-0009__class_rename__02,syn-0009__class_rename__02,syn-0009,construction_instruments,nested_cards,class_rename,2,html/syn-0009__class_rename__02.html,html/syn-0009__class_rename__02.html,20,350d33b1688dff11506e5f9bbf2144084cbe82a0d516c7d3aefc51e6d88fe194,synthetic-shop.local,https://synthetic-shop.local/search/syn-0009,synthetic-v2-12to30
syn-0009__class_rename__03,syn-0009__class_rename__03,syn-0009,construction_instruments,nested_cards,class_rename,3,html/syn-0009__class_rename__03.html,html/syn-0009__class_rename__03.html,20,53d157038ccc516be1b42b293d8b51d33dffe0d849e14838d3f74197b5b20e96,synthetic-shop.local,https://synthetic-shop.local/search/syn-0009,synthetic-v2-12to30
syn-0009__wrapper_insert__01,syn-0009__wrapper_insert__01,syn-0009,construction_instruments,nested_cards,wrapper_insert,1,html/syn-0009__wrapper_insert__01.html,html/syn-0009__wrapper_insert__01.html,20,169cb3e94730939255424bec91c41ec897642525e126a91b0d39a04c8ac3712d,synthetic-shop.local,https://synthetic-shop.local/search/syn-0009,synthetic-v2-12to30
syn-0009__wrapper_insert__02,syn-0009__wrapper_insert__02,syn-0009,construction_instruments,nested_cards,wrapper_insert,2,html/syn-0009__wrapper_insert__02.html,html/syn-0009__wrapper_insert__02.html,20,d846555c249aad98701657d82ffc952dd2f78f0a19e6ec7ecfeac5c326ce1765,synthetic-shop.local,https://synthetic-shop.local/search/syn-0009,synthetic-v2-12to30
syn-0009__wrapper_insert__03,syn-0009__wrapper_insert__03,syn-0009,construction_instruments,nested_cards,wrapper_insert,3,html/syn-0009__wrapper_insert__03.html,html/syn-0009__wrapper_insert__03.html,20,2f8b78de8d153ed3ca30085dc7b4f018a86f249ef9fdcf007498e6e8ae465abd,synthetic-shop.local,https://synthetic-shop.local/search/syn-0009,synthetic-v2-12to30
syn-0009__field_reorder__01,syn-0009__field_reorder__01,syn-0009,construction_instruments,nested_cards,field_reorder,1,html/syn-0009__field_reorder__01.html,html/syn-0009__field_reorder__01.html,20,6f9b2c0ad2b16787408ec359e1195adec7683c3bc294e19082ba9f0c5f168893,synthetic-shop.local,https://synthetic-shop.local/search/syn-0009,synthetic-v2-12to30
syn-0009__field_reorder__02,syn-0009__field_reorder__02,syn-0009,construction_instruments,nested_cards,field_reorder,2,html/syn-0009__field_reorder__02.html,html/syn-0009__field_reorder__02.html,20,6d774ed451a99abaaecf49c5071a1440aee46bbfc671bb1568c0aac9329986a3,synthetic-shop.local,https://synthetic-shop.local/search/syn-0009,synthetic-v2-12to30
syn-0009__subtree_relocate__01,syn-0009__subtree_relocate__01,syn-0009,construction_instruments,nested_cards,subtree_relocate,1,html/syn-0009__subtree_relocate__01.html,html/syn-0009__subtree_relocate__01.html,20,e08b02a4863eb09296d8949ab74b83288bd3ac2d74d429e48877599a638dbb38,synthetic-shop.local,https://synthetic-shop.local/search/syn-0009,synthetic-v2-12to30
syn-0009__subtree_relocate__02,syn-0009__subtree_relocate__02,syn-0009,construction_instruments,nested_cards,subtree_relocate,2,html/syn-0009__subtree_relocate__02.html,html/syn-0009__subtree_relocate__02.html,20,d277b46e7a3364100a26216e5cf0cec391d562f25ad889720121b01c063ad9c8,synthetic-shop.local,https://synthetic-shop.local/search/syn-0009,synthetic-v2-12to30
syn-0010__class_rename__01,syn-0010__class_rename__01,syn-0010,construction_instruments,mixed_markup,class_rename,1,html/syn-0010__class_rename__01.html,html/syn-0010__class_rename__01.html,22,dacffa786ac975df7fc5a84d95c67e3f79fa172893964bc1c8b1d1ec8148b3f5,synthetic-shop.local,https://synthetic-shop.local/search/syn-0010,synthetic-v2-12to30
syn-0010__class_rename__02,syn-0010__class_rename__02,syn-0010,construction_instruments,mixed_markup,class_rename,2,html/syn-0010__class_rename__02.html,html/syn-0010__class_rename__02.html,22,18296d00255d45e8fd766563fe7283ecbf4b78d8b7c1b3f01969513fdbf64cf8,synthetic-shop.local,https://synthetic-shop.local/search/syn-0010,synthetic-v2-12to30
syn-0010__class_rename__03,syn-0010__class_rename__03,syn-0010,construction_instruments,mixed_markup,class_rename,3,html/syn-0010__class_rename__03.html,html/syn-0010__class_rename__03.html,22,be9fd194276cc51a0f922015ef5997bb93b849ceedcee4f5eb27f6397a5fdda0,synthetic-shop.local,https://synthetic-shop.local/search/syn-0010,synthetic-v2-12to30
syn-0010__wrapper_insert__01,syn-0010__wrapper_insert__01,syn-0010,construction_instruments,mixed_markup,wrapper_insert,1,html/syn-0010__wrapper_insert__01.html,html/syn-0010__wrapper_insert__01.html,22,7534598156ecc62fd0179d6f5704be8fe65a9fe3b2a89298adc133b05b891e80,synthetic-shop.local,https://synthetic-shop.local/search/syn-0010,synthetic-v2-12to30
syn-0010__wrapper_insert__02,syn-0010__wrapper_insert__02,syn-0010,construction_instruments,mixed_markup,wrapper_insert,2,html/syn-0010__wrapper_insert__02.html,html/syn-0010__wrapper_insert__02.html,22,8e409cf52a54b4c4410223a7311d7a9d2b1a829ed6c5fb3a9b7900851185ba12,synthetic-shop.local,https://synthetic-shop.local/search/syn-0010,synthetic-v2-12to30
syn-0010__wrapper_insert__03,syn-0010__wrapper_insert__03,syn-0010,construction_instruments,mixed_markup,wrapper_insert,3,html/syn-0010__wrapper_insert__03.html,html/syn-0010__wrapper_insert__03.html,22,f2c1de514ddbc3f6aa6dd84eff476084e954ffaa6d551c85bb5e79f14e360a20,synthetic-shop.local,https://synthetic-shop.local/search/syn-0010,synthetic-v2-12to30
syn-0010__field_reorder__01,syn-0010__field_reorder__01,syn-0010,construction_instruments,mixed_markup,field_reorder,1,html/syn-0010__field_reorder__01.html,html/syn-0010__field_reorder__01.html,22,f637348f3f32974987f66d644ceac2ab191d063d2a169a2d8cb2280736c24f5d,synthetic-shop.local,https://synthetic-shop.local/search/syn-0010,synthetic-v2-12to30
syn-0010__field_reorder__02,syn-0010__field_reorder__02,syn-0010,construction_instruments,mixed_markup,field_reorder,2,html/syn-0010__field_reorder__02.html,html/syn-0010__field_reorder__02.html,22,5a6224b99cfc54b8a26fc9316db86bf9dc433065fc9dee3b4ccdc8aae30e25e8,synthetic-shop.local,https://synthetic-shop.local/search/syn-0010,synthetic-v2-12to30
syn-0010__subtree_relocate__01,syn-0010__subtree_relocate__01,syn-0010,construction_instruments,mixed_markup,subtree_relocate,1,html/syn-0010__subtree_relocate__01.html,html/syn-0010__subtree_relocate__01.html,22,b0a5deb930ea9690ffb4c4c5b567dda207ffbfac0a6d1bb3c36553900bc7255a,synthetic-shop.local,https://synthetic-shop.local/search/syn-0010,synthetic-v2-12to30
syn-0010__subtree_relocate__02,syn-0010__subtree_relocate__02,syn-0010,construction_instruments,mixed_markup,subtree_relocate,2,html/syn-0010__subtree_relocate__02.html,html/syn-0010__subtree_relocate__02.html,22,f2ddda58a926b902aef0b64acc87384f6f1473a01c392d3c96822cb8d79abfa9,synthetic-shop.local,https://synthetic-shop.local/search/syn-0010,synthetic-v2-12to30
syn-0011__class_rename__01,syn-0011__class_rename__01,syn-0011,stationery,jsonld_cards,class_rename,1,html/syn-0011__class_rename__01.html,html/syn-0011__class_rename__01.html,30,b064e2ec72df517854931d33775af7f4816453d8adc7afc33f53c25b90cf4c9e,synthetic-shop.local,https://synthetic-shop.local/search/syn-0011,synthetic-v2-12to30
syn-0011__class_rename__02,syn-0011__class_rename__02,syn-0011,stationery,jsonld_cards,class_rename,2,html/syn-0011__class_rename__02.html,html/syn-0011__class_rename__02.html,30,60381767259f00052ee057cfa0b2ed896cd47b13e87fedd3803b194da854cea1,synthetic-shop.local,https://synthetic-shop.local/search/syn-0011,synthetic-v2-12to30
syn-0011__class_rename__03,syn-0011__class_rename__03,syn-0011,stationery,jsonld_cards,class_rename,3,html/syn-0011__class_rename__03.html,html/syn-0011__class_rename__03.html,30,489b7826378c4d73dc567689c6c8a42a17b59cba615cef31b54439ce235891a7,synthetic-shop.local,https://synthetic-shop.local/search/syn-0011,synthetic-v2-12to30
syn-0011__wrapper_insert__01,syn-0011__wrapper_insert__01,syn-0011,stationery,jsonld_cards,wrapper_insert,1,html/syn-0011__wrapper_insert__01.html,html/syn-0011__wrapper_insert__01.html,30,2e371012fe4b3a3aa503acd5e233245202e0f14defb8c31a251c56ba3c687352,synthetic-shop.local,https://synthetic-shop.local/search/syn-0011,synthetic-v2-12to30
syn-0011__wrapper_insert__02,syn-0011__wrapper_insert__02,syn-0011,stationery,jsonld_cards,wrapper_insert,2,html/syn-0011__wrapper_insert__02.html,html/syn-0011__wrapper_insert__02.html,30,47186f80de9539434bae440ccb780093093f4b933fbddec3d86e08a9117badab,synthetic-shop.local,https://synthetic-shop.local/search/syn-0011,synthetic-v2-12to30
syn-0011__wrapper_insert__03,syn-0011__wrapper_insert__03,syn-0011,stationery,jsonld_cards,wrapper_insert,3,html/syn-0011__wrapper_insert__03.html,html/syn-0011__wrapper_insert__03.html,30,4cc6c2c2e2a6facf5329e92c41c94104422817cdb0054a03625b1da576c1b06d,synthetic-shop.local,https://synthetic-shop.local/search/syn-0011,synthetic-v2-12to30
syn-0011__field_reorder__01,syn-0011__field_reorder__01,syn-0011,stationery,jsonld_cards,field_reorder,1,html/syn-0011__field_reorder__01.html,html/syn-0011__field_reorder__01.html,30,ede863eb3f3d36fce43ce97adcc7a43d3ebf6178e736ccd57b761694041ff4f6,synthetic-shop.local,https://synthetic-shop.local/search/syn-0011,synthetic-v2-12to30
syn-0011__field_reorder__02,syn-0011__field_reorder__02,syn-0011,stationery,jsonld_cards,field_reorder,2,html/syn-0011__field_reorder__02.html,html/syn-0011__field_reorder__02.html,30,fd3f4225873a1d9160e6834e6d9ee87f726e4399328f655d6481aa8d1c0ac605,synthetic-shop.local,https://synthetic-shop.local/search/syn-0011,synthetic-v2-12to30
syn-0011__subtree_relocate__01,syn-0011__subtree_relocate__01,syn-0011,stationery,jsonld_cards,subtree_relocate,1,html/syn-0011__subtree_relocate__01.html,html/syn-0011__subtree_relocate__01.html,30,f3b660b0ff9df331da45e50a18a4fda9ba82f27bc3b223c3748c5c82ea65c5da,synthetic-shop.local,https://synthetic-shop.local/search/syn-0011,synthetic-v2-12to30
syn-0011__subtree_relocate__02,syn-0011__subtree_relocate__02,syn-0011,stationery,jsonld_cards,subtree_relocate,2,html/syn-0011__subtree_relocate__02.html,html/syn-0011__subtree_relocate__02.html,30,d12bf5311b2e07358f77a930b6420601640eee3927c4674eb5964d0dfde9205d,synthetic-shop.local,https://synthetic-shop.local/search/syn-0011,synthetic-v2-12to30
syn-0012__class_rename__01,syn-0012__class_rename__01,syn-0012,stationery,microdata_cards,class_rename,1,html/syn-0012__class_rename__01.html,html/syn-0012__class_rename__01.html,12,902f25a271810dfc382b1145914cd5b36f8336ddfa2f5dec7dcaea5397801068,synthetic-shop.local,https://synthetic-shop.local/search/syn-0012,synthetic-v2-12to30
syn-0012__class_rename__02,syn-0012__class_rename__02,syn-0012,stationery,microdata_cards,class_rename,2,html/syn-0012__class_rename__02.html,html/syn-0012__class_rename__02.html,12,83aef58b8f5b9382109b2e80e1d1d4c6dc6e3c0ff57fc7ae639592f10d33e350,synthetic-shop.local,https://synthetic-shop.local/search/syn-0012,synthetic-v2-12to30
syn-0012__class_rename__03,syn-0012__class_rename__03,syn-0012,stationery,microdata_cards,class_rename,3,html/syn-0012__class_rename__03.html,html/syn-0012__class_rename__03.html,12,b38652f47376f14d8e84c9a1fb0a56f4962fdaec9a9af47810060147143021dd,synthetic-shop.local,https://synthetic-shop.local/search/syn-0012,synthetic-v2-12to30
syn-0012__wrapper_insert__01,syn-0012__wrapper_insert__01,syn-0012,stationery,microdata_cards,wrapper_insert,1,html/syn-0012__wrapper_insert__01.html,html/syn-0012__wrapper_insert__01.html,12,b525539b8dd0c64b132133728df122819af194356f71eb2b147ffa92621fe1be,synthetic-shop.local,https://synthetic-shop.local/search/syn-0012,synthetic-v2-12to30
syn-0012__wrapper_insert__02,syn-0012__wrapper_insert__02,syn-0012,stationery,microdata_cards,wrapper_insert,2,html/syn-0012__wrapper_insert__02.html,html/syn-0012__wrapper_insert__02.html,12,8fb5a8cc383752b8760e664efedf66ce833a67b2aac49b198bf70b4b2c27ae77,synthetic-shop.local,https://synthetic-shop.local/search/syn-0012,synthetic-v2-12to30
syn-0012__wrapper_insert__03,syn-0012__wrapper_insert__03,syn-0012,stationery,microdata_cards,wrapper_insert,3,html/syn-0012__wrapper_insert__03.html,html/syn-0012__wrapper_insert__03.html,12,bd5562a8154fc8a6bd13e25bd3d3be389a2ae93b79d474018ca5cf2d8f253850,synthetic-shop.local,https://synthetic-shop.local/search/syn-0012,synthetic-v2-12to30
syn-0012__field_reorder__01,syn-0012__field_reorder__01,syn-0012,stationery,microdata_cards,field_reorder,1,html/syn-0012__field_reorder__01.html,html/syn-0012__field_reorder__01.html,12,806e13a85fcee7677974fc0c688822f380068a1300c78fb374c6ab379d6be2fe,synthetic-shop.local,https://synthetic-shop.local/search/syn-0012,synthetic-v2-12to30
syn-0012__field_reorder__02,syn-0012__field_reorder__02,syn-0012,stationery,microdata_cards,field_reorder,2,html/syn-0012__field_reorder__02.html,html/syn-0012__field_reorder__02.html,12,c62b7d380e37b1de46ed7efa9b3fcfa72ad960c6130f07d6008cf98e80f70fb3,synthetic-shop.local,https://synthetic-shop.local/search/syn-0012,synthetic-v2-12to30
syn-0012__subtree_relocate__01,syn-0012__subtree_relocate__01,syn-0012,stationery,microdata_cards,subtree_relocate,1,html/syn-0012__subtree_relocate__01.html,html/syn-0012__subtree_relocate__01.html,12,340038ca1d2f594879169b30c24be98dd15c969f359ec061db72e58d628badc2,synthetic-shop.local,https://synthetic-shop.local/search/syn-0012,synthetic-v2-12to30
syn-0012__subtree_relocate__02,syn-0012__subtree_relocate__02,syn-0012,stationery,microdata_cards,subtree_relocate,2,html/syn-0012__subtree_relocate__02.html,html/syn-0012__subtree_relocate__02.html,12,efec20a3048eaf4f38abe940f35199152f62427fb0c2fcc9bae9177edc54fd15,synthetic-shop.local,https://synthetic-shop.local/search/syn-0012,synthetic-v2-12to30
syn-0013__class_rename__01,syn-0013__class_rename__01,syn-0013,stationery,plain_cards,class_rename,1,html/syn-0013__class_rename__01.html,html/syn-0013__class_rename__01.html,26,639cde8cd532827ceb4f97c5acf0d97d65a875549f037e9163f0f1da97887841,synthetic-shop.local,https://synthetic-shop.local/search/syn-0013,synthetic-v2-12to30
syn-0013__class_rename__02,syn-0013__class_rename__02,syn-0013,stationery,plain_cards,class_rename,2,html/syn-0013__class_rename__02.html,html/syn-0013__class_rename__02.html,26,c26d602106edac44b0c33b527d0b9e9762baf2d0d887adcd88e5be817c537445,synthetic-shop.local,https://synthetic-shop.local/search/syn-0013,synthetic-v2-12to30
syn-0013__class_rename__03,syn-0013__class_rename__03,syn-0013,stationery,plain_cards,class_rename,3,html/syn-0013__class_rename__03.html,html/syn-0013__class_rename__03.html,26,9d2c0c6730ec0d48a6ab8ee145031c5ad79c662552dca04c4e4cdefbd988b5b8,synthetic-shop.local,https://synthetic-shop.local/search/syn-0013,synthetic-v2-12to30
syn-0013__wrapper_insert__01,syn-0013__wrapper_insert__01,syn-0013,stationery,plain_cards,wrapper_insert,1,html/syn-0013__wrapper_insert__01.html,html/syn-0013__wrapper_insert__01.html,26,2c86afe59a36c71fa7c8b5b1f38e70a33729f5b3be72a4bb02f044621ed38fc8,synthetic-shop.local,https://synthetic-shop.local/search/syn-0013,synthetic-v2-12to30
syn-0013__wrapper_insert__02,syn-0013__wrapper_insert__02,syn-0013,stationery,plain_cards,wrapper_insert,2,html/syn-0013__wrapper_insert__02.html,html/syn-0013__wrapper_insert__02.html,26,1119f9b7aba75b878530be0d1416c166ead8b7918f9840760447c0108bee4be6,synthetic-shop.local,https://synthetic-shop.local/search/syn-0013,synthetic-v2-12to30
syn-0013__wrapper_insert__03,syn-0013__wrapper_insert__03,syn-0013,stationery,plain_cards,wrapper_insert,3,html/syn-0013__wrapper_insert__03.html,html/syn-0013__wrapper_insert__03.html,26,360f3a198d3e24c36ab61e1315eca8171e1a93634c31083a0c088cbb720dc5dc,synthetic-shop.local,https://synthetic-shop.local/search/syn-0013,synthetic-v2-12to30
syn-0013__field_reorder__01,syn-0013__field_reorder__01,syn-0013,stationery,plain_cards,field_reorder,1,html/syn-0013__field_reorder__01.html,html/syn-0013__field_reorder__01.html,26,a4fc785f6b2b0b3ebd8fe3532e797493cf2fabc289ded91b4948601b4dcf16e0,synthetic-shop.local,https://synthetic-shop.local/search/syn-0013,synthetic-v2-12to30
syn-0013__field_reorder__02,syn-0013__field_reorder__02,syn-0013,stationery,plain_cards,field_reorder,2,html/syn-0013__field_reorder__02.html,html/syn-0013__field_reorder__02.html,26,7dd1e62b6d463b4e2e3ed912957993dee3698723427e4fb03fdd59eb12b77a76,synthetic-shop.local,https://synthetic-shop.local/search/syn-0013,synthetic-v2-12to30
syn-0013__subtree_relocate__01,syn-0013__subtree_relocate__01,syn-0013,stationery,plain_cards,subtree_relocate,1,html/syn-0013__subtree_relocate__01.html,html/syn-0013__subtree_relocate__01.html,26,5153b66f5a5acab9387dd30fdb8b876a7c27a4e34dd18ce7c5b9cfb6d8acc10f,synthetic-shop.local,https://synthetic-shop.local/search/syn-0013,synthetic-v2-12to30
syn-0013__subtree_relocate__02,syn-0013__subtree_relocate__02,syn-0013,stationery,plain_cards,subtree_relocate,2,html/syn-0013__subtree_relocate__02.html,html/syn-0013__subtree_relocate__02.html,26,9af97bd64acf409d013c668e23c655312a4c559a77422dde5e74fdef1263b540,synthetic-shop.local,https://synthetic-shop.local/search/syn-0013,synthetic-v2-12to30
syn-0014__class_rename__01,syn-0014__class_rename__01,syn-0014,stationery,embedded_state,class_rename,1,html/syn-0014__class_rename__01.html,html/syn-0014__class_rename__01.html,16,fd20c5a25a00b590e18adfcf951e56fa7bd6261e30f96e27dda22bb2bbafe0d7,synthetic-shop.local,https://synthetic-shop.local/search/syn-0014,synthetic-v2-12to30
syn-0014__class_rename__02,syn-0014__class_rename__02,syn-0014,stationery,embedded_state,class_rename,2,html/syn-0014__class_rename__02.html,html/syn-0014__class_rename__02.html,16,88a8cb349f583d64a902f4b2fff415d594ef1a069517c89ba84f24bf8223fb80,synthetic-shop.local,https://synthetic-shop.local/search/syn-0014,synthetic-v2-12to30
syn-0014__class_rename__03,syn-0014__class_rename__03,syn-0014,stationery,embedded_state,class_rename,3,html/syn-0014__class_rename__03.html,html/syn-0014__class_rename__03.html,16,4e3f54dce5d30873235beaf2e0a29ea8e1572e2c760152dc0f4f84b6621d75ea,synthetic-shop.local,https://synthetic-shop.local/search/syn-0014,synthetic-v2-12to30
syn-0014__wrapper_insert__01,syn-0014__wrapper_insert__01,syn-0014,stationery,embedded_state,wrapper_insert,1,html/syn-0014__wrapper_insert__01.html,html/syn-0014__wrapper_insert__01.html,16,7db70118bc77cd7eb881c8229f5b6e2453920d3f1efbf84d005c7774aceb57f0,synthetic-shop.local,https://synthetic-shop.local/search/syn-0014,synthetic-v2-12to30
syn-0014__wrapper_insert__02,syn-0014__wrapper_insert__02,syn-0014,stationery,embedded_state,wrapper_insert,2,html/syn-0014__wrapper_insert__02.html,html/syn-0014__wrapper_insert__02.html,16,53510edb023195353917f600890b8ba9ab5cda5b36845cdbfed2b8e6fd5bd16b,synthetic-shop.local,https://synthetic-shop.local/search/syn-0014,synthetic-v2-12to30
syn-0014__wrapper_insert__03,syn-0014__wrapper_insert__03,syn-0014,stationery,embedded_state,wrapper_insert,3,html/syn-0014__wrapper_insert__03.html,html/syn-0014__wrapper_insert__03.html,16,6baf153273c0734cd6ee773066ef3187926d2e3f7ecd1dfefc9db12cfdb07c97,synthetic-shop.local,https://synthetic-shop.local/search/syn-0014,synthetic-v2-12to30
syn-0014__field_reorder__01,syn-0014__field_reorder__01,syn-0014,stationery,embedded_state,field_reorder,1,html/syn-0014__field_reorder__01.html,html/syn-0014__field_reorder__01.html,16,1080348afd98e01bd3f424d45b4759e18d1cdd2d83db2f0109bc72d920a584c5,synthetic-shop.local,https://synthetic-shop.local/search/syn-0014,synthetic-v2-12to30
syn-0014__field_reorder__02,syn-0014__field_reorder__02,syn-0014,stationery,embedded_state,field_reorder,2,html/syn-0014__field_reorder__02.html,html/syn-0014__field_reorder__02.html,16,c629087974d9769a9f30ccf5c6f1e2147b80cace74d92dd457cdeca09396ceac,synthetic-shop.local,https://synthetic-shop.local/search/syn-0014,synthetic-v2-12to30
syn-0014__subtree_relocate__01,syn-0014__subtree_relocate__01,syn-0014,stationery,embedded_state,subtree_relocate,1,html/syn-0014__subtree_relocate__01.html,html/syn-0014__subtree_relocate__01.html,16,b1c95a3804ae8ba8e877cba15172b6fe655ba063a2c5a6d4d8fa756f6084ec32,synthetic-shop.local,https://synthetic-shop.local/search/syn-0014,synthetic-v2-12to30
syn-0014__subtree_relocate__02,syn-0014__subtree_relocate__02,syn-0014,stationery,embedded_state,subtree_relocate,2,html/syn-0014__subtree_relocate__02.html,html/syn-0014__subtree_relocate__02.html,16,4f5f66f13c359bdf48d1379dff2d70e1af38000b6829b2dfbbb3769b48874615,synthetic-shop.local,https://synthetic-shop.local/search/syn-0014,synthetic-v2-12to30
syn-0015__class_rename__01,syn-0015__class_rename__01,syn-0015,electronics,detail_grid,class_rename,1,html/syn-0015__class_rename__01.html,html/syn-0015__class_rename__01.html,28,fba4f074aa205c7c9056cc02ff004374f0ad87c01fc1c5871c581e00948d162f,synthetic-shop.local,https://synthetic-shop.local/search/syn-0015,synthetic-v2-12to30
syn-0015__class_rename__02,syn-0015__class_rename__02,syn-0015,electronics,detail_grid,class_rename,2,html/syn-0015__class_rename__02.html,html/syn-0015__class_rename__02.html,28,8fa8a1799d7d16d80454545151bd9baa33578b33a241503a64719dba9c65b5cb,synthetic-shop.local,https://synthetic-shop.local/search/syn-0015,synthetic-v2-12to30
syn-0015__class_rename__03,syn-0015__class_rename__03,syn-0015,electronics,detail_grid,class_rename,3,html/syn-0015__class_rename__03.html,html/syn-0015__class_rename__03.html,28,295d806a81177a3d253fe95144b304efbb2754997ddff2524760e874319a2b42,synthetic-shop.local,https://synthetic-shop.local/search/syn-0015,synthetic-v2-12to30
syn-0015__wrapper_insert__01,syn-0015__wrapper_insert__01,syn-0015,electronics,detail_grid,wrapper_insert,1,html/syn-0015__wrapper_insert__01.html,html/syn-0015__wrapper_insert__01.html,28,602e0d3bc46c03ba7e2070bba74c9190cac0cfaaacc566b4544b197492c8fa0d,synthetic-shop.local,https://synthetic-shop.local/search/syn-0015,synthetic-v2-12to30
syn-0015__wrapper_insert__02,syn-0015__wrapper_insert__02,syn-0015,electronics,detail_grid,wrapper_insert,2,html/syn-0015__wrapper_insert__02.html,html/syn-0015__wrapper_insert__02.html,28,32959d51b3f8aee5af27ee9daae6a4effae83bcda1afe575e7a59e4ce72f3356,synthetic-shop.local,https://synthetic-shop.local/search/syn-0015,synthetic-v2-12to30
syn-0015__wrapper_insert__03,syn-0015__wrapper_insert__03,syn-0015,electronics,detail_grid,wrapper_insert,3,html/syn-0015__wrapper_insert__03.html,html/syn-0015__wrapper_insert__03.html,28,2b12a3bb6a2d5aa9d253af8ebce1d1854beb7e38ed650976cc7b1b155087cec3,synthetic-shop.local,https://synthetic-shop.local/search/syn-0015,synthetic-v2-12to30
syn-0015__field_reorder__01,syn-0015__field_reorder__01,syn-0015,electronics,detail_grid,field_reorder,1,html/syn-0015__field_reorder__01.html,html/syn-0015__field_reorder__01.html,28,518b44dd56e24e787d78727e3ab0702c684d42c5f4f71f16dcfcc945d1699f48,synthetic-shop.local,https://synthetic-shop.local/search/syn-0015,synthetic-v2-12to30
syn-0015__field_reorder__02,syn-0015__field_reorder__02,syn-0015,electronics,detail_grid,field_reorder,2,html/syn-0015__field_reorder__02.html,html/syn-0015__field_reorder__02.html,28,278eea903dbfb54df6c7a55ee68235d9fec241c76c63276f6655377425af91a8,synthetic-shop.local,https://synthetic-shop.local/search/syn-0015,synthetic-v2-12to30
syn-0015__subtree_relocate__01,syn-0015__subtree_relocate__01,syn-0015,electronics,detail_grid,subtree_relocate,1,html/syn-0015__subtree_relocate__01.html,html/syn-0015__subtree_relocate__01.html,28,e5afdd68bedef00ad5d16998b885dd861dfa4d012fdf52aa435b4f0f27742e46,synthetic-shop.local,https://synthetic-shop.local/search/syn-0015,synthetic-v2-12to30
syn-0015__subtree_relocate__02,syn-0015__subtree_relocate__02,syn-0015,electronics,detail_grid,subtree_relocate,2,html/syn-0015__subtree_relocate__02.html,html/syn-0015__subtree_relocate__02.html,28,2c6b748d2a1785dc53d40bfab1e3b240c2173205597e673dbb451e2662d6698b,synthetic-shop.local,https://synthetic-shop.local/search/syn-0015,synthetic-v2-12to30
syn-0016__class_rename__01,syn-0016__class_rename__01,syn-0016,electronics,table_listing,class_rename,1,html/syn-0016__class_rename__01.html,html/syn-0016__class_rename__01.html,14,131cc4b646841dd12dc0451d7c4bf4be0011d80c7b14f54ff9101110625be082,synthetic-shop.local,https://synthetic-shop.local/search/syn-0016,synthetic-v2-12to30
syn-0016__class_rename__02,syn-0016__class_rename__02,syn-0016,electronics,table_listing,class_rename,2,html/syn-0016__class_rename__02.html,html/syn-0016__class_rename__02.html,14,9bd8adeecd4422487fa502d10fd2de65a90f54e26615f3a95bde0d5fb9dd3279,synthetic-shop.local,https://synthetic-shop.local/search/syn-0016,synthetic-v2-12to30
syn-0016__class_rename__03,syn-0016__class_rename__03,syn-0016,electronics,table_listing,class_rename,3,html/syn-0016__class_rename__03.html,html/syn-0016__class_rename__03.html,14,3ac38fbac2dc445bc09915a00df2a53582c449db8d689a32acad3ddf1a5df8ba,synthetic-shop.local,https://synthetic-shop.local/search/syn-0016,synthetic-v2-12to30
syn-0016__wrapper_insert__01,syn-0016__wrapper_insert__01,syn-0016,electronics,table_listing,wrapper_insert,1,html/syn-0016__wrapper_insert__01.html,html/syn-0016__wrapper_insert__01.html,14,badc820dea4f03930f2c99736833741c57eb48f1e25bb656b553c14205e57e53,synthetic-shop.local,https://synthetic-shop.local/search/syn-0016,synthetic-v2-12to30
syn-0016__wrapper_insert__02,syn-0016__wrapper_insert__02,syn-0016,electronics,table_listing,wrapper_insert,2,html/syn-0016__wrapper_insert__02.html,html/syn-0016__wrapper_insert__02.html,14,11cf35a43b48a65aacbea86554babcbcd65181179708021597368ede39cc0b4c,synthetic-shop.local,https://synthetic-shop.local/search/syn-0016,synthetic-v2-12to30
syn-0016__wrapper_insert__03,syn-0016__wrapper_insert__03,syn-0016,electronics,table_listing,wrapper_insert,3,html/syn-0016__wrapper_insert__03.html,html/syn-0016__wrapper_insert__03.html,14,10fe76cbd1b04354adce6c06eae7402fbfb1fe13726abfde667e292661720ace,synthetic-shop.local,https://synthetic-shop.local/search/syn-0016,synthetic-v2-12to30
syn-0016__field_reorder__01,syn-0016__field_reorder__01,syn-0016,electronics,table_listing,field_reorder,1,html/syn-0016__field_reorder__01.html,html/syn-0016__field_reorder__01.html,14,6aaaa34afea987ff2892a283fdcf55027100a705398dd66992d3b3af33ae7b62,synthetic-shop.local,https://synthetic-shop.local/search/syn-0016,synthetic-v2-12to30
syn-0016__field_reorder__02,syn-0016__field_reorder__02,syn-0016,electronics,table_listing,field_reorder,2,html/syn-0016__field_reorder__02.html,html/syn-0016__field_reorder__02.html,14,aeb2ad5c552b0cc853efcba96f01116bef3556561949d5e6700d1df609a725e1,synthetic-shop.local,https://synthetic-shop.local/search/syn-0016,synthetic-v2-12to30
syn-0016__subtree_relocate__01,syn-0016__subtree_relocate__01,syn-0016,electronics,table_listing,subtree_relocate,1,html/syn-0016__subtree_relocate__01.html,html/syn-0016__subtree_relocate__01.html,14,3ebdef55f3ab6816407fe85ee33d5bde8cc37732305f7a9f962b89f84f274abb,synthetic-shop.local,https://synthetic-shop.local/search/syn-0016,synthetic-v2-12to30
syn-0016__subtree_relocate__02,syn-0016__subtree_relocate__02,syn-0016,electronics,table_listing,subtree_relocate,2,html/syn-0016__subtree_relocate__02.html,html/syn-0016__subtree_relocate__02.html,14,a176c1a4d6cc92607d05a9443d289ce2fa7af38e86a5c8c6b285ec2781b36723,synthetic-shop.local,https://synthetic-shop.local/search/syn-0016,synthetic-v2-12to30
syn-0017__class_rename__01,syn-0017__class_rename__01,syn-0017,electronics,semantic_articles,class_rename,1,html/syn-0017__class_rename__01.html,html/syn-0017__class_rename__01.html,24,1fbe79002090b831040a66ad6c10460b86b55b3062ab818bb1abeaa4d10c2fed,synthetic-shop.local,https://synthetic-shop.local/search/syn-0017,synthetic-v2-12to30
syn-0017__class_rename__02,syn-0017__class_rename__02,syn-0017,electronics,semantic_articles,class_rename,2,html/syn-0017__class_rename__02.html,html/syn-0017__class_rename__02.html,24,7f36d2f7e9d3d71603dd64cd9d6031a5ebc0ea02a91ffa7a3622512bdd8aa6bc,synthetic-shop.local,https://synthetic-shop.local/search/syn-0017,synthetic-v2-12to30
syn-0017__class_rename__03,syn-0017__class_rename__03,syn-0017,electronics,semantic_articles,class_rename,3,html/syn-0017__class_rename__03.html,html/syn-0017__class_rename__03.html,24,d808cf6c5a65b5b98bca86000c09fb74814ddd23eabe7b441ec138ab2ffe641f,synthetic-shop.local,https://synthetic-shop.local/search/syn-0017,synthetic-v2-12to30
syn-0017__wrapper_insert__01,syn-0017__wrapper_insert__01,syn-0017,electronics,semantic_articles,wrapper_insert,1,html/syn-0017__wrapper_insert__01.html,html/syn-0017__wrapper_insert__01.html,24,578d5f2c3087e824e92725f1cf43dc754007724d4b8128a0c5fa73343fdfad32,synthetic-shop.local,https://synthetic-shop.local/search/syn-0017,synthetic-v2-12to30
syn-0017__wrapper_insert__02,syn-0017__wrapper_insert__02,syn-0017,electronics,semantic_articles,wrapper_insert,2,html/syn-0017__wrapper_insert__02.html,html/syn-0017__wrapper_insert__02.html,24,5519343bc486a8183b94075beabba250d841bf9cf25153926f26e35d42a5946b,synthetic-shop.local,https://synthetic-shop.local/search/syn-0017,synthetic-v2-12to30
syn-0017__wrapper_insert__03,syn-0017__wrapper_insert__03,syn-0017,electronics,semantic_articles,wrapper_insert,3,html/syn-0017__wrapper_insert__03.html,html/syn-0017__wrapper_insert__03.html,24,80ea26797c4f07a3dd2a0434c18d10a3e373170e946d73b71f4e58a28de62060,synthetic-shop.local,https://synthetic-shop.local/search/syn-0017,synthetic-v2-12to30
syn-0017__field_reorder__01,syn-0017__field_reorder__01,syn-0017,electronics,semantic_articles,field_reorder,1,html/syn-0017__field_reorder__01.html,html/syn-0017__field_reorder__01.html,24,466b531abd520fd0865c051c4069e46e58e1288bcd0c7569450810657af433db,synthetic-shop.local,https://synthetic-shop.local/search/syn-0017,synthetic-v2-12to30
syn-0017__field_reorder__02,syn-0017__field_reorder__02,syn-0017,electronics,semantic_articles,field_reorder,2,html/syn-0017__field_reorder__02.html,html/syn-0017__field_reorder__02.html,24,54087b61d874b6792e61c0fd759a81d9ebb587a7cf1531b266703e27a0c5a77f,synthetic-shop.local,https://synthetic-shop.local/search/syn-0017,synthetic-v2-12to30
syn-0017__subtree_relocate__01,syn-0017__subtree_relocate__01,syn-0017,electronics,semantic_articles,subtree_relocate,1,html/syn-0017__subtree_relocate__01.html,html/syn-0017__subtree_relocate__01.html,24,1bfedbd8f752243e83347cc9b093015c85a40550d84736f00c2853bf4410debd,synthetic-shop.local,https://synthetic-shop.local/search/syn-0017,synthetic-v2-12to30
syn-0017__subtree_relocate__02,syn-0017__subtree_relocate__02,syn-0017,electronics,semantic_articles,subtree_relocate,2,html/syn-0017__subtree_relocate__02.html,html/syn-0017__subtree_relocate__02.html,24,d8c2716cc74f137bb77c9cfc9017adc9d06c093e8493c66f8f9d84ba05331adc,synthetic-shop.local,https://synthetic-shop.local/search/syn-0017,synthetic-v2-12to30
syn-0018__class_rename__01,syn-0018__class_rename__01,syn-0018,electronics,data_attrs,class_rename,1,html/syn-0018__class_rename__01.html,html/syn-0018__class_rename__01.html,18,fd34a016d21f4f014d6cb90ccca49ed811629918d44046d341609ef12f42dc94,synthetic-shop.local,https://synthetic-shop.local/search/syn-0018,synthetic-v2-12to30
syn-0018__class_rename__02,syn-0018__class_rename__02,syn-0018,electronics,data_attrs,class_rename,2,html/syn-0018__class_rename__02.html,html/syn-0018__class_rename__02.html,18,495278fc618fcf1fbfb8cd4d055f5a25d20dc8398b3090704e9b4a99b9746fbc,synthetic-shop.local,https://synthetic-shop.local/search/syn-0018,synthetic-v2-12to30
syn-0018__class_rename__03,syn-0018__class_rename__03,syn-0018,electronics,data_attrs,class_rename,3,html/syn-0018__class_rename__03.html,html/syn-0018__class_rename__03.html,18,9c17ef284d58c197c92af49a392e8bbc9d7eb25508b8e7b95c059209bdaf010e,synthetic-shop.local,https://synthetic-shop.local/search/syn-0018,synthetic-v2-12to30
syn-0018__wrapper_insert__01,syn-0018__wrapper_insert__01,syn-0018,electronics,data_attrs,wrapper_insert,1,html/syn-0018__wrapper_insert__01.html,html/syn-0018__wrapper_insert__01.html,18,dd45725e2f35d2a7c0cf792de965d829173f0eace13e37df97472e601fa4c786,synthetic-shop.local,https://synthetic-shop.local/search/syn-0018,synthetic-v2-12to30
syn-0018__wrapper_insert__02,syn-0018__wrapper_insert__02,syn-0018,electronics,data_attrs,wrapper_insert,2,html/syn-0018__wrapper_insert__02.html,html/syn-0018__wrapper_insert__02.html,18,06978b2bee1207b3a28fc47e01cb96ee6ce39664b8e525c4eb500e11c958c90b,synthetic-shop.local,https://synthetic-shop.local/search/syn-0018,synthetic-v2-12to30
syn-0018__wrapper_insert__03,syn-0018__wrapper_insert__03,syn-0018,electronics,data_attrs,wrapper_insert,3,html/syn-0018__wrapper_insert__03.html,html/syn-0018__wrapper_insert__03.html,18,cf2161d03f69f323d85c1a1961be1ad06882a160ce5ced31be84b8645be4ee62,synthetic-shop.local,https://synthetic-shop.local/search/syn-0018,synthetic-v2-12to30
syn-0018__field_reorder__01,syn-0018__field_reorder__01,syn-0018,electronics,data_attrs,field_reorder,1,html/syn-0018__field_reorder__01.html,html/syn-0018__field_reorder__01.html,18,809e5ea2b9c41d1334c52406fc030f91b5a564f1e60180ed71266bb16b9073e3,synthetic-shop.local,https://synthetic-shop.local/search/syn-0018,synthetic-v2-12to30
syn-0018__field_reorder__02,syn-0018__field_reorder__02,syn-0018,electronics,data_attrs,field_reorder,2,html/syn-0018__field_reorder__02.html,html/syn-0018__field_reorder__02.html,18,8628c137d38a132ba7bec3bd959af11c3344817ad5c100f6d34db52d28624aa0,synthetic-shop.local,https://synthetic-shop.local/search/syn-0018,synthetic-v2-12to30
syn-0018__subtree_relocate__01,syn-0018__subtree_relocate__01,syn-0018,electronics,data_attrs,subtree_relocate,1,html/syn-0018__subtree_relocate__01.html,html/syn-0018__subtree_relocate__01.html,18,0570ff2ba3d724e2f0aba760fd3e041b655778ff049ce282237e4e8042cadccd,synthetic-shop.local,https://synthetic-shop.local/search/syn-0018,synthetic-v2-12to30
syn-0018__subtree_relocate__02,syn-0018__subtree_relocate__02,syn-0018,electronics,data_attrs,subtree_relocate,2,html/syn-0018__subtree_relocate__02.html,html/syn-0018__subtree_relocate__02.html,18,7e748bb3344cf9899f93bd50b3985789fec559883589675e4f92449f4cb41cd0,synthetic-shop.local,https://synthetic-shop.local/search/syn-0018,synthetic-v2-12to30
syn-0019__class_rename__01,syn-0019__class_rename__01,syn-0019,other,nested_cards,class_rename,1,html/syn-0019__class_rename__01.html,html/syn-0019__class_rename__01.html,22,d642f0b82b4b1c67a0e329370f650c0f559aef23963dad59e48a4e223bace835,synthetic-shop.local,https://synthetic-shop.local/search/syn-0019,synthetic-v2-12to30
syn-0019__class_rename__02,syn-0019__class_rename__02,syn-0019,other,nested_cards,class_rename,2,html/syn-0019__class_rename__02.html,html/syn-0019__class_rename__02.html,22,0fd15c9f4ced06e2aa460032d9313745d3b66bc00e6d03560982801693e31dff,synthetic-shop.local,https://synthetic-shop.local/search/syn-0019,synthetic-v2-12to30
syn-0019__class_rename__03,syn-0019__class_rename__03,syn-0019,other,nested_cards,class_rename,3,html/syn-0019__class_rename__03.html,html/syn-0019__class_rename__03.html,22,50513b73018f05979fd913f8f1abd327cef7535c7ae58e3520c28b35139ca593,synthetic-shop.local,https://synthetic-shop.local/search/syn-0019,synthetic-v2-12to30
syn-0019__wrapper_insert__01,syn-0019__wrapper_insert__01,syn-0019,other,nested_cards,wrapper_insert,1,html/syn-0019__wrapper_insert__01.html,html/syn-0019__wrapper_insert__01.html,22,40e4fe9a0dea3141efb83ae03e9a1fe9c4187839e46b8d93629eec9020a9388d,synthetic-shop.local,https://synthetic-shop.local/search/syn-0019,synthetic-v2-12to30
syn-0019__wrapper_insert__02,syn-0019__wrapper_insert__02,syn-0019,other,nested_cards,wrapper_insert,2,html/syn-0019__wrapper_insert__02.html,html/syn-0019__wrapper_insert__02.html,22,b2e127cd52eeefb80161572927dcb0ad967f2c8b337b6ff4fb9786b0966b8827,synthetic-shop.local,https://synthetic-shop.local/search/syn-0019,synthetic-v2-12to30
syn-0019__wrapper_insert__03,syn-0019__wrapper_insert__03,syn-0019,other,nested_cards,wrapper_insert,3,html/syn-0019__wrapper_insert__03.html,html/syn-0019__wrapper_insert__03.html,22,0b060f6dbe7bdb2850e68e06f702c54d0add274cf75698dbd8a0f6dc439121d8,synthetic-shop.local,https://synthetic-shop.local/search/syn-0019,synthetic-v2-12to30
syn-0019__field_reorder__01,syn-0019__field_reorder__01,syn-0019,other,nested_cards,field_reorder,1,html/syn-0019__field_reorder__01.html,html/syn-0019__field_reorder__01.html,22,707ca3d7c4647db8f157f65995a3097405151ebc9e723ae6ee49915c9439a46f,synthetic-shop.local,https://synthetic-shop.local/search/syn-0019,synthetic-v2-12to30
syn-0019__field_reorder__02,syn-0019__field_reorder__02,syn-0019,other,nested_cards,field_reorder,2,html/syn-0019__field_reorder__02.html,html/syn-0019__field_reorder__02.html,22,038dbb40e0fd63c5861ceae4884cff1d0f5bebeba0ce6a5deffe53a72a7ac90b,synthetic-shop.local,https://synthetic-shop.local/search/syn-0019,synthetic-v2-12to30
syn-0019__subtree_relocate__01,syn-0019__subtree_relocate__01,syn-0019,other,nested_cards,subtree_relocate,1,html/syn-0019__subtree_relocate__01.html,html/syn-0019__subtree_relocate__01.html,22,5068fb0b0c19136557a18ad52ff27ba383bad4c41e9a6b13877cb1c869da369d,synthetic-shop.local,https://synthetic-shop.local/search/syn-0019,synthetic-v2-12to30
syn-0019__subtree_relocate__02,syn-0019__subtree_relocate__02,syn-0019,other,nested_cards,subtree_relocate,2,html/syn-0019__subtree_relocate__02.html,html/syn-0019__subtree_relocate__02.html,22,1380fa25a9da51fed1ba0e1b894f5864474b57fdecb3d1d70f0919d371196b76,synthetic-shop.local,https://synthetic-shop.local/search/syn-0019,synthetic-v2-12to30
syn-0020__class_rename__01,syn-0020__class_rename__01,syn-0020,other,mixed_markup,class_rename,1,html/syn-0020__class_rename__01.html,html/syn-0020__class_rename__01.html,20,80d25629cc030dac0657c1d9ce23c36b9455851ffbbf7fcfd61934039d51b1f6,synthetic-shop.local,https://synthetic-shop.local/search/syn-0020,synthetic-v2-12to30
syn-0020__class_rename__02,syn-0020__class_rename__02,syn-0020,other,mixed_markup,class_rename,2,html/syn-0020__class_rename__02.html,html/syn-0020__class_rename__02.html,20,f91112d05317915be7409d9a6d76289102612c5bedfa302f9125565de125840e,synthetic-shop.local,https://synthetic-shop.local/search/syn-0020,synthetic-v2-12to30
syn-0020__class_rename__03,syn-0020__class_rename__03,syn-0020,other,mixed_markup,class_rename,3,html/syn-0020__class_rename__03.html,html/syn-0020__class_rename__03.html,20,11d162f04cb5d363703d98d79077c0ac11494aa28c41abc5edb462da8a4bbd10,synthetic-shop.local,https://synthetic-shop.local/search/syn-0020,synthetic-v2-12to30
syn-0020__wrapper_insert__01,syn-0020__wrapper_insert__01,syn-0020,other,mixed_markup,wrapper_insert,1,html/syn-0020__wrapper_insert__01.html,html/syn-0020__wrapper_insert__01.html,20,3506567207377b2c311af29565a02051624e48191a2e1df007529911117379b0,synthetic-shop.local,https://synthetic-shop.local/search/syn-0020,synthetic-v2-12to30
syn-0020__wrapper_insert__02,syn-0020__wrapper_insert__02,syn-0020,other,mixed_markup,wrapper_insert,2,html/syn-0020__wrapper_insert__02.html,html/syn-0020__wrapper_insert__02.html,20,f057e0e5a330b2d219f31089172c12d1d0137de6a435d8c7bbd4f242d0677a41,synthetic-shop.local,https://synthetic-shop.local/search/syn-0020,synthetic-v2-12to30
syn-0020__wrapper_insert__03,syn-0020__wrapper_insert__03,syn-0020,other,mixed_markup,wrapper_insert,3,html/syn-0020__wrapper_insert__03.html,html/syn-0020__wrapper_insert__03.html,20,53abc16411b6aa92ba0441dac0c184354f968fccbbcd8a221cd6bfda6cc1759b,synthetic-shop.local,https://synthetic-shop.local/search/syn-0020,synthetic-v2-12to30
syn-0020__field_reorder__01,syn-0020__field_reorder__01,syn-0020,other,mixed_markup,field_reorder,1,html/syn-0020__field_reorder__01.html,html/syn-0020__field_reorder__01.html,20,4b137303e51597ef9c45e96baa2f6469b0c2bbe6b2aa79a178a96aa85f6493f7,synthetic-shop.local,https://synthetic-shop.local/search/syn-0020,synthetic-v2-12to30
syn-0020__field_reorder__02,syn-0020__field_reorder__02,syn-0020,other,mixed_markup,field_reorder,2,html/syn-0020__field_reorder__02.html,html/syn-0020__field_reorder__02.html,20,eae33fc02e8fb927a8fb5982dfddc5556fd1ecd951bbb083bfd51f69dc1ee5fa,synthetic-shop.local,https://synthetic-shop.local/search/syn-0020,synthetic-v2-12to30
syn-0020__subtree_relocate__01,syn-0020__subtree_relocate__01,syn-0020,other,mixed_markup,subtree_relocate,1,html/syn-0020__subtree_relocate__01.html,html/syn-0020__subtree_relocate__01.html,20,c76558f9e2661cc6a71260f3e139b8963953cd42a9090e4261c5437a2c3d863b,synthetic-shop.local,https://synthetic-shop.local/search/syn-0020,synthetic-v2-12to30
syn-0020__subtree_relocate__02,syn-0020__subtree_relocate__02,syn-0020,other,mixed_markup,subtree_relocate,2,html/syn-0020__subtree_relocate__02.html,html/syn-0020__subtree_relocate__02.html,20,a7a111ef3fb79ecdbe0ddde4e838db0524788128e5d550b7fe67c2cfff5f51ac,synthetic-shop.local,https://synthetic-shop.local/search/syn-0020,synthetic-v2-12to30
