page_id,base_page_id,category,base_template,mutation_axis,variant_idx,artifact_path,benchmark_html_file,n_entities,sha256,source,page_url
syn-0001,syn-0001,construction_instruments,jsonld_cards,clean,0,html/syn-0001.html,html/syn-0001.html,5,042bf11721a916f4b44823fa2c6e53c79792cdc67fd710d1a07a0d97015c13a2,synthetic-shop.local,https://synthetic-shop.local/search/syn-0001
syn-0002,syn-0002,construction_instruments,microdata_cards,clean,0,html/syn-0002.html,html/syn-0002.html,5,17171cd5fe8f684dba19ad574d83e75a9d92bf472d8e400e664e4d468aaab34e,synthetic-shop.local,https://synthetic-shop.local/search/syn-0002
syn-0003,syn-0003,construction_instruments,plain_cards,clean,0,html/syn-0003.html,html/syn-0003.html,5,2301e0f464903c9280169092611c0194aa8f79300de653a0b6005af1bf5eae85,synthetic-shop.local,https://synthetic-shop.local/search/syn-0003
syn-0004,syn-0004,construction_instruments,embedded_state,clean,0,html/syn-0004.html,html/syn-0004.html,5,c6a75e9a0b34798d4cfba731e855798cae0181bb21b7e5fa2c01ba4460c82609,synthetic-shop.local,https://synthetic-shop.local/search/syn-0004
syn-0005,syn-0005,construction_instruments,detail_grid,clean,0,html/syn-0005.html,html/syn-0005.html,5,087db53f8eff747307ac34667ca34ce250061e2d91f75acbcae4077b5222f9a4,synthetic-shop.local,https://synthetic-shop.local/search/syn-0005
syn-0006,syn-0006,construction_instruments,table_listing,clean,0,html/syn-0006.html,html/syn-0006.html,5,9b7b25c4281a844d83d16da90a89fbbe20097ece3cd07208317d741a79a41972,synthetic-shop.local,https://synthetic-shop.local/search/syn-0006
syn-0007,syn-0007,construction_instruments,semantic_articles,clean,0,html/syn-0007.html,html/syn-0007.html,5,c579269483f7ea8e2e5913c682f17dd9213c078160dd246a383e07d4ea7ba72b,synthetic-shop.local,https://synthetic-shop.local/search/syn-0007
syn-0008,syn-0008,construction_instruments,data_attrs,clean,0,html/syn-0008.html,html/syn-0008.html,5,ac570442bf23f8c22894c4eb47973dace2e0b1709c1d8c1dd7d340029bb6bdea,synthetic-shop.local,https://synthetic-shop.local/search/syn-0008
syn-0009,syn-0009,construction_instruments,nested_cards,clean,0,html/syn-0009.html,html/syn-0009.html,5,cd74ad50c209da1e63b8cf432203de06e9f766c9925f9cb93ba74aac26309e91,synthetic-shop.local,https://synthetic-shop.local/search/syn-0009
syn-0010,syn-0010,construction_instruments,mixed_markup,clean,0,html/syn-0010.html,html/syn-0010.html,5,e2a3a0c3d6c9bead5145b76ea6ce4095449e6dfd6bd96c194343235353ba1162,synthetic-shop.local,https://synthetic-shop.local/search/syn-0010
syn-0011,syn-0011,stationery,jsonld_cards,clean,0,html/syn-0011.html,html/syn-0011.html,5,1b101a835ea51eca17f4e257e6a05e12147cd02760fd0a9579ca18fdacf5fd67,synthetic-shop.local,https://synthetic-shop.local/search/syn-0011
syn-0012,syn-0012,stationery,microdata_cards,clean,0,html/syn-0012.html,html/syn-0012.html,5,c2120581712d9404a9be023519eaad2b6e9c389d10004d4550b7e97ae92bdf8d,synthetic-shop.local,https://synthetic-shop.local/search/syn-0012
syn-0013,syn-0013,stationery,plain_cards,clean,0,html/syn-0013.html,html/syn-0013.html,5,96525783d033d80e925c77df8e64c934e8f4a411e257330e53ccb230b65f16bc,synthetic-shop.local,https://synthetic-shop.local/search/syn-0013
syn-0014,syn-0014,stationery,embedded_state,clean,0,html/syn-0014.html,html/syn-0014.html,5,d8fd4647d23861dbfb551654ae88f620f03f24331e875f172050d59808534dca,synthetic-shop.local,https://synthetic-shop.local/search/syn-0014
syn-0015,syn-0015,electronics,detail_grid,clean,0,html/syn-0015.html,html/syn-0015.html,5,2c98b87c8d128dc6cca9f010f3843a723fd33ddec1bdab9c7a240dfffb49f4e5,synthetic-shop.local,https://synthetic-shop.local/search/syn-0015
syn-0016,syn-0016,electronics,table_listing,clean,0,html/syn-0016.html,html/syn-0016.html,5,9f64af28cc7b2bf8d3a866c6def7e77a3fd33ee48d10a84ce4be9ec6cee97d9d,synthetic-shop.local,https://synthetic-shop.local/search/syn-0016
syn-0017,syn-0017,electronics,semantic_articles,clean,0,html/syn-0017.html,html/syn-0017.html,5,868e08818aa93ea36254f0981c9d22a965f12bc62a5d6b9c183210be8c4c64ee,synthetic-shop.local,https://synthetic-shop.local/search/syn-0017
syn-0018,syn-0018,electronics,data_attrs,clean,0,html/syn-0018.html,html/syn-0018.html,5,bd41b7bb50eb5e91dfcc033bbd3f5f2b0b4e31ba5b40fd5ce1ce939709fc6070,synthetic-shop.local,https://synthetic-shop.local/search/syn-0018
syn-0019,syn-0019,other,nested_cards,clean,0,html/syn-0019.html,html/syn-0019.html,5,9709ea835b8d713c84edea5827a86e1924e609efb3b7265dab53f2a7f45355cd,synthetic-shop.local,https://synthetic-shop.local/search/syn-0019
syn-0020,syn-0020,other,mixed_markup,clean,0,html/syn-0020.html,html/syn-0020.html,5,85aedb3ad9545a37caa15a2b67f2f85b84c9c0ee549b7fa030def253f77f2c13,synthetic-shop.local,https://synthetic-shop.local/search/syn-0020
