benchmark_run_id,dataset,variant,page_id,html_file,query,page_status,is_scored,gt_positive_count,prediction_count,matched_gt,missing_prediction,unmatched_prediction,page_has_products_ok,entity_TP,entity_FP,entity_FN,name_TP,name_FP,name_FN,price_TP,price_FP,price_FN,manifest__dataset,manifest__html_file,manifest__html_key,manifest__run_id,manifest__source,manifest__html_path,manifest__page_url,manifest__source_url,manifest__query,manifest__location,manifest__route,manifest__artifact_kind,manifest__skip_reason,manifest__content_sha256,manifest__expected_sha256,page_meta__artifact_path,page_meta__base_page_id,page_meta__base_template,page_meta__benchmark_html_file,page_meta__category,page_meta__mutation_axis,page_meta__n_entities,page_meta__page_id,page_meta__page_url,page_meta__sha256,page_meta__source,page_meta__variant_idx,source,run_id,location,route,extraction_status,html_read_ms,html_parse_ms,extract_ms,candidate_count,deduplicated_count,returned_count,candidate_limit_hit,error_type,error_message,error_traceback,original_status,replay_cached,shared_extraction_ms,query_filter_ms,timing_scope,gt_price_present_count,gt_price_absent_count,gt_price_unannotated_count,matched_name_similarity_mean,matched_price_MAE,matched_price_MAPE,unexpected_price_FP,page_TP,page_FP,page_FN,page_TN,entity_P,entity_R,entity_F1,name_P,name_R,name_F1,price_P,price_R,price_F1
20261002T161451Z-d2eb76ee,synthetic,original_fast,syn-0001,html/syn-0001.html,,positive,True,5,5,5,0,0,1,5,0,0,5,0,0,5,0,0,synthetic,html/syn-0001.html,syn-0001.html,run-none1,synthetic-shop.local,D:\Pet_Codes\science\article-price-tracker\synthetic\html\syn-0001.html,https://synthetic-shop.local/search/syn-0001,https://synthetic-shop.local/search/syn-0001,,,,raw_html,,042bf11721a916f4b44823fa2c6e53c79792cdc67fd710d1a07a0d97015c13a2,042bf11721a916f4b44823fa2c6e53c79792cdc67fd710d1a07a0d97015c13a2,html/syn-0001.html,syn-0001,jsonld_cards,html/syn-0001.html,construction_instruments,clean,5,syn-0001,https://synthetic-shop.local/search/syn-0001,042bf11721a916f4b44823fa2c6e53c79792cdc67fd710d1a07a0d97015c13a2,synthetic-shop.local,0,synthetic-shop.local,run-none1,,,ok,3.2440999999999462,,257.4163,5,5,5,False,,,,ok,False,257.4163,0.14590000000009695,HTML parse + extraction; shared across modes,5,0,0,1.0,0.0,0.0,0,1,0,0,0,1.0,1.0,1.0,1.0,1.0,1.0,1.0,1.0,1.0
20261002T161451Z-d2eb76ee,synthetic,original_fast,syn-0002,html/syn-0002.html,,positive,True,5,5,5,0,0,1,5,0,0,5,0,0,5,0,0,synthetic,html/syn-0002.html,syn-0002.html,run-none2,synthetic-shop.local,D:\Pet_Codes\science\article-price-tracker\synthetic\html\syn-0002.html,https://synthetic-shop.local/search/syn-0002,https://synthetic-shop.local/search/syn-0002,,,,raw_html,,17171cd5fe8f684dba19ad574d83e75a9d92bf472d8e400e664e4d468aaab34e,17171cd5fe8f684dba19ad574d83e75a9d92bf472d8e400e664e4d468aaab34e,html/syn-0002.html,syn-0002,microdata_cards,html/syn-0002.html,construction_instruments,clean,5,syn-0002,https://synthetic-shop.local/search/syn-0002,17171cd5fe8f684dba19ad574d83e75a9d92bf472d8e400e664e4d468aaab34e,synthetic-shop.local,0,synthetic-shop.local,run-none2,,,ok,0.5665000000000191,,53.57129999999995,5,5,5,False,,,,ok,False,53.57129999999995,0.04610000000002401,HTML parse + extraction; shared across modes,5,0,0,1.0,0.0,0.0,0,1,0,0,0,1.0,1.0,1.0,1.0,1.0,1.0,1.0,1.0,1.0
20261002T161451Z-d2eb76ee,synthetic,original_fast,syn-0003,html/syn-0003.html,,positive,True,5,5,5,0,0,1,5,0,0,5,0,0,5,0,0,synthetic,html/syn-0003.html,syn-0003.html,run-none3,synthetic-shop.local,D:\Pet_Codes\science\article-price-tracker\synthetic\html\syn-0003.html,https://synthetic-shop.local/search/syn-0003,https://synthetic-shop.local/search/syn-0003,,,,raw_html,,2301e0f464903c9280169092611c0194aa8f79300de653a0b6005af1bf5eae85,2301e0f464903c9280169092611c0194aa8f79300de653a0b6005af1bf5eae85,html/syn-0003.html,syn-0003,plain_cards,html/syn-0003.html,construction_instruments,clean,5,syn-0003,https://synthetic-shop.local/search/syn-0003,2301e0f464903c9280169092611c0194aa8f79300de653a0b6005af1bf5eae85,synthetic-shop.local,0,synthetic-shop.local,run-none3,,,ok,0.5888999999999669,,46.3300999999999,5,5,5,False,,,,ok,False,46.3300999999999,0.0584999999999809,HTML parse + extraction; shared across modes,5,0,0,1.0,0.0,0.0,0,1,0,0,0,1.0,1.0,1.0,1.0,1.0,1.0,1.0,1.0,1.0
20261002T161451Z-d2eb76ee,synthetic,original_fast,syn-0004,html/syn-0004.html,,positive,True,5,5,5,0,0,1,5,0,0,5,0,0,5,0,0,synthetic,html/syn-0004.html,syn-0004.html,run-none4,synthetic-shop.local,D:\Pet_Codes\science\article-price-tracker\synthetic\html\syn-0004.html,https://synthetic-shop.local/search/syn-0004,https://synthetic-shop.local/search/syn-0004,,,,raw_html,,c6a75e9a0b34798d4cfba731e855798cae0181bb21b7e5fa2c01ba4460c82609,c6a75e9a0b34798d4cfba731e855798cae0181bb21b7e5fa2c01ba4460c82609,html/syn-0004.html,syn-0004,embedded_state,html/syn-0004.html,construction_instruments,clean,5,syn-0004,https://synthetic-shop.local/search/syn-0004,c6a75e9a0b34798d4cfba731e855798cae0181bb21b7e5fa2c01ba4460c82609,synthetic-shop.local,0,synthetic-shop.local,run-none4,,,ok,0.5348000000000184,,15.087400000000002,5,5,5,False,,,,ok,False,15.087400000000002,0.039499999999975444,HTML parse + extraction; shared across modes,5,0,0,1.0,0.0,0.0,0,1,0,0,0,1.0,1.0,1.0,1.0,1.0,1.0,1.0,1.0,1.0
20261002T161451Z-d2eb76ee,synthetic,original_fast,syn-0005,html/syn-0005.html,,positive,True,5,0,0,5,0,0,0,0,5,0,0,5,0,0,5,synthetic,html/syn-0005.html,syn-0005.html,run-none5,synthetic-shop.local,D:\Pet_Codes\science\article-price-tracker\synthetic\html\syn-0005.html,https://synthetic-shop.local/search/syn-0005,https://synthetic-shop.local/search/syn-0005,,,,raw_html,,087db53f8eff747307ac34667ca34ce250061e2d91f75acbcae4077b5222f9a4,087db53f8eff747307ac34667ca34ce250061e2d91f75acbcae4077b5222f9a4,html/syn-0005.html,syn-0005,detail_grid,html/syn-0005.html,construction_instruments,clean,5,syn-0005,https://synthetic-shop.local/search/syn-0005,087db53f8eff747307ac34667ca34ce250061e2d91f75acbcae4077b5222f9a4,synthetic-shop.local,0,synthetic-shop.local,run-none5,,,ok,0.5610000000000355,,31.60559999999998,0,0,0,False,,,,empty,False,31.60559999999998,0.08280000000002019,HTML parse + extraction; shared across modes,5,0,0,,,,0,0,0,1,0,0.0,0.0,0.0,0.0,0.0,0.0,0.0,0.0,0.0
20261002T161451Z-d2eb76ee,synthetic,original_fast,syn-0006,html/syn-0006.html,,positive,True,5,0,0,5,0,0,0,0,5,0,0,5,0,0,5,synthetic,html/syn-0006.html,syn-0006.html,run-none6,synthetic-shop.local,D:\Pet_Codes\science\article-price-tracker\synthetic\html\syn-0006.html,https://synthetic-shop.local/search/syn-0006,https://synthetic-shop.local/search/syn-0006,,,,raw_html,,9b7b25c4281a844d83d16da90a89fbbe20097ece3cd07208317d741a79a41972,9b7b25c4281a844d83d16da90a89fbbe20097ece3cd07208317d741a79a41972,html/syn-0006.html,syn-0006,table_listing,html/syn-0006.html,construction_instruments,clean,5,syn-0006,https://synthetic-shop.local/search/syn-0006,9b7b25c4281a844d83d16da90a89fbbe20097ece3cd07208317d741a79a41972,synthetic-shop.local,0,synthetic-shop.local,run-none6,,,ok,0.4813000000000329,,20.228200000000015,0,0,0,False,,,,empty,False,20.228200000000015,0.04330000000004475,HTML parse + extraction; shared across modes,5,0,0,,,,0,0,0,1,0,0.0,0.0,0.0,0.0,0.0,0.0,0.0,0.0,0.0
20261002T161451Z-d2eb76ee,synthetic,original_fast,syn-0007,html/syn-0007.html,,positive,True,5,5,5,0,0,1,5,0,0,5,0,0,5,0,0,synthetic,html/syn-0007.html,syn-0007.html,run-none7,synthetic-shop.local,D:\Pet_Codes\science\article-price-tracker\synthetic\html\syn-0007.html,https://synthetic-shop.local/search/syn-0007,https://synthetic-shop.local/search/syn-0007,,,,raw_html,,c579269483f7ea8e2e5913c682f17dd9213c078160dd246a383e07d4ea7ba72b,c579269483f7ea8e2e5913c682f17dd9213c078160dd246a383e07d4ea7ba72b,html/syn-0007.html,syn-0007,semantic_articles,html/syn-0007.html,construction_instruments,clean,5,syn-0007,https://synthetic-shop.local/search/syn-0007,c579269483f7ea8e2e5913c682f17dd9213c078160dd246a383e07d4ea7ba72b,synthetic-shop.local,0,synthetic-shop.local,run-none7,,,ok,0.7729999999999109,,26.407699999999977,5,5,5,False,,,,ok,False,26.407699999999977,0.031100000000037653,HTML parse + extraction; shared across modes,5,0,0,1.0,0.0,0.0,0,1,0,0,0,1.0,1.0,1.0,1.0,1.0,1.0,1.0,1.0,1.0
20261002T161451Z-d2eb76ee,synthetic,original_fast,syn-0008,html/syn-0008.html,,positive,True,5,0,0,5,0,0,0,0,5,0,0,5,0,0,5,synthetic,html/syn-0008.html,syn-0008.html,run-none8,synthetic-shop.local,D:\Pet_Codes\science\article-price-tracker\synthetic\html\syn-0008.html,https://synthetic-shop.local/search/syn-0008,https://synthetic-shop.local/search/syn-0008,,,,raw_html,,ac570442bf23f8c22894c4eb47973dace2e0b1709c1d8c1dd7d340029bb6bdea,ac570442bf23f8c22894c4eb47973dace2e0b1709c1d8c1dd7d340029bb6bdea,html/syn-0008.html,syn-0008,data_attrs,html/syn-0008.html,construction_instruments,clean,5,syn-0008,https://synthetic-shop.local/search/syn-0008,ac570442bf23f8c22894c4eb47973dace2e0b1709c1d8c1dd7d340029bb6bdea,synthetic-shop.local,0,synthetic-shop.local,run-none8,,,ok,0.4434999999999718,,18.683400000000006,0,0,0,False,,,,empty,False,18.683400000000006,0.04650000000003729,HTML parse + extraction; shared across modes,5,0,0,,,,0,0,0,1,0,0.0,0.0,0.0,0.0,0.0,0.0,0.0,0.0,0.0
20261002T161451Z-d2eb76ee,synthetic,original_fast,syn-0009,html/syn-0009.html,,positive,True,5,0,0,5,0,0,0,0,5,0,0,5,0,0,5,synthetic,html/syn-0009.html,syn-0009.html,run-none9,synthetic-shop.local,D:\Pet_Codes\science\article-price-tracker\synthetic\html\syn-0009.html,https://synthetic-shop.local/search/syn-0009,https://synthetic-shop.local/search/syn-0009,,,,raw_html,,cd74ad50c209da1e63b8cf432203de06e9f766c9925f9cb93ba74aac26309e91,cd74ad50c209da1e63b8cf432203de06e9f766c9925f9cb93ba74aac26309e91,html/syn-0009.html,syn-0009,nested_cards,html/syn-0009.html,construction_instruments,clean,5,syn-0009,https://synthetic-shop.local/search/syn-0009,cd74ad50c209da1e63b8cf432203de06e9f766c9925f9cb93ba74aac26309e91,synthetic-shop.local,0,synthetic-shop.local,run-none9,,,ok,0.5661000000000058,,21.364100000000008,0,0,0,False,,,,empty,False,21.364100000000008,0.07049999999992451,HTML parse + extraction; shared across modes,5,0,0,,,,0,0,0,1,0,0.0,0.0,0.0,0.0,0.0,0.0,0.0,0.0,0.0
20261002T161451Z-d2eb76ee,synthetic,original_fast,syn-0010,html/syn-0010.html,,positive,True,5,5,5,0,0,1,5,0,0,5,0,0,5,0,0,synthetic,html/syn-0010.html,syn-0010.html,run-none10,synthetic-shop.local,D:\Pet_Codes\science\article-price-tracker\synthetic\html\syn-0010.html,https://synthetic-shop.local/search/syn-0010,https://synthetic-shop.local/search/syn-0010,,,,raw_html,,e2a3a0c3d6c9bead5145b76ea6ce4095449e6dfd6bd96c194343235353ba1162,e2a3a0c3d6c9bead5145b76ea6ce4095449e6dfd6bd96c194343235353ba1162,html/syn-0010.html,syn-0010,mixed_markup,html/syn-0010.html,construction_instruments,clean,5,syn-0010,https://synthetic-shop.local/search/syn-0010,e2a3a0c3d6c9bead5145b76ea6ce4095449e6dfd6bd96c194343235353ba1162,synthetic-shop.local,0,synthetic-shop.local,run-none10,,,ok,1.454599999999914,,48.188499999999976,5,5,5,False,,,,ok,False,48.188499999999976,0.03160000000002583,HTML parse + extraction; shared across modes,5,0,0,1.0,0.0,0.0,0,1,0,0,0,1.0,1.0,1.0,1.0,1.0,1.0,1.0,1.0,1.0
20261002T161451Z-d2eb76ee,synthetic,original_fast,syn-0011,html/syn-0011.html,,positive,True,5,5,5,0,0,1,5,0,0,5,0,0,5,0,0,synthetic,html/syn-0011.html,syn-0011.html,run-none11,synthetic-shop.local,D:\Pet_Codes\science\article-price-tracker\synthetic\html\syn-0011.html,https://synthetic-shop.local/search/syn-0011,https://synthetic-shop.local/search/syn-0011,,,,raw_html,,1b101a835ea51eca17f4e257e6a05e12147cd02760fd0a9579ca18fdacf5fd67,1b101a835ea51eca17f4e257e6a05e12147cd02760fd0a9579ca18fdacf5fd67,html/syn-0011.html,syn-0011,jsonld_cards,html/syn-0011.html,stationery,clean,5,syn-0011,https://synthetic-shop.local/search/syn-0011,1b101a835ea51eca17f4e257e6a05e12147cd02760fd0a9579ca18fdacf5fd67,synthetic-shop.local,0,synthetic-shop.local,run-none11,,,ok,0.5128999999999451,,35.94459999999992,5,5,5,False,,,,ok,False,35.94459999999992,0.03240000000005239,HTML parse + extraction; shared across modes,5,0,0,1.0,0.0,0.0,0,1,0,0,0,1.0,1.0,1.0,1.0,1.0,1.0,1.0,1.0,1.0
20261002T161451Z-d2eb76ee,synthetic,original_fast,syn-0012,html/syn-0012.html,,positive,True,5,5,5,0,0,1,5,0,0,5,0,0,5,0,0,synthetic,html/syn-0012.html,syn-0012.html,run-none12,synthetic-shop.local,D:\Pet_Codes\science\article-price-tracker\synthetic\html\syn-0012.html,https://synthetic-shop.local/search/syn-0012,https://synthetic-shop.local/search/syn-0012,,,,raw_html,,c2120581712d9404a9be023519eaad2b6e9c389d10004d4550b7e97ae92bdf8d,c2120581712d9404a9be023519eaad2b6e9c389d10004d4550b7e97ae92bdf8d,html/syn-0012.html,syn-0012,microdata_cards,html/syn-0012.html,stationery,clean,5,syn-0012,https://synthetic-shop.local/search/syn-0012,c2120581712d9404a9be023519eaad2b6e9c389d10004d4550b7e97ae92bdf8d,synthetic-shop.local,0,synthetic-shop.local,run-none12,,,ok,0.4773000000000138,,28.861599999999953,5,5,5,False,,,,ok,False,28.861599999999953,0.02930000000014843,HTML parse + extraction; shared across modes,5,0,0,1.0,0.0,0.0,0,1,0,0,0,1.0,1.0,1.0,1.0,1.0,1.0,1.0,1.0,1.0
20261002T161451Z-d2eb76ee,synthetic,original_fast,syn-0013,html/syn-0013.html,,positive,True,5,5,5,0,0,1,5,0,0,5,0,0,5,0,0,synthetic,html/syn-0013.html,syn-0013.html,run-none13,synthetic-shop.local,D:\Pet_Codes\science\article-price-tracker\synthetic\html\syn-0013.html,https://synthetic-shop.local/search/syn-0013,https://synthetic-shop.local/search/syn-0013,,,,raw_html,,96525783d033d80e925c77df8e64c934e8f4a411e257330e53ccb230b65f16bc,96525783d033d80e925c77df8e64c934e8f4a411e257330e53ccb230b65f16bc,html/syn-0013.html,syn-0013,plain_cards,html/syn-0013.html,stationery,clean,5,syn-0013,https://synthetic-shop.local/search/syn-0013,96525783d033d80e925c77df8e64c934e8f4a411e257330e53ccb230b65f16bc,synthetic-shop.local,0,synthetic-shop.local,run-none13,,,ok,0.37429999999994834,,24.40039999999999,5,5,5,False,,,,ok,False,24.40039999999999,0.09989999999993415,HTML parse + extraction; shared across modes,5,0,0,1.0,0.0,0.0,0,1,0,0,0,1.0,1.0,1.0,1.0,1.0,1.0,1.0,1.0,1.0
20261002T161451Z-d2eb76ee,synthetic,original_fast,syn-0014,html/syn-0014.html,,positive,True,5,5,5,0,0,1,5,0,0,5,0,0,5,0,0,synthetic,html/syn-0014.html,syn-0014.html,run-none14,synthetic-shop.local,D:\Pet_Codes\science\article-price-tracker\synthetic\html\syn-0014.html,https://synthetic-shop.local/search/syn-0014,https://synthetic-shop.local/search/syn-0014,,,,raw_html,,d8fd4647d23861dbfb551654ae88f620f03f24331e875f172050d59808534dca,d8fd4647d23861dbfb551654ae88f620f03f24331e875f172050d59808534dca,html/syn-0014.html,syn-0014,embedded_state,html/syn-0014.html,stationery,clean,5,syn-0014,https://synthetic-shop.local/search/syn-0014,d8fd4647d23861dbfb551654ae88f620f03f24331e875f172050d59808534dca,synthetic-shop.local,0,synthetic-shop.local,run-none14,,,ok,0.5018000000000029,,6.4715000000001055,5,5,5,False,,,,ok,False,6.4715000000001055,0.027000000000043656,HTML parse + extraction; shared across modes,5,0,0,1.0,0.0,0.0,0,1,0,0,0,1.0,1.0,1.0,1.0,1.0,1.0,1.0,1.0,1.0
20261002T161451Z-d2eb76ee,synthetic,original_fast,syn-0015,html/syn-0015.html,,positive,True,5,0,0,5,0,0,0,0,5,0,0,5,0,0,5,synthetic,html/syn-0015.html,syn-0015.html,run-none15,synthetic-shop.local,D:\Pet_Codes\science\article-price-tracker\synthetic\html\syn-0015.html,https://synthetic-shop.local/search/syn-0015,https://synthetic-shop.local/search/syn-0015,,,,raw_html,,2c98b87c8d128dc6cca9f010f3843a723fd33ddec1bdab9c7a240dfffb49f4e5,2c98b87c8d128dc6cca9f010f3843a723fd33ddec1bdab9c7a240dfffb49f4e5,html/syn-0015.html,syn-0015,detail_grid,html/syn-0015.html,electronics,clean,5,syn-0015,https://synthetic-shop.local/search/syn-0015,2c98b87c8d128dc6cca9f010f3843a723fd33ddec1bdab9c7a240dfffb49f4e5,synthetic-shop.local,0,synthetic-shop.local,run-none15,,,ok,0.42830000000003565,,19.13539999999989,0,0,0,False,,,,empty,False,19.13539999999989,0.03719999999998436,HTML parse + extraction; shared across modes,5,0,0,,,,0,0,0,1,0,0.0,0.0,0.0,0.0,0.0,0.0,0.0,0.0,0.0
20261002T161451Z-d2eb76ee,synthetic,original_fast,syn-0016,html/syn-0016.html,,positive,True,5,0,0,5,0,0,0,0,5,0,0,5,0,0,5,synthetic,html/syn-0016.html,syn-0016.html,run-none16,synthetic-shop.local,D:\Pet_Codes\science\article-price-tracker\synthetic\html\syn-0016.html,https://synthetic-shop.local/search/syn-0016,https://synthetic-shop.local/search/syn-0016,,,,raw_html,,9f64af28cc7b2bf8d3a866c6def7e77a3fd33ee48d10a84ce4be9ec6cee97d9d,9f64af28cc7b2bf8d3a866c6def7e77a3fd33ee48d10a84ce4be9ec6cee97d9d,html/syn-0016.html,syn-0016,table_listing,html/syn-0016.html,electronics,clean,5,syn-0016,https://synthetic-shop.local/search/syn-0016,9f64af28cc7b2bf8d3a866c6def7e77a3fd33ee48d10a84ce4be9ec6cee97d9d,synthetic-shop.local,0,synthetic-shop.local,run-none16,,,ok,0.4453999999998359,,9.289699999999812,0,0,0,False,,,,empty,False,9.289699999999812,0.030200000000149885,HTML parse + extraction; shared across modes,5,0,0,,,,0,0,0,1,0,0.0,0.0,0.0,0.0,0.0,0.0,0.0,0.0,0.0
20261002T161451Z-d2eb76ee,synthetic,original_fast,syn-0017,html/syn-0017.html,,positive,True,5,5,5,0,0,1,5,0,0,5,0,0,5,0,0,synthetic,html/syn-0017.html,syn-0017.html,run-none17,synthetic-shop.local,D:\Pet_Codes\science\article-price-tracker\synthetic\html\syn-0017.html,https://synthetic-shop.local/search/syn-0017,https://synthetic-shop.local/search/syn-0017,,,,raw_html,,868e08818aa93ea36254f0981c9d22a965f12bc62a5d6b9c183210be8c4c64ee,868e08818aa93ea36254f0981c9d22a965f12bc62a5d6b9c183210be8c4c64ee,html/syn-0017.html,syn-0017,semantic_articles,html/syn-0017.html,electronics,clean,5,syn-0017,https://synthetic-shop.local/search/syn-0017,868e08818aa93ea36254f0981c9d22a965f12bc62a5d6b9c183210be8c4c64ee,synthetic-shop.local,0,synthetic-shop.local,run-none17,,,ok,0.5626000000002023,,21.748399999999947,5,5,5,False,,,,ok,False,21.748399999999947,0.028300000000172076,HTML parse + extraction; shared across modes,5,0,0,1.0,0.0,0.0,0,1,0,0,0,1.0,1.0,1.0,1.0,1.0,1.0,1.0,1.0,1.0
20261002T161451Z-d2eb76ee,synthetic,original_fast,syn-0018,html/syn-0018.html,,positive,True,5,0,0,5,0,0,0,0,5,0,0,5,0,0,5,synthetic,html/syn-0018.html,syn-0018.html,run-none18,synthetic-shop.local,D:\Pet_Codes\science\article-price-tracker\synthetic\html\syn-0018.html,https://synthetic-shop.local/search/syn-0018,https://synthetic-shop.local/search/syn-0018,,,,raw_html,,bd41b7bb50eb5e91dfcc033bbd3f5f2b0b4e31ba5b40fd5ce1ce939709fc6070,bd41b7bb50eb5e91dfcc033bbd3f5f2b0b4e31ba5b40fd5ce1ce939709fc6070,html/syn-0018.html,syn-0018,data_attrs,html/syn-0018.html,electronics,clean,5,syn-0018,https://synthetic-shop.local/search/syn-0018,bd41b7bb50eb5e91dfcc033bbd3f5f2b0b4e31ba5b40fd5ce1ce939709fc6070,synthetic-shop.local,0,synthetic-shop.local,run-none18,,,ok,0.38400000000001455,,11.83159999999998,0,0,0,False,,,,empty,False,11.83159999999998,0.05949999999984357,HTML parse + extraction; shared across modes,5,0,0,,,,0,0,0,1,0,0.0,0.0,0.0,0.0,0.0,0.0,0.0,0.0,0.0
20261002T161451Z-d2eb76ee,synthetic,original_fast,syn-0019,html/syn-0019.html,,positive,True,5,0,0,5,0,0,0,0,5,0,0,5,0,0,5,synthetic,html/syn-0019.html,syn-0019.html,run-none19,synthetic-shop.local,D:\Pet_Codes\science\article-price-tracker\synthetic\html\syn-0019.html,https://synthetic-shop.local/search/syn-0019,https://synthetic-shop.local/search/syn-0019,,,,raw_html,,9709ea835b8d713c84edea5827a86e1924e609efb3b7265dab53f2a7f45355cd,9709ea835b8d713c84edea5827a86e1924e609efb3b7265dab53f2a7f45355cd,html/syn-0019.html,syn-0019,nested_cards,html/syn-0019.html,other,clean,5,syn-0019,https://synthetic-shop.local/search/syn-0019,9709ea835b8d713c84edea5827a86e1924e609efb3b7265dab53f2a7f45355cd,synthetic-shop.local,0,synthetic-shop.local,run-none19,,,ok,0.5305999999998221,,14.70530000000008,0,0,0,False,,,,empty,False,14.70530000000008,0.03440000000000509,HTML parse + extraction; shared across modes,5,0,0,,,,0,0,0,1,0,0.0,0.0,0.0,0.0,0.0,0.0,0.0,0.0,0.0
20261002T161451Z-d2eb76ee,synthetic,original_fast,syn-0020,html/syn-0020.html,,positive,True,5,5,5,0,0,1,5,0,0,5,0,0,5,0,0,synthetic,html/syn-0020.html,syn-0020.html,run-none20,synthetic-shop.local,D:\Pet_Codes\science\article-price-tracker\synthetic\html\syn-0020.html,https://synthetic-shop.local/search/syn-0020,https://synthetic-shop.local/search/syn-0020,,,,raw_html,,85aedb3ad9545a37caa15a2b67f2f85b84c9c0ee549b7fa030def253f77f2c13,85aedb3ad9545a37caa15a2b67f2f85b84c9c0ee549b7fa030def253f77f2c13,html/syn-0020.html,syn-0020,mixed_markup,html/syn-0020.html,other,clean,5,syn-0020,https://synthetic-shop.local/search/syn-0020,85aedb3ad9545a37caa15a2b67f2f85b84c9c0ee549b7fa030def253f77f2c13,synthetic-shop.local,0,synthetic-shop.local,run-none20,,,ok,0.5473999999999251,,28.22289999999998,5,5,5,False,,,,ok,False,28.22289999999998,0.009500000000116415,HTML parse + extraction; shared across modes,5,0,0,1.0,0.0,0.0,0,1,0,0,0,1.0,1.0,1.0,1.0,1.0,1.0,1.0,1.0,1.0
20261002T161451Z-d2eb76ee,synthetic,original_fast_query,syn-0001,html/syn-0001.html,,positive,True,5,5,5,0,0,1,5,0,0,5,0,0,5,0,0,synthetic,html/syn-0001.html,syn-0001.html,run-none1,synthetic-shop.local,D:\Pet_Codes\science\article-price-tracker\synthetic\html\syn-0001.html,https://synthetic-shop.local/search/syn-0001,https://synthetic-shop.local/search/syn-0001,,,,raw_html,,042bf11721a916f4b44823fa2c6e53c79792cdc67fd710d1a07a0d97015c13a2,042bf11721a916f4b44823fa2c6e53c79792cdc67fd710d1a07a0d97015c13a2,html/syn-0001.html,syn-0001,jsonld_cards,html/syn-0001.html,construction_instruments,clean,5,syn-0001,https://synthetic-shop.local/search/syn-0001,042bf11721a916f4b44823fa2c6e53c79792cdc67fd710d1a07a0d97015c13a2,synthetic-shop.local,0,synthetic-shop.local,run-none1,,,ok,3.2440999999999462,,257.5622000000001,5,5,5,False,,,,ok,False,257.4163,0.14590000000009695,HTML parse + extraction; shared across modes,5,0,0,1.0,0.0,0.0,0,1,0,0,0,1.0,1.0,1.0,1.0,1.0,1.0,1.0,1.0,1.0
20261002T161451Z-d2eb76ee,synthetic,original_fast_query,syn-0002,html/syn-0002.html,,positive,True,5,5,5,0,0,1,5,0,0,5,0,0,5,0,0,synthetic,html/syn-0002.html,syn-0002.html,run-none2,synthetic-shop.local,D:\Pet_Codes\science\article-price-tracker\synthetic\html\syn-0002.html,https://synthetic-shop.local/search/syn-0002,https://synthetic-shop.local/search/syn-0002,,,,raw_html,,17171cd5fe8f684dba19ad574d83e75a9d92bf472d8e400e664e4d468aaab34e,17171cd5fe8f684dba19ad574d83e75a9d92bf472d8e400e664e4d468aaab34e,html/syn-0002.html,syn-0002,microdata_cards,html/syn-0002.html,construction_instruments,clean,5,syn-0002,https://synthetic-shop.local/search/syn-0002,17171cd5fe8f684dba19ad574d83e75a9d92bf472d8e400e664e4d468aaab34e,synthetic-shop.local,0,synthetic-shop.local,run-none2,,,ok,0.5665000000000191,,53.617399999999975,5,5,5,False,,,,ok,False,53.57129999999995,0.04610000000002401,HTML parse + extraction; shared across modes,5,0,0,1.0,0.0,0.0,0,1,0,0,0,1.0,1.0,1.0,1.0,1.0,1.0,1.0,1.0,1.0
20261002T161451Z-d2eb76ee,synthetic,original_fast_query,syn-0003,html/syn-0003.html,,positive,True,5,5,5,0,0,1,5,0,0,5,0,0,5,0,0,synthetic,html/syn-0003.html,syn-0003.html,run-none3,synthetic-shop.local,D:\Pet_Codes\science\article-price-tracker\synthetic\html\syn-0003.html,https://synthetic-shop.local/search/syn-0003,https://synthetic-shop.local/search/syn-0003,,,,raw_html,,2301e0f464903c9280169092611c0194aa8f79300de653a0b6005af1bf5eae85,2301e0f464903c9280169092611c0194aa8f79300de653a0b6005af1bf5eae85,html/syn-0003.html,syn-0003,plain_cards,html/syn-0003.html,construction_instruments,clean,5,syn-0003,https://synthetic-shop.local/search/syn-0003,2301e0f464903c9280169092611c0194aa8f79300de653a0b6005af1bf5eae85,synthetic-shop.local,0,synthetic-shop.local,run-none3,,,ok,0.5888999999999669,,46.38859999999988,5,5,5,False,,,,ok,False,46.3300999999999,0.0584999999999809,HTML parse + extraction; shared across modes,5,0,0,1.0,0.0,0.0,0,1,0,0,0,1.0,1.0,1.0,1.0,1.0,1.0,1.0,1.0,1.0
20261002T161451Z-d2eb76ee,synthetic,original_fast_query,syn-0004,html/syn-0004.html,,positive,True,5,5,5,0,0,1,5,0,0,5,0,0,5,0,0,synthetic,html/syn-0004.html,syn-0004.html,run-none4,synthetic-shop.local,D:\Pet_Codes\science\article-price-tracker\synthetic\html\syn-0004.html,https://synthetic-shop.local/search/syn-0004,https://synthetic-shop.local/search/syn-0004,,,,raw_html,,c6a75e9a0b34798d4cfba731e855798cae0181bb21b7e5fa2c01ba4460c82609,c6a75e9a0b34798d4cfba731e855798cae0181bb21b7e5fa2c01ba4460c82609,html/syn-0004.html,syn-0004,embedded_state,html/syn-0004.html,construction_instruments,clean,5,syn-0004,https://synthetic-shop.local/search/syn-0004,c6a75e9a0b34798d4cfba731e855798cae0181bb21b7e5fa2c01ba4460c82609,synthetic-shop.local,0,synthetic-shop.local,run-none4,,,ok,0.5348000000000184,,15.126899999999978,5,5,5,False,,,,ok,False,15.087400000000002,0.039499999999975444,HTML parse + extraction; shared across modes,5,0,0,1.0,0.0,0.0,0,1,0,0,0,1.0,1.0,1.0,1.0,1.0,1.0,1.0,1.0,1.0
20261002T161451Z-d2eb76ee,synthetic,original_fast_query,syn-0005,html/syn-0005.html,,positive,True,5,0,0,5,0,0,0,0,5,0,0,5,0,0,5,synthetic,html/syn-0005.html,syn-0005.html,run-none5,synthetic-shop.local,D:\Pet_Codes\science\article-price-tracker\synthetic\html\syn-0005.html,https://synthetic-shop.local/search/syn-0005,https://synthetic-shop.local/search/syn-0005,,,,raw_html,,087db53f8eff747307ac34667ca34ce250061e2d91f75acbcae4077b5222f9a4,087db53f8eff747307ac34667ca34ce250061e2d91f75acbcae4077b5222f9a4,html/syn-0005.html,syn-0005,detail_grid,html/syn-0005.html,construction_instruments,clean,5,syn-0005,https://synthetic-shop.local/search/syn-0005,087db53f8eff747307ac34667ca34ce250061e2d91f75acbcae4077b5222f9a4,synthetic-shop.local,0,synthetic-shop.local,run-none5,,,ok,0.5610000000000355,,31.6884,0,0,0,False,,,,empty,False,31.60559999999998,0.08280000000002019,HTML parse + extraction; shared across modes,5,0,0,,,,0,0,0,1,0,0.0,0.0,0.0,0.0,0.0,0.0,0.0,0.0,0.0
20261002T161451Z-d2eb76ee,synthetic,original_fast_query,syn-0006,html/syn-0006.html,,positive,True,5,0,0,5,0,0,0,0,5,0,0,5,0,0,5,synthetic,html/syn-0006.html,syn-0006.html,run-none6,synthetic-shop.local,D:\Pet_Codes\science\article-price-tracker\synthetic\html\syn-0006.html,https://synthetic-shop.local/search/syn-0006,https://synthetic-shop.local/search/syn-0006,,,,raw_html,,9b7b25c4281a844d83d16da90a89fbbe20097ece3cd07208317d741a79a41972,9b7b25c4281a844d83d16da90a89fbbe20097ece3cd07208317d741a79a41972,html/syn-0006.html,syn-0006,table_listing,html/syn-0006.html,construction_instruments,clean,5,syn-0006,https://synthetic-shop.local/search/syn-0006,9b7b25c4281a844d83d16da90a89fbbe20097ece3cd07208317d741a79a41972,synthetic-shop.local,0,synthetic-shop.local,run-none6,,,ok,0.4813000000000329,,20.27150000000006,0,0,0,False,,,,empty,False,20.228200000000015,0.04330000000004475,HTML parse + extraction; shared across modes,5,0,0,,,,0,0,0,1,0,0.0,0.0,0.0,0.0,0.0,0.0,0.0,0.0,0.0
20261002T161451Z-d2eb76ee,synthetic,original_fast_query,syn-0007,html/syn-0007.html,,positive,True,5,5,5,0,0,1,5,0,0,5,0,0,5,0,0,synthetic,html/syn-0007.html,syn-0007.html,run-none7,synthetic-shop.local,D:\Pet_Codes\science\article-price-tracker\synthetic\html\syn-0007.html,https://synthetic-shop.local/search/syn-0007,https://synthetic-shop.local/search/syn-0007,,,,raw_html,,c579269483f7ea8e2e5913c682f17dd9213c078160dd246a383e07d4ea7ba72b,c579269483f7ea8e2e5913c682f17dd9213c078160dd246a383e07d4ea7ba72b,html/syn-0007.html,syn-0007,semantic_articles,html/syn-0007.html,construction_instruments,clean,5,syn-0007,https://synthetic-shop.local/search/syn-0007,c579269483f7ea8e2e5913c682f17dd9213c078160dd246a383e07d4ea7ba72b,synthetic-shop.local,0,synthetic-shop.local,run-none7,,,ok,0.7729999999999109,,26.438800000000015,5,5,5,False,,,,ok,False,26.407699999999977,0.031100000000037653,HTML parse + extraction; shared across modes,5,0,0,1.0,0.0,0.0,0,1,0,0,0,1.0,1.0,1.0,1.0,1.0,1.0,1.0,1.0,1.0
20261002T161451Z-d2eb76ee,synthetic,original_fast_query,syn-0008,html/syn-0008.html,,positive,True,5,0,0,5,0,0,0,0,5,0,0,5,0,0,5,synthetic,html/syn-0008.html,syn-0008.html,run-none8,synthetic-shop.local,D:\Pet_Codes\science\article-price-tracker\synthetic\html\syn-0008.html,https://synthetic-shop.local/search/syn-0008,https://synthetic-shop.local/search/syn-0008,,,,raw_html,,ac570442bf23f8c22894c4eb47973dace2e0b1709c1d8c1dd7d340029bb6bdea,ac570442bf23f8c22894c4eb47973dace2e0b1709c1d8c1dd7d340029bb6bdea,html/syn-0008.html,syn-0008,data_attrs,html/syn-0008.html,construction_instruments,clean,5,syn-0008,https://synthetic-shop.local/search/syn-0008,ac570442bf23f8c22894c4eb47973dace2e0b1709c1d8c1dd7d340029bb6bdea,synthetic-shop.local,0,synthetic-shop.local,run-none8,,,ok,0.4434999999999718,,18.729900000000043,0,0,0,False,,,,empty,False,18.683400000000006,0.04650000000003729,HTML parse + extraction; shared across modes,5,0,0,,,,0,0,0,1,0,0.0,0.0,0.0,0.0,0.0,0.0,0.0,0.0,0.0
20261002T161451Z-d2eb76ee,synthetic,original_fast_query,syn-0009,html/syn-0009.html,,positive,True,5,0,0,5,0,0,0,0,5,0,0,5,0,0,5,synthetic,html/syn-0009.html,syn-0009.html,run-none9,synthetic-shop.local,D:\Pet_Codes\science\article-price-tracker\synthetic\html\syn-0009.html,https://synthetic-shop.local/search/syn-0009,https://synthetic-shop.local/search/syn-0009,,,,raw_html,,cd74ad50c209da1e63b8cf432203de06e9f766c9925f9cb93ba74aac26309e91,cd74ad50c209da1e63b8cf432203de06e9f766c9925f9cb93ba74aac26309e91,html/syn-0009.html,syn-0009,nested_cards,html/syn-0009.html,construction_instruments,clean,5,syn-0009,https://synthetic-shop.local/search/syn-0009,cd74ad50c209da1e63b8cf432203de06e9f766c9925f9cb93ba74aac26309e91,synthetic-shop.local,0,synthetic-shop.local,run-none9,,,ok,0.5661000000000058,,21.434599999999932,0,0,0,False,,,,empty,False,21.364100000000008,0.07049999999992451,HTML parse + extraction; shared across modes,5,0,0,,,,0,0,0,1,0,0.0,0.0,0.0,0.0,0.0,0.0,0.0,0.0,0.0
20261002T161451Z-d2eb76ee,synthetic,original_fast_query,syn-0010,html/syn-0010.html,,positive,True,5,5,5,0,0,1,5,0,0,5,0,0,5,0,0,synthetic,html/syn-0010.html,syn-0010.html,run-none10,synthetic-shop.local,D:\Pet_Codes\science\article-price-tracker\synthetic\html\syn-0010.html,https://synthetic-shop.local/search/syn-0010,https://synthetic-shop.local/search/syn-0010,,,,raw_html,,e2a3a0c3d6c9bead5145b76ea6ce4095449e6dfd6bd96c194343235353ba1162,e2a3a0c3d6c9bead5145b76ea6ce4095449e6dfd6bd96c194343235353ba1162,html/syn-0010.html,syn-0010,mixed_markup,html/syn-0010.html,construction_instruments,clean,5,syn-0010,https://synthetic-shop.local/search/syn-0010,e2a3a0c3d6c9bead5145b76ea6ce4095449e6dfd6bd96c194343235353ba1162,synthetic-shop.local,0,synthetic-shop.local,run-none10,,,ok,1.454599999999914,,48.2201,5,5,5,False,,,,ok,False,48.188499999999976,0.03160000000002583,HTML parse + extraction; shared across modes,5,0,0,1.0,0.0,0.0,0,1,0,0,0,1.0,1.0,1.0,1.0,1.0,1.0,1.0,1.0,1.0
20261002T161451Z-d2eb76ee,synthetic,original_fast_query,syn-0011,html/syn-0011.html,,positive,True,5,5,5,0,0,1,5,0,0,5,0,0,5,0,0,synthetic,html/syn-0011.html,syn-0011.html,run-none11,synthetic-shop.local,D:\Pet_Codes\science\article-price-tracker\synthetic\html\syn-0011.html,https://synthetic-shop.local/search/syn-0011,https://synthetic-shop.local/search/syn-0011,,,,raw_html,,1b101a835ea51eca17f4e257e6a05e12147cd02760fd0a9579ca18fdacf5fd67,1b101a835ea51eca17f4e257e6a05e12147cd02760fd0a9579ca18fdacf5fd67,html/syn-0011.html,syn-0011,jsonld_cards,html/syn-0011.html,stationery,clean,5,syn-0011,https://synthetic-shop.local/search/syn-0011,1b101a835ea51eca17f4e257e6a05e12147cd02760fd0a9579ca18fdacf5fd67,synthetic-shop.local,0,synthetic-shop.local,run-none11,,,ok,0.5128999999999451,,35.976999999999975,5,5,5,False,,,,ok,False,35.94459999999992,0.03240000000005239,HTML parse + extraction; shared across modes,5,0,0,1.0,0.0,0.0,0,1,0,0,0,1.0,1.0,1.0,1.0,1.0,1.0,1.0,1.0,1.0
20261002T161451Z-d2eb76ee,synthetic,original_fast_query,syn-0012,html/syn-0012.html,,positive,True,5,5,5,0,0,1,5,0,0,5,0,0,5,0,0,synthetic,html/syn-0012.html,syn-0012.html,run-none12,synthetic-shop.local,D:\Pet_Codes\science\article-price-tracker\synthetic\html\syn-0012.html,https://synthetic-shop.local/search/syn-0012,https://synthetic-shop.local/search/syn-0012,,,,raw_html,,c2120581712d9404a9be023519eaad2b6e9c389d10004d4550b7e97ae92bdf8d,c2120581712d9404a9be023519eaad2b6e9c389d10004d4550b7e97ae92bdf8d,html/syn-0012.html,syn-0012,microdata_cards,html/syn-0012.html,stationery,clean,5,syn-0012,https://synthetic-shop.local/search/syn-0012,c2120581712d9404a9be023519eaad2b6e9c389d10004d4550b7e97ae92bdf8d,synthetic-shop.local,0,synthetic-shop.local,run-none12,,,ok,0.4773000000000138,,28.8909000000001,5,5,5,False,,,,ok,False,28.861599999999953,0.02930000000014843,HTML parse + extraction; shared across modes,5,0,0,1.0,0.0,0.0,0,1,0,0,0,1.0,1.0,1.0,1.0,1.0,1.0,1.0,1.0,1.0
20261002T161451Z-d2eb76ee,synthetic,original_fast_query,syn-0013,html/syn-0013.html,,positive,True,5,5,5,0,0,1,5,0,0,5,0,0,5,0,0,synthetic,html/syn-0013.html,syn-0013.html,run-none13,synthetic-shop.local,D:\Pet_Codes\science\article-price-tracker\synthetic\html\syn-0013.html,https://synthetic-shop.local/search/syn-0013,https://synthetic-shop.local/search/syn-0013,,,,raw_html,,96525783d033d80e925c77df8e64c934e8f4a411e257330e53ccb230b65f16bc,96525783d033d80e925c77df8e64c934e8f4a411e257330e53ccb230b65f16bc,html/syn-0013.html,syn-0013,plain_cards,html/syn-0013.html,stationery,clean,5,syn-0013,https://synthetic-shop.local/search/syn-0013,96525783d033d80e925c77df8e64c934e8f4a411e257330e53ccb230b65f16bc,synthetic-shop.local,0,synthetic-shop.local,run-none13,,,ok,0.37429999999994834,,24.500299999999925,5,5,5,False,,,,ok,False,24.40039999999999,0.09989999999993415,HTML parse + extraction; shared across modes,5,0,0,1.0,0.0,0.0,0,1,0,0,0,1.0,1.0,1.0,1.0,1.0,1.0,1.0,1.0,1.0
20261002T161451Z-d2eb76ee,synthetic,original_fast_query,syn-0014,html/syn-0014.html,,positive,True,5,5,5,0,0,1,5,0,0,5,0,0,5,0,0,synthetic,html/syn-0014.html,syn-0014.html,run-none14,synthetic-shop.local,D:\Pet_Codes\science\article-price-tracker\synthetic\html\syn-0014.html,https://synthetic-shop.local/search/syn-0014,https://synthetic-shop.local/search/syn-0014,,,,raw_html,,d8fd4647d23861dbfb551654ae88f620f03f24331e875f172050d59808534dca,d8fd4647d23861dbfb551654ae88f620f03f24331e875f172050d59808534dca,html/syn-0014.html,syn-0014,embedded_state,html/syn-0014.html,stationery,clean,5,syn-0014,https://synthetic-shop.local/search/syn-0014,d8fd4647d23861dbfb551654ae88f620f03f24331e875f172050d59808534dca,synthetic-shop.local,0,synthetic-shop.local,run-none14,,,ok,0.5018000000000029,,6.498500000000149,5,5,5,False,,,,ok,False,6.4715000000001055,0.027000000000043656,HTML parse + extraction; shared across modes,5,0,0,1.0,0.0,0.0,0,1,0,0,0,1.0,1.0,1.0,1.0,1.0,1.0,1.0,1.0,1.0
20261002T161451Z-d2eb76ee,synthetic,original_fast_query,syn-0015,html/syn-0015.html,,positive,True,5,0,0,5,0,0,0,0,5,0,0,5,0,0,5,synthetic,html/syn-0015.html,syn-0015.html,run-none15,synthetic-shop.local,D:\Pet_Codes\science\article-price-tracker\synthetic\html\syn-0015.html,https://synthetic-shop.local/search/syn-0015,https://synthetic-shop.local/search/syn-0015,,,,raw_html,,2c98b87c8d128dc6cca9f010f3843a723fd33ddec1bdab9c7a240dfffb49f4e5,2c98b87c8d128dc6cca9f010f3843a723fd33ddec1bdab9c7a240dfffb49f4e5,html/syn-0015.html,syn-0015,detail_grid,html/syn-0015.html,electronics,clean,5,syn-0015,https://synthetic-shop.local/search/syn-0015,2c98b87c8d128dc6cca9f010f3843a723fd33ddec1bdab9c7a240dfffb49f4e5,synthetic-shop.local,0,synthetic-shop.local,run-none15,,,ok,0.42830000000003565,,19.172599999999875,0,0,0,False,,,,empty,False,19.13539999999989,0.03719999999998436,HTML parse + extraction; shared across modes,5,0,0,,,,0,0,0,1,0,0.0,0.0,0.0,0.0,0.0,0.0,0.0,0.0,0.0
20261002T161451Z-d2eb76ee,synthetic,original_fast_query,syn-0016,html/syn-0016.html,,positive,True,5,0,0,5,0,0,0,0,5,0,0,5,0,0,5,synthetic,html/syn-0016.html,syn-0016.html,run-none16,synthetic-shop.local,D:\Pet_Codes\science\article-price-tracker\synthetic\html\syn-0016.html,https://synthetic-shop.local/search/syn-0016,https://synthetic-shop.local/search/syn-0016,,,,raw_html,,9f64af28cc7b2bf8d3a866c6def7e77a3fd33ee48d10a84ce4be9ec6cee97d9d,9f64af28cc7b2bf8d3a866c6def7e77a3fd33ee48d10a84ce4be9ec6cee97d9d,html/syn-0016.html,syn-0016,table_listing,html/syn-0016.html,electronics,clean,5,syn-0016,https://synthetic-shop.local/search/syn-0016,9f64af28cc7b2bf8d3a866c6def7e77a3fd33ee48d10a84ce4be9ec6cee97d9d,synthetic-shop.local,0,synthetic-shop.local,run-none16,,,ok,0.4453999999998359,,9.319899999999961,0,0,0,False,,,,empty,False,9.289699999999812,0.030200000000149885,HTML parse + extraction; shared across modes,5,0,0,,,,0,0,0,1,0,0.0,0.0,0.0,0.0,0.0,0.0,0.0,0.0,0.0
20261002T161451Z-d2eb76ee,synthetic,original_fast_query,syn-0017,html/syn-0017.html,,positive,True,5,5,5,0,0,1,5,0,0,5,0,0,5,0,0,synthetic,html/syn-0017.html,syn-0017.html,run-none17,synthetic-shop.local,D:\Pet_Codes\science\article-price-tracker\synthetic\html\syn-0017.html,https://synthetic-shop.local/search/syn-0017,https://synthetic-shop.local/search/syn-0017,,,,raw_html,,868e08818aa93ea36254f0981c9d22a965f12bc62a5d6b9c183210be8c4c64ee,868e08818aa93ea36254f0981c9d22a965f12bc62a5d6b9c183210be8c4c64ee,html/syn-0017.html,syn-0017,semantic_articles,html/syn-0017.html,electronics,clean,5,syn-0017,https://synthetic-shop.local/search/syn-0017,868e08818aa93ea36254f0981c9d22a965f12bc62a5d6b9c183210be8c4c64ee,synthetic-shop.local,0,synthetic-shop.local,run-none17,,,ok,0.5626000000002023,,21.77670000000012,5,5,5,False,,,,ok,False,21.748399999999947,0.028300000000172076,HTML parse + extraction; shared across modes,5,0,0,1.0,0.0,0.0,0,1,0,0,0,1.0,1.0,1.0,1.0,1.0,1.0,1.0,1.0,1.0
20261002T161451Z-d2eb76ee,synthetic,original_fast_query,syn-0018,html/syn-0018.html,,positive,True,5,0,0,5,0,0,0,0,5,0,0,5,0,0,5,synthetic,html/syn-0018.html,syn-0018.html,run-none18,synthetic-shop.local,D:\Pet_Codes\science\article-price-tracker\synthetic\html\syn-0018.html,https://synthetic-shop.local/search/syn-0018,https://synthetic-shop.local/search/syn-0018,,,,raw_html,,bd41b7bb50eb5e91dfcc033bbd3f5f2b0b4e31ba5b40fd5ce1ce939709fc6070,bd41b7bb50eb5e91dfcc033bbd3f5f2b0b4e31ba5b40fd5ce1ce939709fc6070,html/syn-0018.html,syn-0018,data_attrs,html/syn-0018.html,electronics,clean,5,syn-0018,https://synthetic-shop.local/search/syn-0018,bd41b7bb50eb5e91dfcc033bbd3f5f2b0b4e31ba5b40fd5ce1ce939709fc6070,synthetic-shop.local,0,synthetic-shop.local,run-none18,,,ok,0.38400000000001455,,11.891099999999824,0,0,0,False,,,,empty,False,11.83159999999998,0.05949999999984357,HTML parse + extraction; shared across modes,5,0,0,,,,0,0,0,1,0,0.0,0.0,0.0,0.0,0.0,0.0,0.0,0.0,0.0
20261002T161451Z-d2eb76ee,synthetic,original_fast_query,syn-0019,html/syn-0019.html,,positive,True,5,0,0,5,0,0,0,0,5,0,0,5,0,0,5,synthetic,html/syn-0019.html,syn-0019.html,run-none19,synthetic-shop.local,D:\Pet_Codes\science\article-price-tracker\synthetic\html\syn-0019.html,https://synthetic-shop.local/search/syn-0019,https://synthetic-shop.local/search/syn-0019,,,,raw_html,,9709ea835b8d713c84edea5827a86e1924e609efb3b7265dab53f2a7f45355cd,9709ea835b8d713c84edea5827a86e1924e609efb3b7265dab53f2a7f45355cd,html/syn-0019.html,syn-0019,nested_cards,html/syn-0019.html,other,clean,5,syn-0019,https://synthetic-shop.local/search/syn-0019,9709ea835b8d713c84edea5827a86e1924e609efb3b7265dab53f2a7f45355cd,synthetic-shop.local,0,synthetic-shop.local,run-none19,,,ok,0.5305999999998221,,14.739700000000084,0,0,0,False,,,,empty,False,14.70530000000008,0.03440000000000509,HTML parse + extraction; shared across modes,5,0,0,,,,0,0,0,1,0,0.0,0.0,0.0,0.0,0.0,0.0,0.0,0.0,0.0
20261002T161451Z-d2eb76ee,synthetic,original_fast_query,syn-0020,html/syn-0020.html,,positive,True,5,5,5,0,0,1,5,0,0,5,0,0,5,0,0,synthetic,html/syn-0020.html,syn-0020.html,run-none20,synthetic-shop.local,D:\Pet_Codes\science\article-price-tracker\synthetic\html\syn-0020.html,https://synthetic-shop.local/search/syn-0020,https://synthetic-shop.local/search/syn-0020,,,,raw_html,,85aedb3ad9545a37caa15a2b67f2f85b84c9c0ee549b7fa030def253f77f2c13,85aedb3ad9545a37caa15a2b67f2f85b84c9c0ee549b7fa030def253f77f2c13,html/syn-0020.html,syn-0020,mixed_markup,html/syn-0020.html,other,clean,5,syn-0020,https://synthetic-shop.local/search/syn-0020,85aedb3ad9545a37caa15a2b67f2f85b84c9c0ee549b7fa030def253f77f2c13,synthetic-shop.local,0,synthetic-shop.local,run-none20,,,ok,0.5473999999999251,,28.232400000000098,5,5,5,False,,,,ok,False,28.22289999999998,0.009500000000116415,HTML parse + extraction; shared across modes,5,0,0,1.0,0.0,0.0,0,1,0,0,0,1.0,1.0,1.0,1.0,1.0,1.0,1.0,1.0,1.0
