benchmark_run_id,dataset,variant,page_id,html_key,html_file,source,extraction_status,skip_reason,html_read_ms,html_parse_ms,extract_ms,candidate_count,deduplicated_count,returned_count,candidate_limit_hit,error_type,error_message,error_traceback,original_status,replay_cached,shared_extraction_ms,query_filter_ms,timing_scope
20261002T161451Z-d2eb76ee,synthetic,original_fast,syn-0001,syn-0001.html,html/syn-0001.html,synthetic-shop.local,ok,,3.2440999999999462,,257.4163,5,5,5,False,,,,ok,False,257.4163,0.14590000000009695,HTML parse + extraction; shared across modes
20261002T161451Z-d2eb76ee,synthetic,original_fast_query,syn-0001,syn-0001.html,html/syn-0001.html,synthetic-shop.local,ok,,3.2440999999999462,,257.5622000000001,5,5,5,False,,,,ok,False,257.4163,0.14590000000009695,HTML parse + extraction; shared across modes
20261002T161451Z-d2eb76ee,synthetic,original_fast,syn-0002,syn-0002.html,html/syn-0002.html,synthetic-shop.local,ok,,0.5665000000000191,,53.57129999999995,5,5,5,False,,,,ok,False,53.57129999999995,0.04610000000002401,HTML parse + extraction; shared across modes
20261002T161451Z-d2eb76ee,synthetic,original_fast_query,syn-0002,syn-0002.html,html/syn-0002.html,synthetic-shop.local,ok,,0.5665000000000191,,53.617399999999975,5,5,5,False,,,,ok,False,53.57129999999995,0.04610000000002401,HTML parse + extraction; shared across modes
20261002T161451Z-d2eb76ee,synthetic,original_fast,syn-0003,syn-0003.html,html/syn-0003.html,synthetic-shop.local,ok,,0.5888999999999669,,46.3300999999999,5,5,5,False,,,,ok,False,46.3300999999999,0.0584999999999809,HTML parse + extraction; shared across modes
20261002T161451Z-d2eb76ee,synthetic,original_fast_query,syn-0003,syn-0003.html,html/syn-0003.html,synthetic-shop.local,ok,,0.5888999999999669,,46.38859999999988,5,5,5,False,,,,ok,False,46.3300999999999,0.0584999999999809,HTML parse + extraction; shared across modes
20261002T161451Z-d2eb76ee,synthetic,original_fast,syn-0004,syn-0004.html,html/syn-0004.html,synthetic-shop.local,ok,,0.5348000000000184,,15.087400000000002,5,5,5,False,,,,ok,False,15.087400000000002,0.039499999999975444,HTML parse + extraction; shared across modes
20261002T161451Z-d2eb76ee,synthetic,original_fast_query,syn-0004,syn-0004.html,html/syn-0004.html,synthetic-shop.local,ok,,0.5348000000000184,,15.126899999999978,5,5,5,False,,,,ok,False,15.087400000000002,0.039499999999975444,HTML parse + extraction; shared across modes
20261002T161451Z-d2eb76ee,synthetic,original_fast,syn-0005,syn-0005.html,html/syn-0005.html,synthetic-shop.local,ok,,0.5610000000000355,,31.60559999999998,0,0,0,False,,,,empty,False,31.60559999999998,0.08280000000002019,HTML parse + extraction; shared across modes
20261002T161451Z-d2eb76ee,synthetic,original_fast_query,syn-0005,syn-0005.html,html/syn-0005.html,synthetic-shop.local,ok,,0.5610000000000355,,31.6884,0,0,0,False,,,,empty,False,31.60559999999998,0.08280000000002019,HTML parse + extraction; shared across modes
20261002T161451Z-d2eb76ee,synthetic,original_fast,syn-0006,syn-0006.html,html/syn-0006.html,synthetic-shop.local,ok,,0.4813000000000329,,20.228200000000015,0,0,0,False,,,,empty,False,20.228200000000015,0.04330000000004475,HTML parse + extraction; shared across modes
20261002T161451Z-d2eb76ee,synthetic,original_fast_query,syn-0006,syn-0006.html,html/syn-0006.html,synthetic-shop.local,ok,,0.4813000000000329,,20.27150000000006,0,0,0,False,,,,empty,False,20.228200000000015,0.04330000000004475,HTML parse + extraction; shared across modes
20261002T161451Z-d2eb76ee,synthetic,original_fast,syn-0007,syn-0007.html,html/syn-0007.html,synthetic-shop.local,ok,,0.7729999999999109,,26.407699999999977,5,5,5,False,,,,ok,False,26.407699999999977,0.031100000000037653,HTML parse + extraction; shared across modes
20261002T161451Z-d2eb76ee,synthetic,original_fast_query,syn-0007,syn-0007.html,html/syn-0007.html,synthetic-shop.local,ok,,0.7729999999999109,,26.438800000000015,5,5,5,False,,,,ok,False,26.407699999999977,0.031100000000037653,HTML parse + extraction; shared across modes
20261002T161451Z-d2eb76ee,synthetic,original_fast,syn-0008,syn-0008.html,html/syn-0008.html,synthetic-shop.local,ok,,0.4434999999999718,,18.683400000000006,0,0,0,False,,,,empty,False,18.683400000000006,0.04650000000003729,HTML parse + extraction; shared across modes
20261002T161451Z-d2eb76ee,synthetic,original_fast_query,syn-0008,syn-0008.html,html/syn-0008.html,synthetic-shop.local,ok,,0.4434999999999718,,18.729900000000043,0,0,0,False,,,,empty,False,18.683400000000006,0.04650000000003729,HTML parse + extraction; shared across modes
20261002T161451Z-d2eb76ee,synthetic,original_fast,syn-0009,syn-0009.html,html/syn-0009.html,synthetic-shop.local,ok,,0.5661000000000058,,21.364100000000008,0,0,0,False,,,,empty,False,21.364100000000008,0.07049999999992451,HTML parse + extraction; shared across modes
20261002T161451Z-d2eb76ee,synthetic,original_fast_query,syn-0009,syn-0009.html,html/syn-0009.html,synthetic-shop.local,ok,,0.5661000000000058,,21.434599999999932,0,0,0,False,,,,empty,False,21.364100000000008,0.07049999999992451,HTML parse + extraction; shared across modes
20261002T161451Z-d2eb76ee,synthetic,original_fast,syn-0010,syn-0010.html,html/syn-0010.html,synthetic-shop.local,ok,,1.454599999999914,,48.188499999999976,5,5,5,False,,,,ok,False,48.188499999999976,0.03160000000002583,HTML parse + extraction; shared across modes
20261002T161451Z-d2eb76ee,synthetic,original_fast_query,syn-0010,syn-0010.html,html/syn-0010.html,synthetic-shop.local,ok,,1.454599999999914,,48.2201,5,5,5,False,,,,ok,False,48.188499999999976,0.03160000000002583,HTML parse + extraction; shared across modes
20261002T161451Z-d2eb76ee,synthetic,original_fast,syn-0011,syn-0011.html,html/syn-0011.html,synthetic-shop.local,ok,,0.5128999999999451,,35.94459999999992,5,5,5,False,,,,ok,False,35.94459999999992,0.03240000000005239,HTML parse + extraction; shared across modes
20261002T161451Z-d2eb76ee,synthetic,original_fast_query,syn-0011,syn-0011.html,html/syn-0011.html,synthetic-shop.local,ok,,0.5128999999999451,,35.976999999999975,5,5,5,False,,,,ok,False,35.94459999999992,0.03240000000005239,HTML parse + extraction; shared across modes
20261002T161451Z-d2eb76ee,synthetic,original_fast,syn-0012,syn-0012.html,html/syn-0012.html,synthetic-shop.local,ok,,0.4773000000000138,,28.861599999999953,5,5,5,False,,,,ok,False,28.861599999999953,0.02930000000014843,HTML parse + extraction; shared across modes
20261002T161451Z-d2eb76ee,synthetic,original_fast_query,syn-0012,syn-0012.html,html/syn-0012.html,synthetic-shop.local,ok,,0.4773000000000138,,28.8909000000001,5,5,5,False,,,,ok,False,28.861599999999953,0.02930000000014843,HTML parse + extraction; shared across modes
20261002T161451Z-d2eb76ee,synthetic,original_fast,syn-0013,syn-0013.html,html/syn-0013.html,synthetic-shop.local,ok,,0.37429999999994834,,24.40039999999999,5,5,5,False,,,,ok,False,24.40039999999999,0.09989999999993415,HTML parse + extraction; shared across modes
20261002T161451Z-d2eb76ee,synthetic,original_fast_query,syn-0013,syn-0013.html,html/syn-0013.html,synthetic-shop.local,ok,,0.37429999999994834,,24.500299999999925,5,5,5,False,,,,ok,False,24.40039999999999,0.09989999999993415,HTML parse + extraction; shared across modes
20261002T161451Z-d2eb76ee,synthetic,original_fast,syn-0014,syn-0014.html,html/syn-0014.html,synthetic-shop.local,ok,,0.5018000000000029,,6.4715000000001055,5,5,5,False,,,,ok,False,6.4715000000001055,0.027000000000043656,HTML parse + extraction; shared across modes
20261002T161451Z-d2eb76ee,synthetic,original_fast_query,syn-0014,syn-0014.html,html/syn-0014.html,synthetic-shop.local,ok,,0.5018000000000029,,6.498500000000149,5,5,5,False,,,,ok,False,6.4715000000001055,0.027000000000043656,HTML parse + extraction; shared across modes
20261002T161451Z-d2eb76ee,synthetic,original_fast,syn-0015,syn-0015.html,html/syn-0015.html,synthetic-shop.local,ok,,0.42830000000003565,,19.13539999999989,0,0,0,False,,,,empty,False,19.13539999999989,0.03719999999998436,HTML parse + extraction; shared across modes
20261002T161451Z-d2eb76ee,synthetic,original_fast_query,syn-0015,syn-0015.html,html/syn-0015.html,synthetic-shop.local,ok,,0.42830000000003565,,19.172599999999875,0,0,0,False,,,,empty,False,19.13539999999989,0.03719999999998436,HTML parse + extraction; shared across modes
20261002T161451Z-d2eb76ee,synthetic,original_fast,syn-0016,syn-0016.html,html/syn-0016.html,synthetic-shop.local,ok,,0.4453999999998359,,9.289699999999812,0,0,0,False,,,,empty,False,9.289699999999812,0.030200000000149885,HTML parse + extraction; shared across modes
20261002T161451Z-d2eb76ee,synthetic,original_fast_query,syn-0016,syn-0016.html,html/syn-0016.html,synthetic-shop.local,ok,,0.4453999999998359,,9.319899999999961,0,0,0,False,,,,empty,False,9.289699999999812,0.030200000000149885,HTML parse + extraction; shared across modes
20261002T161451Z-d2eb76ee,synthetic,original_fast,syn-0017,syn-0017.html,html/syn-0017.html,synthetic-shop.local,ok,,0.5626000000002023,,21.748399999999947,5,5,5,False,,,,ok,False,21.748399999999947,0.028300000000172076,HTML parse + extraction; shared across modes
20261002T161451Z-d2eb76ee,synthetic,original_fast_query,syn-0017,syn-0017.html,html/syn-0017.html,synthetic-shop.local,ok,,0.5626000000002023,,21.77670000000012,5,5,5,False,,,,ok,False,21.748399999999947,0.028300000000172076,HTML parse + extraction; shared across modes
20261002T161451Z-d2eb76ee,synthetic,original_fast,syn-0018,syn-0018.html,html/syn-0018.html,synthetic-shop.local,ok,,0.38400000000001455,,11.83159999999998,0,0,0,False,,,,empty,False,11.83159999999998,0.05949999999984357,HTML parse + extraction; shared across modes
20261002T161451Z-d2eb76ee,synthetic,original_fast_query,syn-0018,syn-0018.html,html/syn-0018.html,synthetic-shop.local,ok,,0.38400000000001455,,11.891099999999824,0,0,0,False,,,,empty,False,11.83159999999998,0.05949999999984357,HTML parse + extraction; shared across modes
20261002T161451Z-d2eb76ee,synthetic,original_fast,syn-0019,syn-0019.html,html/syn-0019.html,synthetic-shop.local,ok,,0.5305999999998221,,14.70530000000008,0,0,0,False,,,,empty,False,14.70530000000008,0.03440000000000509,HTML parse + extraction; shared across modes
20261002T161451Z-d2eb76ee,synthetic,original_fast_query,syn-0019,syn-0019.html,html/syn-0019.html,synthetic-shop.local,ok,,0.5305999999998221,,14.739700000000084,0,0,0,False,,,,empty,False,14.70530000000008,0.03440000000000509,HTML parse + extraction; shared across modes
20261002T161451Z-d2eb76ee,synthetic,original_fast,syn-0020,syn-0020.html,html/syn-0020.html,synthetic-shop.local,ok,,0.5473999999999251,,28.22289999999998,5,5,5,False,,,,ok,False,28.22289999999998,0.009500000000116415,HTML parse + extraction; shared across modes
20261002T161451Z-d2eb76ee,synthetic,original_fast_query,syn-0020,syn-0020.html,html/syn-0020.html,synthetic-shop.local,ok,,0.5473999999999251,,28.232400000000098,5,5,5,False,,,,ok,False,28.22289999999998,0.009500000000116415,HTML parse + extraction; shared across modes
