dataset,page_id,html_file,html_key,run_id,source,product_url,variant,pred_name,pred_price,pred_in_stock,extract_notes,html_path
synthetic,syn-0001,html/syn-0001.html,syn-0001.html,run-none1,synthetic-shop.local,https://synthetic-shop.local/product/laser-level-01-01,original_fast,Лазерный уровень ЛУ-360 Pro,12990,False,pipeline:generic:synthetic-shop.local,D:\Pet_Codes\science\article-price-tracker\synthetic\html\syn-0001.html
synthetic,syn-0001,html/syn-0001.html,syn-0001.html,run-none1,synthetic-shop.local,https://synthetic-shop.local/product/laser-rangefinder-01-02,original_fast,Дальномер лазерный DM-80,7039,True,pipeline:generic:synthetic-shop.local,D:\Pet_Codes\science\article-price-tracker\synthetic\html\syn-0001.html
synthetic,syn-0001,html/syn-0001.html,syn-0001.html,run-none1,synthetic-shop.local,https://synthetic-shop.local/product/multimeter-01-03,original_fast,Мультиметр цифровой M830 Pro,1916,True,pipeline:generic:synthetic-shop.local,D:\Pet_Codes\science\article-price-tracker\synthetic\html\syn-0001.html
synthetic,syn-0001,html/syn-0001.html,syn-0001.html,run-none1,synthetic-shop.local,https://synthetic-shop.local/product/thermal-camera-01-04,original_fast,Тепловизор строительный IR-256,43800,True,pipeline:generic:synthetic-shop.local,D:\Pet_Codes\science\article-price-tracker\synthetic\html\syn-0001.html
synthetic,syn-0001,html/syn-0001.html,syn-0001.html,run-none1,synthetic-shop.local,https://synthetic-shop.local/product/optical-level-01-05,original_fast,Нивелир оптический N-32,21490,True,pipeline:generic:synthetic-shop.local,D:\Pet_Codes\science\article-price-tracker\synthetic\html\syn-0001.html
synthetic,syn-0001,html/syn-0001.html,syn-0001.html,run-none1,synthetic-shop.local,https://synthetic-shop.local/product/laser-level-01-01,original_fast_query,Лазерный уровень ЛУ-360 Pro,12990,False,pipeline:generic:synthetic-shop.local,D:\Pet_Codes\science\article-price-tracker\synthetic\html\syn-0001.html
synthetic,syn-0001,html/syn-0001.html,syn-0001.html,run-none1,synthetic-shop.local,https://synthetic-shop.local/product/laser-rangefinder-01-02,original_fast_query,Дальномер лазерный DM-80,7039,True,pipeline:generic:synthetic-shop.local,D:\Pet_Codes\science\article-price-tracker\synthetic\html\syn-0001.html
synthetic,syn-0001,html/syn-0001.html,syn-0001.html,run-none1,synthetic-shop.local,https://synthetic-shop.local/product/multimeter-01-03,original_fast_query,Мультиметр цифровой M830 Pro,1916,True,pipeline:generic:synthetic-shop.local,D:\Pet_Codes\science\article-price-tracker\synthetic\html\syn-0001.html
synthetic,syn-0001,html/syn-0001.html,syn-0001.html,run-none1,synthetic-shop.local,https://synthetic-shop.local/product/thermal-camera-01-04,original_fast_query,Тепловизор строительный IR-256,43800,True,pipeline:generic:synthetic-shop.local,D:\Pet_Codes\science\article-price-tracker\synthetic\html\syn-0001.html
synthetic,syn-0001,html/syn-0001.html,syn-0001.html,run-none1,synthetic-shop.local,https://synthetic-shop.local/product/optical-level-01-05,original_fast_query,Нивелир оптический N-32,21490,True,pipeline:generic:synthetic-shop.local,D:\Pet_Codes\science\article-price-tracker\synthetic\html\syn-0001.html
synthetic,syn-0002,html/syn-0002.html,syn-0002.html,run-none2,synthetic-shop.local,https://synthetic-shop.local/product/thermal-camera-02-01,original_fast,Тепловизор строительный IR-256,43200,True,pipeline:generic:synthetic-shop.local,D:\Pet_Codes\science\article-price-tracker\synthetic\html\syn-0002.html
synthetic,syn-0002,html/syn-0002.html,syn-0002.html,run-none2,synthetic-shop.local,https://synthetic-shop.local/product/optical-level-02-02,original_fast,Нивелир оптический N-32,21790,True,pipeline:generic:synthetic-shop.local,D:\Pet_Codes\science\article-price-tracker\synthetic\html\syn-0002.html
synthetic,syn-0002,html/syn-0002.html,syn-0002.html,run-none2,synthetic-shop.local,https://synthetic-shop.local/product/wall-scanner-02-03,original_fast,Детектор скрытой проводки WallScan 5,4686,True,pipeline:generic:synthetic-shop.local,D:\Pet_Codes\science\article-price-tracker\synthetic\html\syn-0002.html
synthetic,syn-0002,html/syn-0002.html,syn-0002.html,run-none2,synthetic-shop.local,https://synthetic-shop.local/product/anemometer-02-04,original_fast,Анемометр цифровой AM-30,5290,True,pipeline:generic:synthetic-shop.local,D:\Pet_Codes\science\article-price-tracker\synthetic\html\syn-0002.html
synthetic,syn-0002,html/syn-0002.html,syn-0002.html,run-none2,synthetic-shop.local,https://synthetic-shop.local/product/pyrometer-02-05,original_fast,Пирометр инфракрасный IR-900,3514,True,pipeline:generic:synthetic-shop.local,D:\Pet_Codes\science\article-price-tracker\synthetic\html\syn-0002.html
synthetic,syn-0002,html/syn-0002.html,syn-0002.html,run-none2,synthetic-shop.local,https://synthetic-shop.local/product/thermal-camera-02-01,original_fast_query,Тепловизор строительный IR-256,43200,True,pipeline:generic:synthetic-shop.local,D:\Pet_Codes\science\article-price-tracker\synthetic\html\syn-0002.html
synthetic,syn-0002,html/syn-0002.html,syn-0002.html,run-none2,synthetic-shop.local,https://synthetic-shop.local/product/optical-level-02-02,original_fast_query,Нивелир оптический N-32,21790,True,pipeline:generic:synthetic-shop.local,D:\Pet_Codes\science\article-price-tracker\synthetic\html\syn-0002.html
synthetic,syn-0002,html/syn-0002.html,syn-0002.html,run-none2,synthetic-shop.local,https://synthetic-shop.local/product/wall-scanner-02-03,original_fast_query,Детектор скрытой проводки WallScan 5,4686,True,pipeline:generic:synthetic-shop.local,D:\Pet_Codes\science\article-price-tracker\synthetic\html\syn-0002.html
synthetic,syn-0002,html/syn-0002.html,syn-0002.html,run-none2,synthetic-shop.local,https://synthetic-shop.local/product/anemometer-02-04,original_fast_query,Анемометр цифровой AM-30,5290,True,pipeline:generic:synthetic-shop.local,D:\Pet_Codes\science\article-price-tracker\synthetic\html\syn-0002.html
synthetic,syn-0002,html/syn-0002.html,syn-0002.html,run-none2,synthetic-shop.local,https://synthetic-shop.local/product/pyrometer-02-05,original_fast_query,Пирометр инфракрасный IR-900,3514,True,pipeline:generic:synthetic-shop.local,D:\Pet_Codes\science\article-price-tracker\synthetic\html\syn-0002.html
synthetic,syn-0003,html/syn-0003.html,syn-0003.html,run-none3,synthetic-shop.local,https://synthetic-shop.local/product/anemometer-03-01,original_fast,Анемометр цифровой AM-30,5364,True,pipeline:generic:synthetic-shop.local,D:\Pet_Codes\science\article-price-tracker\synthetic\html\syn-0003.html
synthetic,syn-0003,html/syn-0003.html,syn-0003.html,run-none3,synthetic-shop.local,https://synthetic-shop.local/product/pyrometer-03-02,original_fast,Пирометр инфракрасный IR-900,3562,True,pipeline:generic:synthetic-shop.local,D:\Pet_Codes\science\article-price-tracker\synthetic\html\syn-0003.html
synthetic,syn-0003,html/syn-0003.html,syn-0003.html,run-none3,synthetic-shop.local,https://synthetic-shop.local/product/coating-gauge-03-03,original_fast,Толщиномер покрытий CT-1200,8990,True,pipeline:generic:synthetic-shop.local,D:\Pet_Codes\science\article-price-tracker\synthetic\html\syn-0003.html
synthetic,syn-0003,html/syn-0003.html,syn-0003.html,run-none3,synthetic-shop.local,https://synthetic-shop.local/product/megohmmeter-03-04,original_fast,Мегаомметр цифровой MI-1000,16102,True,pipeline:generic:synthetic-shop.local,D:\Pet_Codes\science\article-price-tracker\synthetic\html\syn-0003.html
synthetic,syn-0003,html/syn-0003.html,syn-0003.html,run-none3,synthetic-shop.local,https://synthetic-shop.local/product/socket-tester-03-05,original_fast,Тестер розеток и УЗО ST-8,1816,True,pipeline:generic:synthetic-shop.local,D:\Pet_Codes\science\article-price-tracker\synthetic\html\syn-0003.html
synthetic,syn-0003,html/syn-0003.html,syn-0003.html,run-none3,synthetic-shop.local,https://synthetic-shop.local/product/anemometer-03-01,original_fast_query,Анемометр цифровой AM-30,5364,True,pipeline:generic:synthetic-shop.local,D:\Pet_Codes\science\article-price-tracker\synthetic\html\syn-0003.html
synthetic,syn-0003,html/syn-0003.html,syn-0003.html,run-none3,synthetic-shop.local,https://synthetic-shop.local/product/pyrometer-03-02,original_fast_query,Пирометр инфракрасный IR-900,3562,True,pipeline:generic:synthetic-shop.local,D:\Pet_Codes\science\article-price-tracker\synthetic\html\syn-0003.html
synthetic,syn-0003,html/syn-0003.html,syn-0003.html,run-none3,synthetic-shop.local,https://synthetic-shop.local/product/coating-gauge-03-03,original_fast_query,Толщиномер покрытий CT-1200,8990,True,pipeline:generic:synthetic-shop.local,D:\Pet_Codes\science\article-price-tracker\synthetic\html\syn-0003.html
synthetic,syn-0003,html/syn-0003.html,syn-0003.html,run-none3,synthetic-shop.local,https://synthetic-shop.local/product/megohmmeter-03-04,original_fast_query,Мегаомметр цифровой MI-1000,16102,True,pipeline:generic:synthetic-shop.local,D:\Pet_Codes\science\article-price-tracker\synthetic\html\syn-0003.html
synthetic,syn-0003,html/syn-0003.html,syn-0003.html,run-none3,synthetic-shop.local,https://synthetic-shop.local/product/socket-tester-03-05,original_fast_query,Тестер розеток и УЗО ST-8,1816,True,pipeline:generic:synthetic-shop.local,D:\Pet_Codes\science\article-price-tracker\synthetic\html\syn-0003.html
synthetic,syn-0004,html/syn-0004.html,syn-0004.html,run-none4,synthetic-shop.local,https://synthetic-shop.local/product/clamp-meter-04-05,original_fast,Клещи токовые CM-600,6625,,pipeline:generic:synthetic-shop.local,D:\Pet_Codes\science\article-price-tracker\synthetic\html\syn-0004.html
synthetic,syn-0004,html/syn-0004.html,syn-0004.html,run-none4,synthetic-shop.local,https://synthetic-shop.local/product/moisture-meter-04-04,original_fast,Влагомер древесины WM-2,3234,,pipeline:generic:synthetic-shop.local,D:\Pet_Codes\science\article-price-tracker\synthetic\html\syn-0004.html
synthetic,syn-0004,html/syn-0004.html,syn-0004.html,run-none4,synthetic-shop.local,https://synthetic-shop.local/product/luxmeter-04-03,original_fast,Люксметр LX-1010,3011,,pipeline:generic:synthetic-shop.local,D:\Pet_Codes\science\article-price-tracker\synthetic\html\syn-0004.html
synthetic,syn-0004,html/syn-0004.html,syn-0004.html,run-none4,synthetic-shop.local,https://synthetic-shop.local/product/socket-tester-04-02,original_fast,Тестер розеток и УЗО ST-8,1790,,pipeline:generic:synthetic-shop.local,D:\Pet_Codes\science\article-price-tracker\synthetic\html\syn-0004.html
synthetic,syn-0004,html/syn-0004.html,syn-0004.html,run-none4,synthetic-shop.local,https://synthetic-shop.local/product/megohmmeter-04-01,original_fast,Мегаомметр цифровой MI-1000,16326,,pipeline:generic:synthetic-shop.local,D:\Pet_Codes\science\article-price-tracker\synthetic\html\syn-0004.html
synthetic,syn-0004,html/syn-0004.html,syn-0004.html,run-none4,synthetic-shop.local,https://synthetic-shop.local/product/clamp-meter-04-05,original_fast_query,Клещи токовые CM-600,6625,,pipeline:generic:synthetic-shop.local,D:\Pet_Codes\science\article-price-tracker\synthetic\html\syn-0004.html
synthetic,syn-0004,html/syn-0004.html,syn-0004.html,run-none4,synthetic-shop.local,https://synthetic-shop.local/product/moisture-meter-04-04,original_fast_query,Влагомер древесины WM-2,3234,,pipeline:generic:synthetic-shop.local,D:\Pet_Codes\science\article-price-tracker\synthetic\html\syn-0004.html
synthetic,syn-0004,html/syn-0004.html,syn-0004.html,run-none4,synthetic-shop.local,https://synthetic-shop.local/product/luxmeter-04-03,original_fast_query,Люксметр LX-1010,3011,,pipeline:generic:synthetic-shop.local,D:\Pet_Codes\science\article-price-tracker\synthetic\html\syn-0004.html
synthetic,syn-0004,html/syn-0004.html,syn-0004.html,run-none4,synthetic-shop.local,https://synthetic-shop.local/product/socket-tester-04-02,original_fast_query,Тестер розеток и УЗО ST-8,1790,,pipeline:generic:synthetic-shop.local,D:\Pet_Codes\science\article-price-tracker\synthetic\html\syn-0004.html
synthetic,syn-0004,html/syn-0004.html,syn-0004.html,run-none4,synthetic-shop.local,https://synthetic-shop.local/product/megohmmeter-04-01,original_fast_query,Мегаомметр цифровой MI-1000,16326,,pipeline:generic:synthetic-shop.local,D:\Pet_Codes\science\article-price-tracker\synthetic\html\syn-0004.html
synthetic,syn-0007,html/syn-0007.html,syn-0007.html,run-none7,synthetic-shop.local,https://synthetic-shop.local/product/thermal-camera-07-01,original_fast,Тепловизор строительный IR-256,43500,True,pipeline:generic:synthetic-shop.local,D:\Pet_Codes\science\article-price-tracker\synthetic\html\syn-0007.html
synthetic,syn-0007,html/syn-0007.html,syn-0007.html,run-none7,synthetic-shop.local,https://synthetic-shop.local/product/optical-level-07-02,original_fast,Нивелир оптический N-32,21940,False,pipeline:generic:synthetic-shop.local,D:\Pet_Codes\science\article-price-tracker\synthetic\html\syn-0007.html
synthetic,syn-0007,html/syn-0007.html,syn-0007.html,run-none7,synthetic-shop.local,https://synthetic-shop.local/product/wall-scanner-07-03,original_fast,Детектор скрытой проводки WallScan 5,4590,True,pipeline:generic:synthetic-shop.local,D:\Pet_Codes\science\article-price-tracker\synthetic\html\syn-0007.html
synthetic,syn-0007,html/syn-0007.html,syn-0007.html,run-none7,synthetic-shop.local,https://synthetic-shop.local/product/anemometer-07-04,original_fast,Анемометр цифровой AM-30,5327,True,pipeline:generic:synthetic-shop.local,D:\Pet_Codes\science\article-price-tracker\synthetic\html\syn-0007.html
synthetic,syn-0007,html/syn-0007.html,syn-0007.html,run-none7,synthetic-shop.local,https://synthetic-shop.local/product/pyrometer-07-05,original_fast,Пирометр инфракрасный IR-900,3538,True,pipeline:generic:synthetic-shop.local,D:\Pet_Codes\science\article-price-tracker\synthetic\html\syn-0007.html
synthetic,syn-0007,html/syn-0007.html,syn-0007.html,run-none7,synthetic-shop.local,https://synthetic-shop.local/product/thermal-camera-07-01,original_fast_query,Тепловизор строительный IR-256,43500,True,pipeline:generic:synthetic-shop.local,D:\Pet_Codes\science\article-price-tracker\synthetic\html\syn-0007.html
synthetic,syn-0007,html/syn-0007.html,syn-0007.html,run-none7,synthetic-shop.local,https://synthetic-shop.local/product/optical-level-07-02,original_fast_query,Нивелир оптический N-32,21940,False,pipeline:generic:synthetic-shop.local,D:\Pet_Codes\science\article-price-tracker\synthetic\html\syn-0007.html
synthetic,syn-0007,html/syn-0007.html,syn-0007.html,run-none7,synthetic-shop.local,https://synthetic-shop.local/product/wall-scanner-07-03,original_fast_query,Детектор скрытой проводки WallScan 5,4590,True,pipeline:generic:synthetic-shop.local,D:\Pet_Codes\science\article-price-tracker\synthetic\html\syn-0007.html
synthetic,syn-0007,html/syn-0007.html,syn-0007.html,run-none7,synthetic-shop.local,https://synthetic-shop.local/product/anemometer-07-04,original_fast_query,Анемометр цифровой AM-30,5327,True,pipeline:generic:synthetic-shop.local,D:\Pet_Codes\science\article-price-tracker\synthetic\html\syn-0007.html
synthetic,syn-0007,html/syn-0007.html,syn-0007.html,run-none7,synthetic-shop.local,https://synthetic-shop.local/product/pyrometer-07-05,original_fast_query,Пирометр инфракрасный IR-900,3538,True,pipeline:generic:synthetic-shop.local,D:\Pet_Codes\science\article-price-tracker\synthetic\html\syn-0007.html
synthetic,syn-0010,html/syn-0010.html,syn-0010.html,run-none10,synthetic-shop.local,https://synthetic-shop.local/product/moisture-meter-10-01,original_fast,Влагомер древесины WM-2,3212,True,pipeline:generic:synthetic-shop.local,D:\Pet_Codes\science\article-price-tracker\synthetic\html\syn-0010.html
synthetic,syn-0010,html/syn-0010.html,syn-0010.html,run-none10,synthetic-shop.local,https://synthetic-shop.local/product/clamp-meter-10-02,original_fast,Клещи токовые CM-600,6580,True,pipeline:generic:synthetic-shop.local,D:\Pet_Codes\science\article-price-tracker\synthetic\html\syn-0010.html
synthetic,syn-0010,html/syn-0010.html,syn-0010.html,run-none10,synthetic-shop.local,https://synthetic-shop.local/product/angle-meter-10-03,original_fast,Угломер электронный AG-360,3871,True,pipeline:generic:synthetic-shop.local,D:\Pet_Codes\science\article-price-tracker\synthetic\html\syn-0010.html
synthetic,syn-0010,html/syn-0010.html,syn-0010.html,run-none10,synthetic-shop.local,https://synthetic-shop.local/product/laser-level-10-04,original_fast,Лазерный уровень ЛУ-360 Pro,12990,True,pipeline:generic:synthetic-shop.local,D:\Pet_Codes\science\article-price-tracker\synthetic\html\syn-0010.html
synthetic,syn-0010,html/syn-0010.html,syn-0010.html,run-none10,synthetic-shop.local,https://synthetic-shop.local/product/laser-rangefinder-10-05,original_fast,Дальномер лазерный DM-80,7039,True,pipeline:generic:synthetic-shop.local,D:\Pet_Codes\science\article-price-tracker\synthetic\html\syn-0010.html
synthetic,syn-0010,html/syn-0010.html,syn-0010.html,run-none10,synthetic-shop.local,https://synthetic-shop.local/product/moisture-meter-10-01,original_fast_query,Влагомер древесины WM-2,3212,True,pipeline:generic:synthetic-shop.local,D:\Pet_Codes\science\article-price-tracker\synthetic\html\syn-0010.html
synthetic,syn-0010,html/syn-0010.html,syn-0010.html,run-none10,synthetic-shop.local,https://synthetic-shop.local/product/clamp-meter-10-02,original_fast_query,Клещи токовые CM-600,6580,True,pipeline:generic:synthetic-shop.local,D:\Pet_Codes\science\article-price-tracker\synthetic\html\syn-0010.html
synthetic,syn-0010,html/syn-0010.html,syn-0010.html,run-none10,synthetic-shop.local,https://synthetic-shop.local/product/angle-meter-10-03,original_fast_query,Угломер электронный AG-360,3871,True,pipeline:generic:synthetic-shop.local,D:\Pet_Codes\science\article-price-tracker\synthetic\html\syn-0010.html
synthetic,syn-0010,html/syn-0010.html,syn-0010.html,run-none10,synthetic-shop.local,https://synthetic-shop.local/product/laser-level-10-04,original_fast_query,Лазерный уровень ЛУ-360 Pro,12990,True,pipeline:generic:synthetic-shop.local,D:\Pet_Codes\science\article-price-tracker\synthetic\html\syn-0010.html
synthetic,syn-0010,html/syn-0010.html,syn-0010.html,run-none10,synthetic-shop.local,https://synthetic-shop.local/product/laser-rangefinder-10-05,original_fast_query,Дальномер лазерный DM-80,7039,True,pipeline:generic:synthetic-shop.local,D:\Pet_Codes\science\article-price-tracker\synthetic\html\syn-0010.html
synthetic,syn-0011,html/syn-0011.html,syn-0011.html,run-none11,synthetic-shop.local,https://synthetic-shop.local/product/a4-paper-11-01,original_fast,Бумага офисная A4 80 г/м² 500 листов,599,True,pipeline:generic:synthetic-shop.local,D:\Pet_Codes\science\article-price-tracker\synthetic\html\syn-0011.html
synthetic,syn-0011,html/syn-0011.html,syn-0011.html,run-none11,synthetic-shop.local,https://synthetic-shop.local/product/lever-arch-11-02,original_fast,Папка-регистратор 75 мм синяя,379,True,pipeline:generic:synthetic-shop.local,D:\Pet_Codes\science\article-price-tracker\synthetic\html\syn-0011.html
synthetic,syn-0011,html/syn-0011.html,syn-0011.html,run-none11,synthetic-shop.local,https://synthetic-shop.local/product/permanent-marker-11-03,original_fast,Маркер перманентный чёрный 2 мм,89,True,pipeline:generic:synthetic-shop.local,D:\Pet_Codes\science\article-price-tracker\synthetic\html\syn-0011.html
synthetic,syn-0011,html/syn-0011.html,syn-0011.html,run-none11,synthetic-shop.local,https://synthetic-shop.local/product/gel-pen-11-04,original_fast,Ручка гелевая синяя 0.5 мм,89,True,pipeline:generic:synthetic-shop.local,D:\Pet_Codes\science\article-price-tracker\synthetic\html\syn-0011.html
synthetic,syn-0011,html/syn-0011.html,syn-0011.html,run-none11,synthetic-shop.local,https://synthetic-shop.local/product/staples-11-05,original_fast,Скобы для степлера №24/6 1000 шт,139,False,pipeline:generic:synthetic-shop.local,D:\Pet_Codes\science\article-price-tracker\synthetic\html\syn-0011.html
synthetic,syn-0011,html/syn-0011.html,syn-0011.html,run-none11,synthetic-shop.local,https://synthetic-shop.local/product/a4-paper-11-01,original_fast_query,Бумага офисная A4 80 г/м² 500 листов,599,True,pipeline:generic:synthetic-shop.local,D:\Pet_Codes\science\article-price-tracker\synthetic\html\syn-0011.html
synthetic,syn-0011,html/syn-0011.html,syn-0011.html,run-none11,synthetic-shop.local,https://synthetic-shop.local/product/lever-arch-11-02,original_fast_query,Папка-регистратор 75 мм синяя,379,True,pipeline:generic:synthetic-shop.local,D:\Pet_Codes\science\article-price-tracker\synthetic\html\syn-0011.html
synthetic,syn-0011,html/syn-0011.html,syn-0011.html,run-none11,synthetic-shop.local,https://synthetic-shop.local/product/permanent-marker-11-03,original_fast_query,Маркер перманентный чёрный 2 мм,89,True,pipeline:generic:synthetic-shop.local,D:\Pet_Codes\science\article-price-tracker\synthetic\html\syn-0011.html
synthetic,syn-0011,html/syn-0011.html,syn-0011.html,run-none11,synthetic-shop.local,https://synthetic-shop.local/product/gel-pen-11-04,original_fast_query,Ручка гелевая синяя 0.5 мм,89,True,pipeline:generic:synthetic-shop.local,D:\Pet_Codes\science\article-price-tracker\synthetic\html\syn-0011.html
synthetic,syn-0011,html/syn-0011.html,syn-0011.html,run-none11,synthetic-shop.local,https://synthetic-shop.local/product/staples-11-05,original_fast_query,Скобы для степлера №24/6 1000 шт,139,False,pipeline:generic:synthetic-shop.local,D:\Pet_Codes\science\article-price-tracker\synthetic\html\syn-0011.html
synthetic,syn-0012,html/syn-0012.html,syn-0012.html,run-none12,synthetic-shop.local,https://synthetic-shop.local/product/gel-pen-12-01,original_fast,Ручка гелевая синяя 0.5 мм,109,True,pipeline:generic:synthetic-shop.local,D:\Pet_Codes\science\article-price-tracker\synthetic\html\syn-0012.html
synthetic,syn-0012,html/syn-0012.html,syn-0012.html,run-none12,synthetic-shop.local,https://synthetic-shop.local/product/staples-12-02,original_fast,Скобы для степлера №24/6 1000 шт,119,True,pipeline:generic:synthetic-shop.local,D:\Pet_Codes\science\article-price-tracker\synthetic\html\syn-0012.html
synthetic,syn-0012,html/syn-0012.html,syn-0012.html,run-none12,synthetic-shop.local,https://synthetic-shop.local/product/notebook-a5-12-03,original_fast,Блокнот A5 96 листов клетка,299,True,pipeline:generic:synthetic-shop.local,D:\Pet_Codes\science\article-price-tracker\synthetic\html\syn-0012.html
synthetic,syn-0012,html/syn-0012.html,syn-0012.html,run-none12,synthetic-shop.local,https://synthetic-shop.local/product/labels-12-04,original_fast,Этикетки самоклеящиеся 70×37 мм,669,False,pipeline:generic:synthetic-shop.local,D:\Pet_Codes\science\article-price-tracker\synthetic\html\syn-0012.html
synthetic,syn-0012,html/syn-0012.html,syn-0012.html,run-none12,synthetic-shop.local,https://synthetic-shop.local/product/glue-stick-12-05,original_fast,Клей-карандаш 21 г,169,True,pipeline:generic:synthetic-shop.local,D:\Pet_Codes\science\article-price-tracker\synthetic\html\syn-0012.html
synthetic,syn-0012,html/syn-0012.html,syn-0012.html,run-none12,synthetic-shop.local,https://synthetic-shop.local/product/gel-pen-12-01,original_fast_query,Ручка гелевая синяя 0.5 мм,109,True,pipeline:generic:synthetic-shop.local,D:\Pet_Codes\science\article-price-tracker\synthetic\html\syn-0012.html
synthetic,syn-0012,html/syn-0012.html,syn-0012.html,run-none12,synthetic-shop.local,https://synthetic-shop.local/product/staples-12-02,original_fast_query,Скобы для степлера №24/6 1000 шт,119,True,pipeline:generic:synthetic-shop.local,D:\Pet_Codes\science\article-price-tracker\synthetic\html\syn-0012.html
synthetic,syn-0012,html/syn-0012.html,syn-0012.html,run-none12,synthetic-shop.local,https://synthetic-shop.local/product/notebook-a5-12-03,original_fast_query,Блокнот A5 96 листов клетка,299,True,pipeline:generic:synthetic-shop.local,D:\Pet_Codes\science\article-price-tracker\synthetic\html\syn-0012.html
synthetic,syn-0012,html/syn-0012.html,syn-0012.html,run-none12,synthetic-shop.local,https://synthetic-shop.local/product/labels-12-04,original_fast_query,Этикетки самоклеящиеся 70×37 мм,669,False,pipeline:generic:synthetic-shop.local,D:\Pet_Codes\science\article-price-tracker\synthetic\html\syn-0012.html
synthetic,syn-0012,html/syn-0012.html,syn-0012.html,run-none12,synthetic-shop.local,https://synthetic-shop.local/product/glue-stick-12-05,original_fast_query,Клей-карандаш 21 г,169,True,pipeline:generic:synthetic-shop.local,D:\Pet_Codes\science\article-price-tracker\synthetic\html\syn-0012.html
synthetic,syn-0013,html/syn-0013.html,syn-0013.html,run-none13,synthetic-shop.local,https://synthetic-shop.local/product/labels-13-01,original_fast,Этикетки самоклеящиеся 70×37 мм,649,True,pipeline:generic:synthetic-shop.local,D:\Pet_Codes\science\article-price-tracker\synthetic\html\syn-0013.html
synthetic,syn-0013,html/syn-0013.html,syn-0013.html,run-none13,synthetic-shop.local,https://synthetic-shop.local/product/glue-stick-13-02,original_fast,Клей-карандаш 21 г,149,True,pipeline:generic:synthetic-shop.local,D:\Pet_Codes\science\article-price-tracker\synthetic\html\syn-0013.html
synthetic,syn-0013,html/syn-0013.html,syn-0013.html,run-none13,synthetic-shop.local,https://synthetic-shop.local/product/sheet-protectors-13-03,original_fast,Файл-вкладыш A4 100 шт,519,False,pipeline:generic:synthetic-shop.local,D:\Pet_Codes\science\article-price-tracker\synthetic\html\syn-0013.html
synthetic,syn-0013,html/syn-0013.html,syn-0013.html,run-none13,synthetic-shop.local,https://synthetic-shop.local/product/correction-tape-13-04,original_fast,Корректирующая лента 5 мм × 8 м,209,True,pipeline:generic:synthetic-shop.local,D:\Pet_Codes\science\article-price-tracker\synthetic\html\syn-0013.html
synthetic,syn-0013,html/syn-0013.html,syn-0013.html,run-none13,synthetic-shop.local,https://synthetic-shop.local/product/a4-paper-13-05,original_fast,Бумага офисная A4 80 г/м² 500 листов,579,True,pipeline:generic:synthetic-shop.local,D:\Pet_Codes\science\article-price-tracker\synthetic\html\syn-0013.html
synthetic,syn-0013,html/syn-0013.html,syn-0013.html,run-none13,synthetic-shop.local,https://synthetic-shop.local/product/labels-13-01,original_fast_query,Этикетки самоклеящиеся 70×37 мм,649,True,pipeline:generic:synthetic-shop.local,D:\Pet_Codes\science\article-price-tracker\synthetic\html\syn-0013.html
synthetic,syn-0013,html/syn-0013.html,syn-0013.html,run-none13,synthetic-shop.local,https://synthetic-shop.local/product/glue-stick-13-02,original_fast_query,Клей-карандаш 21 г,149,True,pipeline:generic:synthetic-shop.local,D:\Pet_Codes\science\article-price-tracker\synthetic\html\syn-0013.html
synthetic,syn-0013,html/syn-0013.html,syn-0013.html,run-none13,synthetic-shop.local,https://synthetic-shop.local/product/sheet-protectors-13-03,original_fast_query,Файл-вкладыш A4 100 шт,519,False,pipeline:generic:synthetic-shop.local,D:\Pet_Codes\science\article-price-tracker\synthetic\html\syn-0013.html
synthetic,syn-0013,html/syn-0013.html,syn-0013.html,run-none13,synthetic-shop.local,https://synthetic-shop.local/product/correction-tape-13-04,original_fast_query,Корректирующая лента 5 мм × 8 м,209,True,pipeline:generic:synthetic-shop.local,D:\Pet_Codes\science\article-price-tracker\synthetic\html\syn-0013.html
synthetic,syn-0013,html/syn-0013.html,syn-0013.html,run-none13,synthetic-shop.local,https://synthetic-shop.local/product/a4-paper-13-05,original_fast_query,Бумага офисная A4 80 г/м² 500 листов,579,True,pipeline:generic:synthetic-shop.local,D:\Pet_Codes\science\article-price-tracker\synthetic\html\syn-0013.html
synthetic,syn-0014,html/syn-0014.html,syn-0014.html,run-none14,synthetic-shop.local,https://synthetic-shop.local/product/gel-pen-14-05,original_fast,Ручка гелевая синяя 0.5 мм,89,,pipeline:generic:synthetic-shop.local,D:\Pet_Codes\science\article-price-tracker\synthetic\html\syn-0014.html
synthetic,syn-0014,html/syn-0014.html,syn-0014.html,run-none14,synthetic-shop.local,https://synthetic-shop.local/product/permanent-marker-14-04,original_fast,Маркер перманентный чёрный 2 мм,89,,pipeline:generic:synthetic-shop.local,D:\Pet_Codes\science\article-price-tracker\synthetic\html\syn-0014.html
synthetic,syn-0014,html/syn-0014.html,syn-0014.html,run-none14,synthetic-shop.local,https://synthetic-shop.local/product/lever-arch-14-03,original_fast,Папка-регистратор 75 мм синяя,379,,pipeline:generic:synthetic-shop.local,D:\Pet_Codes\science\article-price-tracker\synthetic\html\syn-0014.html
synthetic,syn-0014,html/syn-0014.html,syn-0014.html,run-none14,synthetic-shop.local,https://synthetic-shop.local/product/a4-paper-14-02,original_fast,Бумага офисная A4 80 г/м² 500 листов,599,,pipeline:generic:synthetic-shop.local,D:\Pet_Codes\science\article-price-tracker\synthetic\html\syn-0014.html
synthetic,syn-0014,html/syn-0014.html,syn-0014.html,run-none14,synthetic-shop.local,https://synthetic-shop.local/product/correction-tape-14-01,original_fast,Корректирующая лента 5 мм × 8 м,189,,pipeline:generic:synthetic-shop.local,D:\Pet_Codes\science\article-price-tracker\synthetic\html\syn-0014.html
synthetic,syn-0014,html/syn-0014.html,syn-0014.html,run-none14,synthetic-shop.local,https://synthetic-shop.local/product/gel-pen-14-05,original_fast_query,Ручка гелевая синяя 0.5 мм,89,,pipeline:generic:synthetic-shop.local,D:\Pet_Codes\science\article-price-tracker\synthetic\html\syn-0014.html
synthetic,syn-0014,html/syn-0014.html,syn-0014.html,run-none14,synthetic-shop.local,https://synthetic-shop.local/product/permanent-marker-14-04,original_fast_query,Маркер перманентный чёрный 2 мм,89,,pipeline:generic:synthetic-shop.local,D:\Pet_Codes\science\article-price-tracker\synthetic\html\syn-0014.html
synthetic,syn-0014,html/syn-0014.html,syn-0014.html,run-none14,synthetic-shop.local,https://synthetic-shop.local/product/lever-arch-14-03,original_fast_query,Папка-регистратор 75 мм синяя,379,,pipeline:generic:synthetic-shop.local,D:\Pet_Codes\science\article-price-tracker\synthetic\html\syn-0014.html
synthetic,syn-0014,html/syn-0014.html,syn-0014.html,run-none14,synthetic-shop.local,https://synthetic-shop.local/product/a4-paper-14-02,original_fast_query,Бумага офисная A4 80 г/м² 500 листов,599,,pipeline:generic:synthetic-shop.local,D:\Pet_Codes\science\article-price-tracker\synthetic\html\syn-0014.html
synthetic,syn-0014,html/syn-0014.html,syn-0014.html,run-none14,synthetic-shop.local,https://synthetic-shop.local/product/correction-tape-14-01,original_fast_query,Корректирующая лента 5 мм × 8 м,189,,pipeline:generic:synthetic-shop.local,D:\Pet_Codes\science\article-price-tracker\synthetic\html\syn-0014.html
synthetic,syn-0017,html/syn-0017.html,syn-0017.html,run-none17,synthetic-shop.local,https://synthetic-shop.local/product/mini-pc-17-01,original_fast,Мини-ПК 16 ГБ / 512 ГБ,35990,True,pipeline:generic:synthetic-shop.local,D:\Pet_Codes\science\article-price-tracker\synthetic\html\syn-0017.html
synthetic,syn-0017,html/syn-0017.html,syn-0017.html,run-none17,synthetic-shop.local,https://synthetic-shop.local/product/usb-headset-17-02,original_fast,Наушники USB с микрофоном,3011,True,pipeline:generic:synthetic-shop.local,D:\Pet_Codes\science\article-price-tracker\synthetic\html\syn-0017.html
synthetic,syn-0017,html/syn-0017.html,syn-0017.html,run-none17,synthetic-shop.local,https://synthetic-shop.local/product/ssd-1tb-17-03,original_fast,SSD накопитель 1 ТБ NVMe PCIe 4.0,8608,True,pipeline:generic:synthetic-shop.local,D:\Pet_Codes\science\article-price-tracker\synthetic\html\syn-0017.html
synthetic,syn-0017,html/syn-0017.html,syn-0017.html,run-none17,synthetic-shop.local,https://synthetic-shop.local/product/wifi-router-17-04,original_fast,Маршрутизатор Wi‑Fi 6 AX3000,7137,True,pipeline:generic:synthetic-shop.local,D:\Pet_Codes\science\article-price-tracker\synthetic\html\syn-0017.html
synthetic,syn-0017,html/syn-0017.html,syn-0017.html,run-none17,synthetic-shop.local,https://synthetic-shop.local/product/monitor-27-17-05,original_fast,Монитор 27″ IPS QHD 165 Гц,28990,True,pipeline:generic:synthetic-shop.local,D:\Pet_Codes\science\article-price-tracker\synthetic\html\syn-0017.html
synthetic,syn-0017,html/syn-0017.html,syn-0017.html,run-none17,synthetic-shop.local,https://synthetic-shop.local/product/mini-pc-17-01,original_fast_query,Мини-ПК 16 ГБ / 512 ГБ,35990,True,pipeline:generic:synthetic-shop.local,D:\Pet_Codes\science\article-price-tracker\synthetic\html\syn-0017.html
synthetic,syn-0017,html/syn-0017.html,syn-0017.html,run-none17,synthetic-shop.local,https://synthetic-shop.local/product/usb-headset-17-02,original_fast_query,Наушники USB с микрофоном,3011,True,pipeline:generic:synthetic-shop.local,D:\Pet_Codes\science\article-price-tracker\synthetic\html\syn-0017.html
synthetic,syn-0017,html/syn-0017.html,syn-0017.html,run-none17,synthetic-shop.local,https://synthetic-shop.local/product/ssd-1tb-17-03,original_fast_query,SSD накопитель 1 ТБ NVMe PCIe 4.0,8608,True,pipeline:generic:synthetic-shop.local,D:\Pet_Codes\science\article-price-tracker\synthetic\html\syn-0017.html
synthetic,syn-0017,html/syn-0017.html,syn-0017.html,run-none17,synthetic-shop.local,https://synthetic-shop.local/product/wifi-router-17-04,original_fast_query,Маршрутизатор Wi‑Fi 6 AX3000,7137,True,pipeline:generic:synthetic-shop.local,D:\Pet_Codes\science\article-price-tracker\synthetic\html\syn-0017.html
synthetic,syn-0017,html/syn-0017.html,syn-0017.html,run-none17,synthetic-shop.local,https://synthetic-shop.local/product/monitor-27-17-05,original_fast_query,Монитор 27″ IPS QHD 165 Гц,28990,True,pipeline:generic:synthetic-shop.local,D:\Pet_Codes\science\article-price-tracker\synthetic\html\syn-0017.html
synthetic,syn-0020,html/syn-0020.html,syn-0020.html,run-none20,synthetic-shop.local,https://synthetic-shop.local/product/safety-glasses-20-01,original_fast,Очки защитные прозрачные,620,True,pipeline:generic:synthetic-shop.local,D:\Pet_Codes\science\article-price-tracker\synthetic\html\syn-0020.html
synthetic,syn-0020,html/syn-0020.html,syn-0020.html,run-none20,synthetic-shop.local,https://synthetic-shop.local/product/container-45l-20-02,original_fast,Контейнер пластиковый 45 л с крышкой,1890,True,pipeline:generic:synthetic-shop.local,D:\Pet_Codes\science\article-price-tracker\synthetic\html\syn-0020.html
synthetic,syn-0020,html/syn-0020.html,syn-0020.html,run-none20,synthetic-shop.local,https://synthetic-shop.local/product/warehouse-box-20-03,original_fast,Ящик складской 600×400×220 мм,2507,False,pipeline:generic:synthetic-shop.local,D:\Pet_Codes\science\article-price-tracker\synthetic\html\syn-0020.html
synthetic,syn-0020,html/syn-0020.html,syn-0020.html,run-none20,synthetic-shop.local,https://synthetic-shop.local/product/canister-20l-20-04,original_fast,Канистра 20 л пищевая,1110,True,pipeline:generic:synthetic-shop.local,D:\Pet_Codes\science\article-price-tracker\synthetic\html\syn-0020.html
synthetic,syn-0020,html/syn-0020.html,syn-0020.html,run-none20,synthetic-shop.local,https://synthetic-shop.local/product/bucket-12l-20-05,original_fast,Ведро пластиковое 12 л с крышкой,520,True,pipeline:generic:synthetic-shop.local,D:\Pet_Codes\science\article-price-tracker\synthetic\html\syn-0020.html
synthetic,syn-0020,html/syn-0020.html,syn-0020.html,run-none20,synthetic-shop.local,https://synthetic-shop.local/product/safety-glasses-20-01,original_fast_query,Очки защитные прозрачные,620,True,pipeline:generic:synthetic-shop.local,D:\Pet_Codes\science\article-price-tracker\synthetic\html\syn-0020.html
synthetic,syn-0020,html/syn-0020.html,syn-0020.html,run-none20,synthetic-shop.local,https://synthetic-shop.local/product/container-45l-20-02,original_fast_query,Контейнер пластиковый 45 л с крышкой,1890,True,pipeline:generic:synthetic-shop.local,D:\Pet_Codes\science\article-price-tracker\synthetic\html\syn-0020.html
synthetic,syn-0020,html/syn-0020.html,syn-0020.html,run-none20,synthetic-shop.local,https://synthetic-shop.local/product/warehouse-box-20-03,original_fast_query,Ящик складской 600×400×220 мм,2507,False,pipeline:generic:synthetic-shop.local,D:\Pet_Codes\science\article-price-tracker\synthetic\html\syn-0020.html
synthetic,syn-0020,html/syn-0020.html,syn-0020.html,run-none20,synthetic-shop.local,https://synthetic-shop.local/product/canister-20l-20-04,original_fast_query,Канистра 20 л пищевая,1110,True,pipeline:generic:synthetic-shop.local,D:\Pet_Codes\science\article-price-tracker\synthetic\html\syn-0020.html
synthetic,syn-0020,html/syn-0020.html,syn-0020.html,run-none20,synthetic-shop.local,https://synthetic-shop.local/product/bucket-12l-20-05,original_fast_query,Ведро пластиковое 12 л с крышкой,520,True,pipeline:generic:synthetic-shop.local,D:\Pet_Codes\science\article-price-tracker\synthetic\html\syn-0020.html
