dataset,page_id,html_file,html_key,run_id,source,html_path,page_url,source_url,query,location,route,artifact_kind,skip_reason,content_sha256,expected_sha256,page_meta__artifact_path,page_meta__base_page_id,page_meta__base_template,page_meta__benchmark_html_file,page_meta__category,page_meta__mutation_axis,page_meta__n_entities,page_meta__page_id,page_meta__page_url,page_meta__sha256,page_meta__source,page_meta__variant_idx
synthetic,syn-0001,html/syn-0001.html,syn-0001.html,run-none1,synthetic-shop.local,D:\Pet_Codes\science\article-price-tracker\synthetic\html\syn-0001.html,https://synthetic-shop.local/search/syn-0001,https://synthetic-shop.local/search/syn-0001,,,,raw_html,,042bf11721a916f4b44823fa2c6e53c79792cdc67fd710d1a07a0d97015c13a2,042bf11721a916f4b44823fa2c6e53c79792cdc67fd710d1a07a0d97015c13a2,html/syn-0001.html,syn-0001,jsonld_cards,html/syn-0001.html,construction_instruments,clean,5,syn-0001,https://synthetic-shop.local/search/syn-0001,042bf11721a916f4b44823fa2c6e53c79792cdc67fd710d1a07a0d97015c13a2,synthetic-shop.local,0
synthetic,syn-0002,html/syn-0002.html,syn-0002.html,run-none2,synthetic-shop.local,D:\Pet_Codes\science\article-price-tracker\synthetic\html\syn-0002.html,https://synthetic-shop.local/search/syn-0002,https://synthetic-shop.local/search/syn-0002,,,,raw_html,,17171cd5fe8f684dba19ad574d83e75a9d92bf472d8e400e664e4d468aaab34e,17171cd5fe8f684dba19ad574d83e75a9d92bf472d8e400e664e4d468aaab34e,html/syn-0002.html,syn-0002,microdata_cards,html/syn-0002.html,construction_instruments,clean,5,syn-0002,https://synthetic-shop.local/search/syn-0002,17171cd5fe8f684dba19ad574d83e75a9d92bf472d8e400e664e4d468aaab34e,synthetic-shop.local,0
synthetic,syn-0003,html/syn-0003.html,syn-0003.html,run-none3,synthetic-shop.local,D:\Pet_Codes\science\article-price-tracker\synthetic\html\syn-0003.html,https://synthetic-shop.local/search/syn-0003,https://synthetic-shop.local/search/syn-0003,,,,raw_html,,2301e0f464903c9280169092611c0194aa8f79300de653a0b6005af1bf5eae85,2301e0f464903c9280169092611c0194aa8f79300de653a0b6005af1bf5eae85,html/syn-0003.html,syn-0003,plain_cards,html/syn-0003.html,construction_instruments,clean,5,syn-0003,https://synthetic-shop.local/search/syn-0003,2301e0f464903c9280169092611c0194aa8f79300de653a0b6005af1bf5eae85,synthetic-shop.local,0
synthetic,syn-0004,html/syn-0004.html,syn-0004.html,run-none4,synthetic-shop.local,D:\Pet_Codes\science\article-price-tracker\synthetic\html\syn-0004.html,https://synthetic-shop.local/search/syn-0004,https://synthetic-shop.local/search/syn-0004,,,,raw_html,,c6a75e9a0b34798d4cfba731e855798cae0181bb21b7e5fa2c01ba4460c82609,c6a75e9a0b34798d4cfba731e855798cae0181bb21b7e5fa2c01ba4460c82609,html/syn-0004.html,syn-0004,embedded_state,html/syn-0004.html,construction_instruments,clean,5,syn-0004,https://synthetic-shop.local/search/syn-0004,c6a75e9a0b34798d4cfba731e855798cae0181bb21b7e5fa2c01ba4460c82609,synthetic-shop.local,0
synthetic,syn-0005,html/syn-0005.html,syn-0005.html,run-none5,synthetic-shop.local,D:\Pet_Codes\science\article-price-tracker\synthetic\html\syn-0005.html,https://synthetic-shop.local/search/syn-0005,https://synthetic-shop.local/search/syn-0005,,,,raw_html,,087db53f8eff747307ac34667ca34ce250061e2d91f75acbcae4077b5222f9a4,087db53f8eff747307ac34667ca34ce250061e2d91f75acbcae4077b5222f9a4,html/syn-0005.html,syn-0005,detail_grid,html/syn-0005.html,construction_instruments,clean,5,syn-0005,https://synthetic-shop.local/search/syn-0005,087db53f8eff747307ac34667ca34ce250061e2d91f75acbcae4077b5222f9a4,synthetic-shop.local,0
synthetic,syn-0006,html/syn-0006.html,syn-0006.html,run-none6,synthetic-shop.local,D:\Pet_Codes\science\article-price-tracker\synthetic\html\syn-0006.html,https://synthetic-shop.local/search/syn-0006,https://synthetic-shop.local/search/syn-0006,,,,raw_html,,9b7b25c4281a844d83d16da90a89fbbe20097ece3cd07208317d741a79a41972,9b7b25c4281a844d83d16da90a89fbbe20097ece3cd07208317d741a79a41972,html/syn-0006.html,syn-0006,table_listing,html/syn-0006.html,construction_instruments,clean,5,syn-0006,https://synthetic-shop.local/search/syn-0006,9b7b25c4281a844d83d16da90a89fbbe20097ece3cd07208317d741a79a41972,synthetic-shop.local,0
synthetic,syn-0007,html/syn-0007.html,syn-0007.html,run-none7,synthetic-shop.local,D:\Pet_Codes\science\article-price-tracker\synthetic\html\syn-0007.html,https://synthetic-shop.local/search/syn-0007,https://synthetic-shop.local/search/syn-0007,,,,raw_html,,c579269483f7ea8e2e5913c682f17dd9213c078160dd246a383e07d4ea7ba72b,c579269483f7ea8e2e5913c682f17dd9213c078160dd246a383e07d4ea7ba72b,html/syn-0007.html,syn-0007,semantic_articles,html/syn-0007.html,construction_instruments,clean,5,syn-0007,https://synthetic-shop.local/search/syn-0007,c579269483f7ea8e2e5913c682f17dd9213c078160dd246a383e07d4ea7ba72b,synthetic-shop.local,0
synthetic,syn-0008,html/syn-0008.html,syn-0008.html,run-none8,synthetic-shop.local,D:\Pet_Codes\science\article-price-tracker\synthetic\html\syn-0008.html,https://synthetic-shop.local/search/syn-0008,https://synthetic-shop.local/search/syn-0008,,,,raw_html,,ac570442bf23f8c22894c4eb47973dace2e0b1709c1d8c1dd7d340029bb6bdea,ac570442bf23f8c22894c4eb47973dace2e0b1709c1d8c1dd7d340029bb6bdea,html/syn-0008.html,syn-0008,data_attrs,html/syn-0008.html,construction_instruments,clean,5,syn-0008,https://synthetic-shop.local/search/syn-0008,ac570442bf23f8c22894c4eb47973dace2e0b1709c1d8c1dd7d340029bb6bdea,synthetic-shop.local,0
synthetic,syn-0009,html/syn-0009.html,syn-0009.html,run-none9,synthetic-shop.local,D:\Pet_Codes\science\article-price-tracker\synthetic\html\syn-0009.html,https://synthetic-shop.local/search/syn-0009,https://synthetic-shop.local/search/syn-0009,,,,raw_html,,cd74ad50c209da1e63b8cf432203de06e9f766c9925f9cb93ba74aac26309e91,cd74ad50c209da1e63b8cf432203de06e9f766c9925f9cb93ba74aac26309e91,html/syn-0009.html,syn-0009,nested_cards,html/syn-0009.html,construction_instruments,clean,5,syn-0009,https://synthetic-shop.local/search/syn-0009,cd74ad50c209da1e63b8cf432203de06e9f766c9925f9cb93ba74aac26309e91,synthetic-shop.local,0
synthetic,syn-0010,html/syn-0010.html,syn-0010.html,run-none10,synthetic-shop.local,D:\Pet_Codes\science\article-price-tracker\synthetic\html\syn-0010.html,https://synthetic-shop.local/search/syn-0010,https://synthetic-shop.local/search/syn-0010,,,,raw_html,,e2a3a0c3d6c9bead5145b76ea6ce4095449e6dfd6bd96c194343235353ba1162,e2a3a0c3d6c9bead5145b76ea6ce4095449e6dfd6bd96c194343235353ba1162,html/syn-0010.html,syn-0010,mixed_markup,html/syn-0010.html,construction_instruments,clean,5,syn-0010,https://synthetic-shop.local/search/syn-0010,e2a3a0c3d6c9bead5145b76ea6ce4095449e6dfd6bd96c194343235353ba1162,synthetic-shop.local,0
synthetic,syn-0011,html/syn-0011.html,syn-0011.html,run-none11,synthetic-shop.local,D:\Pet_Codes\science\article-price-tracker\synthetic\html\syn-0011.html,https://synthetic-shop.local/search/syn-0011,https://synthetic-shop.local/search/syn-0011,,,,raw_html,,1b101a835ea51eca17f4e257e6a05e12147cd02760fd0a9579ca18fdacf5fd67,1b101a835ea51eca17f4e257e6a05e12147cd02760fd0a9579ca18fdacf5fd67,html/syn-0011.html,syn-0011,jsonld_cards,html/syn-0011.html,stationery,clean,5,syn-0011,https://synthetic-shop.local/search/syn-0011,1b101a835ea51eca17f4e257e6a05e12147cd02760fd0a9579ca18fdacf5fd67,synthetic-shop.local,0
synthetic,syn-0012,html/syn-0012.html,syn-0012.html,run-none12,synthetic-shop.local,D:\Pet_Codes\science\article-price-tracker\synthetic\html\syn-0012.html,https://synthetic-shop.local/search/syn-0012,https://synthetic-shop.local/search/syn-0012,,,,raw_html,,c2120581712d9404a9be023519eaad2b6e9c389d10004d4550b7e97ae92bdf8d,c2120581712d9404a9be023519eaad2b6e9c389d10004d4550b7e97ae92bdf8d,html/syn-0012.html,syn-0012,microdata_cards,html/syn-0012.html,stationery,clean,5,syn-0012,https://synthetic-shop.local/search/syn-0012,c2120581712d9404a9be023519eaad2b6e9c389d10004d4550b7e97ae92bdf8d,synthetic-shop.local,0
synthetic,syn-0013,html/syn-0013.html,syn-0013.html,run-none13,synthetic-shop.local,D:\Pet_Codes\science\article-price-tracker\synthetic\html\syn-0013.html,https://synthetic-shop.local/search/syn-0013,https://synthetic-shop.local/search/syn-0013,,,,raw_html,,96525783d033d80e925c77df8e64c934e8f4a411e257330e53ccb230b65f16bc,96525783d033d80e925c77df8e64c934e8f4a411e257330e53ccb230b65f16bc,html/syn-0013.html,syn-0013,plain_cards,html/syn-0013.html,stationery,clean,5,syn-0013,https://synthetic-shop.local/search/syn-0013,96525783d033d80e925c77df8e64c934e8f4a411e257330e53ccb230b65f16bc,synthetic-shop.local,0
synthetic,syn-0014,html/syn-0014.html,syn-0014.html,run-none14,synthetic-shop.local,D:\Pet_Codes\science\article-price-tracker\synthetic\html\syn-0014.html,https://synthetic-shop.local/search/syn-0014,https://synthetic-shop.local/search/syn-0014,,,,raw_html,,d8fd4647d23861dbfb551654ae88f620f03f24331e875f172050d59808534dca,d8fd4647d23861dbfb551654ae88f620f03f24331e875f172050d59808534dca,html/syn-0014.html,syn-0014,embedded_state,html/syn-0014.html,stationery,clean,5,syn-0014,https://synthetic-shop.local/search/syn-0014,d8fd4647d23861dbfb551654ae88f620f03f24331e875f172050d59808534dca,synthetic-shop.local,0
synthetic,syn-0015,html/syn-0015.html,syn-0015.html,run-none15,synthetic-shop.local,D:\Pet_Codes\science\article-price-tracker\synthetic\html\syn-0015.html,https://synthetic-shop.local/search/syn-0015,https://synthetic-shop.local/search/syn-0015,,,,raw_html,,2c98b87c8d128dc6cca9f010f3843a723fd33ddec1bdab9c7a240dfffb49f4e5,2c98b87c8d128dc6cca9f010f3843a723fd33ddec1bdab9c7a240dfffb49f4e5,html/syn-0015.html,syn-0015,detail_grid,html/syn-0015.html,electronics,clean,5,syn-0015,https://synthetic-shop.local/search/syn-0015,2c98b87c8d128dc6cca9f010f3843a723fd33ddec1bdab9c7a240dfffb49f4e5,synthetic-shop.local,0
synthetic,syn-0016,html/syn-0016.html,syn-0016.html,run-none16,synthetic-shop.local,D:\Pet_Codes\science\article-price-tracker\synthetic\html\syn-0016.html,https://synthetic-shop.local/search/syn-0016,https://synthetic-shop.local/search/syn-0016,,,,raw_html,,9f64af28cc7b2bf8d3a866c6def7e77a3fd33ee48d10a84ce4be9ec6cee97d9d,9f64af28cc7b2bf8d3a866c6def7e77a3fd33ee48d10a84ce4be9ec6cee97d9d,html/syn-0016.html,syn-0016,table_listing,html/syn-0016.html,electronics,clean,5,syn-0016,https://synthetic-shop.local/search/syn-0016,9f64af28cc7b2bf8d3a866c6def7e77a3fd33ee48d10a84ce4be9ec6cee97d9d,synthetic-shop.local,0
synthetic,syn-0017,html/syn-0017.html,syn-0017.html,run-none17,synthetic-shop.local,D:\Pet_Codes\science\article-price-tracker\synthetic\html\syn-0017.html,https://synthetic-shop.local/search/syn-0017,https://synthetic-shop.local/search/syn-0017,,,,raw_html,,868e08818aa93ea36254f0981c9d22a965f12bc62a5d6b9c183210be8c4c64ee,868e08818aa93ea36254f0981c9d22a965f12bc62a5d6b9c183210be8c4c64ee,html/syn-0017.html,syn-0017,semantic_articles,html/syn-0017.html,electronics,clean,5,syn-0017,https://synthetic-shop.local/search/syn-0017,868e08818aa93ea36254f0981c9d22a965f12bc62a5d6b9c183210be8c4c64ee,synthetic-shop.local,0
synthetic,syn-0018,html/syn-0018.html,syn-0018.html,run-none18,synthetic-shop.local,D:\Pet_Codes\science\article-price-tracker\synthetic\html\syn-0018.html,https://synthetic-shop.local/search/syn-0018,https://synthetic-shop.local/search/syn-0018,,,,raw_html,,bd41b7bb50eb5e91dfcc033bbd3f5f2b0b4e31ba5b40fd5ce1ce939709fc6070,bd41b7bb50eb5e91dfcc033bbd3f5f2b0b4e31ba5b40fd5ce1ce939709fc6070,html/syn-0018.html,syn-0018,data_attrs,html/syn-0018.html,electronics,clean,5,syn-0018,https://synthetic-shop.local/search/syn-0018,bd41b7bb50eb5e91dfcc033bbd3f5f2b0b4e31ba5b40fd5ce1ce939709fc6070,synthetic-shop.local,0
synthetic,syn-0019,html/syn-0019.html,syn-0019.html,run-none19,synthetic-shop.local,D:\Pet_Codes\science\article-price-tracker\synthetic\html\syn-0019.html,https://synthetic-shop.local/search/syn-0019,https://synthetic-shop.local/search/syn-0019,,,,raw_html,,9709ea835b8d713c84edea5827a86e1924e609efb3b7265dab53f2a7f45355cd,9709ea835b8d713c84edea5827a86e1924e609efb3b7265dab53f2a7f45355cd,html/syn-0019.html,syn-0019,nested_cards,html/syn-0019.html,other,clean,5,syn-0019,https://synthetic-shop.local/search/syn-0019,9709ea835b8d713c84edea5827a86e1924e609efb3b7265dab53f2a7f45355cd,synthetic-shop.local,0
synthetic,syn-0020,html/syn-0020.html,syn-0020.html,run-none20,synthetic-shop.local,D:\Pet_Codes\science\article-price-tracker\synthetic\html\syn-0020.html,https://synthetic-shop.local/search/syn-0020,https://synthetic-shop.local/search/syn-0020,,,,raw_html,,85aedb3ad9545a37caa15a2b67f2f85b84c9c0ee549b7fa030def253f77f2c13,85aedb3ad9545a37caa15a2b67f2f85b84c9c0ee549b7fa030def253f77f2c13,html/syn-0020.html,syn-0020,mixed_markup,html/syn-0020.html,other,clean,5,syn-0020,https://synthetic-shop.local/search/syn-0020,85aedb3ad9545a37caa15a2b67f2f85b84c9c0ee549b7fa030def253f77f2c13,synthetic-shop.local,0
