dataset,variant,development_group,bootstrap_mean_F1,ci95_low,ci95_high,n_pages
industrial,hybrid_original,all,0.9407020349570687,0.8909072802199137,0.9757647999495865,240
industrial,llm_full_html,all,0.965913378732789,0.9492006315702065,0.9799900426172763,240
industrial,original_fast,all,0.9360139205144502,0.8859195833906794,0.9735716637299392,240
robustness,hybrid_original,all,0.8459353578957401,0.8147515472668881,0.8750698972133925,200
robustness,llm_full_html,all,1.0,1.0,1.0,200
robustness,original_fast,all,0.7254644091665935,0.6672765185478657,0.7799048167734273,200
synthetic,hybrid_original,all,0.8573371793004568,0.7573964497041421,0.9400011990407674,20
synthetic,llm_full_html,all,1.0,1.0,1.0,20
synthetic,original_fast,all,0.7445012428335285,0.5454070319923978,0.8969587713780813,20
industrial,hybrid_original,tailored,0.9480706022385602,0.89760447235226,0.9841380054821591,229
industrial,hybrid_original,untailored,0.8542049685418548,0.7457627118644068,0.9381898454746137,11
industrial,llm_full_html,tailored,0.9623713006095634,0.9434285264022713,0.9777579700017556,229
industrial,llm_full_html,untailored,1.0,1.0,1.0,11
industrial,original_fast,tailored,0.9456964866670772,0.8923863648939526,0.9834755313986048,229
industrial,original_fast,untailored,0.8129377744847951,0.6655683690280066,0.9169169169169169,11
