dataset,variant,error_label,count
industrial,hybrid_original,missing_entity,466
industrial,hybrid_original,unexpected_entity,275
industrial,hybrid_original,unexpected_price,88
industrial,hybrid_original,wrong_name,30
industrial,hybrid_original,wrong_price,252
industrial,llm_full_html,missing_entity,347
industrial,llm_full_html,unexpected_entity,73
industrial,llm_full_html,wrong_name,320
industrial,llm_full_html,wrong_price,126
industrial,original_fast,missing_entity,518
industrial,original_fast,unexpected_entity,273
industrial,original_fast,unexpected_price,88
industrial,original_fast,wrong_name,10
industrial,original_fast,wrong_price,251
robustness,hybrid_original,missing_entity,1118
robustness,original_fast,missing_entity,1806
synthetic,hybrid_original,missing_entity,104
synthetic,original_fast,missing_entity,168
