page_id,entity_TP_det,entity_FP_det,entity_FN_det,source_det,development_group_det,candidate_count_det,gt_positive_count_det,entity_TP_hyb,entity_FP_hyb,entity_FN_hyb,source_hyb,development_group_hyb,candidate_count_hyb,gt_positive_count_hyb,FN_recovered,FP_added,TP_gain
dind-.-1c84d53a2c5b20ea,0,106,106,спецодежда-тула.рф,tailored,106.0,106.0,8,106,98,спецодежда-тула.рф,tailored,106.0,106.0,8,0,8
dind-.-e142c05b90bdf168,0,102,102,спецодежда-тула.рф,tailored,102.0,102.0,8,102,94,спецодежда-тула.рф,tailored,102.0,102.0,8,0,8
dind-bigam.ru-053b5e451a07d93b,35,2,0,bigam.ru,tailored,37.0,35.0,35,2,0,bigam.ru,tailored,37.0,35.0,0,0,0
dind-bigam.ru-06af9e1233a99d5f,35,2,0,bigam.ru,tailored,37.0,35.0,35,2,0,bigam.ru,tailored,37.0,35.0,0,0,0
dind-bigam.ru-0b40accb7c68a78f,35,2,0,bigam.ru,tailored,37.0,35.0,35,2,0,bigam.ru,tailored,37.0,35.0,0,0,0
dind-bigam.ru-28741ad7ac8f3e85,35,2,0,bigam.ru,tailored,37.0,35.0,35,2,0,bigam.ru,tailored,37.0,35.0,0,0,0
dind-bigam.ru-4c31321224ca0dfb,35,1,0,bigam.ru,tailored,36.0,35.0,35,1,0,bigam.ru,tailored,36.0,35.0,0,0,0
dind-bigam.ru-924b98be2f260451,35,2,0,bigam.ru,tailored,37.0,35.0,35,2,0,bigam.ru,tailored,37.0,35.0,0,0,0
dind-bigam.ru-989575fef6752559,35,1,0,bigam.ru,tailored,36.0,35.0,35,1,0,bigam.ru,tailored,36.0,35.0,0,0,0
dind-bigam.ru-9d6f5f15a221a4b8,15,2,0,bigam.ru,tailored,17.0,15.0,15,2,0,bigam.ru,tailored,17.0,15.0,0,0,0
dind-bigam.ru-a17e0c3e4a6faaf2,35,2,0,bigam.ru,tailored,37.0,35.0,35,2,0,bigam.ru,tailored,37.0,35.0,0,0,0
dind-bigam.ru-c6cf7468e0715e1f,30,2,0,bigam.ru,tailored,32.0,30.0,30,2,0,bigam.ru,tailored,32.0,30.0,0,0,0
dind-bigam.ru-d64d3122a4ac0d62,35,2,0,bigam.ru,tailored,37.0,35.0,35,2,0,bigam.ru,tailored,37.0,35.0,0,0,0
dind-bigam.ru-f2294a326cfcba05,35,2,0,bigam.ru,tailored,37.0,35.0,35,2,0,bigam.ru,tailored,37.0,35.0,0,0,0
dind-bigam.ru-f9a11490fa2ea0fe,35,2,0,bigam.ru,tailored,37.0,35.0,35,2,0,bigam.ru,tailored,37.0,35.0,0,0,0
dind-chipdip.ru-0c732437ad22572f,21,0,0,chipdip.ru,tailored,21.0,21.0,21,0,0,chipdip.ru,tailored,21.0,21.0,0,0,0
dind-chipdip.ru-4f407af0c36f72b6,25,0,0,chipdip.ru,tailored,25.0,25.0,25,0,0,chipdip.ru,tailored,25.0,25.0,0,0,0
dind-chipdip.ru-8ffd0822c0dc4d40,21,0,0,chipdip.ru,tailored,21.0,21.0,21,0,0,chipdip.ru,tailored,21.0,21.0,0,0,0
dind-chipdip.ru-976706e79c2f2987,21,0,0,chipdip.ru,tailored,21.0,21.0,21,0,0,chipdip.ru,tailored,21.0,21.0,0,0,0
dind-chipdip.ru-abf1baaa6803c0b8,21,0,0,chipdip.ru,tailored,21.0,21.0,21,0,0,chipdip.ru,tailored,21.0,21.0,0,0,0
dind-chipdip.ru-ac550c02e68937ba,21,0,0,chipdip.ru,tailored,21.0,21.0,21,0,0,chipdip.ru,tailored,21.0,21.0,0,0,0
dind-chipdip.ru-c2479b21b1035e7c,21,0,0,chipdip.ru,tailored,21.0,21.0,21,0,0,chipdip.ru,tailored,21.0,21.0,0,0,0
dind-citilink.ru-10ed9d833757ff85,36,0,0,citilink.ru,tailored,36.0,36.0,36,0,0,citilink.ru,tailored,36.0,36.0,0,0,0
dind-citilink.ru-27ce607b67285dce,36,0,0,citilink.ru,tailored,36.0,36.0,36,0,0,citilink.ru,tailored,36.0,36.0,0,0,0
dind-citilink.ru-30da59eb4be8c8d4,36,0,0,citilink.ru,tailored,36.0,36.0,36,0,0,citilink.ru,tailored,36.0,36.0,0,0,0
dind-citilink.ru-4ea974c7ea924633,36,0,0,citilink.ru,tailored,36.0,36.0,36,0,0,citilink.ru,tailored,36.0,36.0,0,0,0
dind-citilink.ru-6930b865e4517478,36,0,0,citilink.ru,tailored,36.0,36.0,36,0,0,citilink.ru,tailored,36.0,36.0,0,0,0
dind-citilink.ru-8f6401111a1db657,36,0,0,citilink.ru,tailored,36.0,36.0,36,0,0,citilink.ru,tailored,36.0,36.0,0,0,0
dind-citilink.ru-abcfe4fb034ca5a2,36,0,0,citilink.ru,tailored,36.0,36.0,36,0,0,citilink.ru,tailored,36.0,36.0,0,0,0
dind-citilink.ru-c27eb4fecdbb44bb,6,0,0,citilink.ru,tailored,6.0,6.0,6,0,0,citilink.ru,tailored,6.0,6.0,0,0,0
dind-citilink.ru-c3b1bb2ebd5d428a,36,0,0,citilink.ru,tailored,36.0,36.0,36,0,0,citilink.ru,tailored,36.0,36.0,0,0,0
dind-citilink.ru-c9c5ca4bf5e41894,36,0,0,citilink.ru,tailored,36.0,36.0,36,0,0,citilink.ru,tailored,36.0,36.0,0,0,0
dind-citilink.ru-cda6466bd3c48b51,36,0,0,citilink.ru,tailored,36.0,36.0,36,0,0,citilink.ru,tailored,36.0,36.0,0,0,0
dind-citilink.ru-e2440ead0d4289d7,10,0,0,citilink.ru,tailored,10.0,10.0,10,0,0,citilink.ru,tailored,10.0,10.0,0,0,0
dind-citilink.ru-fb08ef466206eb66,36,0,0,citilink.ru,tailored,36.0,36.0,36,0,0,citilink.ru,tailored,36.0,36.0,0,0,0
dind-citilink.ru-fc3d83fa07e578d5,36,0,0,citilink.ru,tailored,36.0,36.0,36,0,0,citilink.ru,tailored,36.0,36.0,0,0,0
dind-cnc.su-3651d593e610dc79,20,6,0,cnc.su,tailored,26.0,20.0,20,6,0,cnc.su,tailored,26.0,20.0,0,0,0
dind-cnc.su-60ca64ff8b5db935,0,6,0,cnc.su,tailored,6.0,0.0,0,6,0,cnc.su,tailored,6.0,0.0,0,0,0
dind-cnc.su-aea17eda0f793a5b,20,6,0,cnc.su,tailored,26.0,20.0,20,6,0,cnc.su,tailored,26.0,20.0,0,0,0
dind-cnc.su-cbe39bad76c5ee58,20,6,0,cnc.su,tailored,26.0,20.0,20,6,0,cnc.su,tailored,26.0,20.0,0,0,0
dind-dns-shop.ru-1daabf0100ef084e,18,0,0,dns-shop.ru,tailored,18.0,18.0,18,0,0,dns-shop.ru,tailored,18.0,18.0,0,0,0
dind-dns-shop.ru-2198c54dfd3d2076,18,0,0,dns-shop.ru,tailored,18.0,18.0,18,0,0,dns-shop.ru,tailored,18.0,18.0,0,0,0
dind-dns-shop.ru-2824d29f205128a1,18,0,0,dns-shop.ru,tailored,18.0,18.0,18,0,0,dns-shop.ru,tailored,18.0,18.0,0,0,0
dind-dns-shop.ru-28746746c13ce562,2,0,1,dns-shop.ru,tailored,2.0,3.0,2,0,1,dns-shop.ru,tailored,2.0,3.0,0,0,0
dind-dns-shop.ru-2c7a29d35d5d4eaf,0,0,18,dns-shop.ru,tailored,0.0,18.0,0,0,18,dns-shop.ru,tailored,0.0,18.0,0,0,0
dind-dns-shop.ru-32b1fcaa3a2d2e3c,18,0,0,dns-shop.ru,tailored,18.0,18.0,18,0,0,dns-shop.ru,tailored,18.0,18.0,0,0,0
dind-dns-shop.ru-33bd96f05cc76522,18,0,0,dns-shop.ru,tailored,18.0,18.0,18,0,0,dns-shop.ru,tailored,18.0,18.0,0,0,0
dind-dns-shop.ru-37f14821f393b029,18,0,0,dns-shop.ru,tailored,18.0,18.0,18,0,0,dns-shop.ru,tailored,18.0,18.0,0,0,0
dind-dns-shop.ru-3f4da6582900a525,18,0,0,dns-shop.ru,tailored,18.0,18.0,18,0,0,dns-shop.ru,tailored,18.0,18.0,0,0,0
dind-dns-shop.ru-3febee92cb878873,18,0,0,dns-shop.ru,tailored,18.0,18.0,18,0,0,dns-shop.ru,tailored,18.0,18.0,0,0,0
dind-dns-shop.ru-434df911d8c9446c,18,0,0,dns-shop.ru,tailored,18.0,18.0,18,0,0,dns-shop.ru,tailored,18.0,18.0,0,0,0
dind-dns-shop.ru-46ebef5666c10c8e,18,0,0,dns-shop.ru,tailored,18.0,18.0,18,0,0,dns-shop.ru,tailored,18.0,18.0,0,0,0
dind-dns-shop.ru-4a4e14f05378d4a5,1,0,6,dns-shop.ru,tailored,2.0,7.0,1,0,6,dns-shop.ru,tailored,2.0,7.0,0,0,0
dind-dns-shop.ru-4d693e109b55f82a,18,0,0,dns-shop.ru,tailored,18.0,18.0,18,0,0,dns-shop.ru,tailored,18.0,18.0,0,0,0
dind-dns-shop.ru-500c72a9307f6bee,18,0,0,dns-shop.ru,tailored,18.0,18.0,18,0,0,dns-shop.ru,tailored,18.0,18.0,0,0,0
dind-dns-shop.ru-536061e6205968d4,18,0,0,dns-shop.ru,tailored,18.0,18.0,18,0,0,dns-shop.ru,tailored,18.0,18.0,0,0,0
dind-dns-shop.ru-543d15ba7884e65d,18,0,0,dns-shop.ru,tailored,18.0,18.0,18,0,0,dns-shop.ru,tailored,18.0,18.0,0,0,0
dind-dns-shop.ru-5564a34319f17254,18,0,0,dns-shop.ru,tailored,18.0,18.0,18,0,0,dns-shop.ru,tailored,18.0,18.0,0,0,0
dind-dns-shop.ru-564876217320f967,0,0,7,dns-shop.ru,tailored,0.0,7.0,0,0,7,dns-shop.ru,tailored,0.0,7.0,0,0,0
dind-dns-shop.ru-74d2e0772b88cccb,18,0,0,dns-shop.ru,tailored,18.0,18.0,18,0,0,dns-shop.ru,tailored,18.0,18.0,0,0,0
dind-dns-shop.ru-771d6387f7b3c12b,18,0,0,dns-shop.ru,tailored,18.0,18.0,18,0,0,dns-shop.ru,tailored,18.0,18.0,0,0,0
dind-dns-shop.ru-7933239bf3e50771,18,0,0,dns-shop.ru,tailored,18.0,18.0,18,0,0,dns-shop.ru,tailored,18.0,18.0,0,0,0
dind-dns-shop.ru-7a35f41002832ba2,18,0,0,dns-shop.ru,tailored,18.0,18.0,18,0,0,dns-shop.ru,tailored,18.0,18.0,0,0,0
dind-dns-shop.ru-811008815de52c86,18,0,0,dns-shop.ru,tailored,18.0,18.0,18,0,0,dns-shop.ru,tailored,18.0,18.0,0,0,0
dind-dns-shop.ru-8115aee7bc53974a,18,0,0,dns-shop.ru,tailored,18.0,18.0,18,0,0,dns-shop.ru,tailored,18.0,18.0,0,0,0
dind-dns-shop.ru-85bc079e6fdf3596,18,0,0,dns-shop.ru,tailored,18.0,18.0,18,0,0,dns-shop.ru,tailored,18.0,18.0,0,0,0
dind-dns-shop.ru-8b9ca76d14a1d9e1,18,0,0,dns-shop.ru,tailored,18.0,18.0,18,0,0,dns-shop.ru,tailored,18.0,18.0,0,0,0
dind-dns-shop.ru-90440791218a97f4,2,0,2,dns-shop.ru,tailored,2.0,4.0,2,0,2,dns-shop.ru,tailored,2.0,4.0,0,0,0
dind-dns-shop.ru-92ce0999672a52ef,2,0,2,dns-shop.ru,tailored,2.0,4.0,2,0,2,dns-shop.ru,tailored,2.0,4.0,0,0,0
dind-dns-shop.ru-996bc94411949f8b,18,0,0,dns-shop.ru,tailored,18.0,18.0,18,0,0,dns-shop.ru,tailored,18.0,18.0,0,0,0
dind-dns-shop.ru-9dd9c1645a03e017,18,0,0,dns-shop.ru,tailored,18.0,18.0,18,0,0,dns-shop.ru,tailored,18.0,18.0,0,0,0
dind-dns-shop.ru-a3790a136022ceb0,2,0,2,dns-shop.ru,tailored,2.0,4.0,2,0,2,dns-shop.ru,tailored,2.0,4.0,0,0,0
dind-dns-shop.ru-aa82f882645785f9,18,0,0,dns-shop.ru,tailored,18.0,18.0,18,0,0,dns-shop.ru,tailored,18.0,18.0,0,0,0
dind-dns-shop.ru-af963fbfbb118c6f,2,0,0,dns-shop.ru,tailored,2.0,2.0,2,0,0,dns-shop.ru,tailored,2.0,2.0,0,0,0
dind-dns-shop.ru-b189120c5c34179d,18,0,0,dns-shop.ru,tailored,18.0,18.0,18,0,0,dns-shop.ru,tailored,18.0,18.0,0,0,0
dind-dns-shop.ru-b4e6fddfb8cc1f85,18,0,0,dns-shop.ru,tailored,18.0,18.0,18,0,0,dns-shop.ru,tailored,18.0,18.0,0,0,0
dind-dns-shop.ru-b6cad428c103f85e,2,0,2,dns-shop.ru,tailored,2.0,4.0,2,0,2,dns-shop.ru,tailored,2.0,4.0,0,0,0
dind-dns-shop.ru-b7113a7a9f8e538f,18,0,0,dns-shop.ru,tailored,18.0,18.0,18,0,0,dns-shop.ru,tailored,18.0,18.0,0,0,0
dind-dns-shop.ru-c540244729f3afe8,18,0,0,dns-shop.ru,tailored,18.0,18.0,18,0,0,dns-shop.ru,tailored,18.0,18.0,0,0,0
dind-dns-shop.ru-c972a387a5634908,18,0,0,dns-shop.ru,tailored,18.0,18.0,18,0,0,dns-shop.ru,tailored,18.0,18.0,0,0,0
dind-dns-shop.ru-e46adc0c328cc286,18,0,0,dns-shop.ru,tailored,18.0,18.0,18,0,0,dns-shop.ru,tailored,18.0,18.0,0,0,0
dind-dns-shop.ru-e8d091ebce0ef80f,18,0,0,dns-shop.ru,tailored,18.0,18.0,18,0,0,dns-shop.ru,tailored,18.0,18.0,0,0,0
dind-dns-shop.ru-ea90543385536fce,18,0,0,dns-shop.ru,tailored,18.0,18.0,18,0,0,dns-shop.ru,tailored,18.0,18.0,0,0,0
dind-dns-shop.ru-ecbe705fe138bbfc,18,0,0,dns-shop.ru,tailored,18.0,18.0,18,0,0,dns-shop.ru,tailored,18.0,18.0,0,0,0
dind-dns-shop.ru-f2b4db0b14d601f5,18,0,0,dns-shop.ru,tailored,18.0,18.0,18,0,0,dns-shop.ru,tailored,18.0,18.0,0,0,0
dind-dns-shop.ru-f81b39d0b9945b9b,18,0,0,dns-shop.ru,tailored,18.0,18.0,18,0,0,dns-shop.ru,tailored,18.0,18.0,0,0,0
dind-dns-shop.ru-f878c1c96441254e,18,0,0,dns-shop.ru,tailored,18.0,18.0,18,0,0,dns-shop.ru,tailored,18.0,18.0,0,0,0
dind-dns-shop.ru-f8afdc6ad037e786,18,0,0,dns-shop.ru,tailored,18.0,18.0,18,0,0,dns-shop.ru,tailored,18.0,18.0,0,0,0
dind-dns-shop.ru-fb02082707bf4363,18,0,0,dns-shop.ru,tailored,18.0,18.0,18,0,0,dns-shop.ru,tailored,18.0,18.0,0,0,0
dind-dns-shop.ru-fdefdf05ba85008a,4,0,14,dns-shop.ru,tailored,4.0,18.0,4,0,14,dns-shop.ru,tailored,4.0,18.0,0,0,0
dind-etm.ru-5ec13e2b305fa590,9,0,0,etm.ru,tailored,10.0,9.0,9,0,0,etm.ru,tailored,10.0,9.0,0,0,0
dind-etm.ru-ce65bfbecd538b17,9,0,0,etm.ru,tailored,10.0,9.0,9,0,0,etm.ru,tailored,10.0,9.0,0,0,0
dind-hahn-kolb.ru-0b2260cfa1d12dea,0,0,0,hahn-kolb.ru,tailored,,,0,0,0,hahn-kolb.ru,tailored,0.0,,0,0,0
dind-komus.ru-023e5ca676225909,27,0,3,komus.ru,tailored,27.0,30.0,27,0,3,komus.ru,tailored,27.0,30.0,0,0,0
dind-komus.ru-11490b3dd28bfa7d,27,0,3,komus.ru,tailored,27.0,30.0,27,0,3,komus.ru,tailored,27.0,30.0,0,0,0
dind-komus.ru-2cf9855072dedf49,27,0,3,komus.ru,tailored,27.0,30.0,27,0,3,komus.ru,tailored,27.0,30.0,0,0,0
dind-komus.ru-31fd7c045fb2ea41,27,0,3,komus.ru,tailored,27.0,30.0,27,0,3,komus.ru,tailored,27.0,30.0,0,0,0
dind-komus.ru-329f550a6d3b95ff,27,0,3,komus.ru,tailored,27.0,30.0,27,0,3,komus.ru,tailored,27.0,30.0,0,0,0
dind-komus.ru-41d20e640e2f54ca,27,0,3,komus.ru,tailored,27.0,30.0,27,0,3,komus.ru,tailored,27.0,30.0,0,0,0
dind-komus.ru-45e1fc98edfd6da1,27,0,3,komus.ru,tailored,27.0,30.0,27,0,3,komus.ru,tailored,27.0,30.0,0,0,0
dind-komus.ru-4ec3512b66f59759,0,0,0,komus.ru,tailored,0.0,0.0,0,0,0,komus.ru,tailored,0.0,0.0,0,0,0
dind-komus.ru-58c1a96dda4c3778,27,0,3,komus.ru,tailored,27.0,30.0,27,0,3,komus.ru,tailored,27.0,30.0,0,0,0
dind-komus.ru-607c4231e49e9843,27,0,3,komus.ru,tailored,27.0,30.0,27,0,3,komus.ru,tailored,27.0,30.0,0,0,0
dind-komus.ru-6ab2c63743e80fe2,27,0,3,komus.ru,tailored,27.0,30.0,27,0,3,komus.ru,tailored,27.0,30.0,0,0,0
dind-komus.ru-6f7eb9ea777697b3,27,0,3,komus.ru,tailored,27.0,30.0,27,0,3,komus.ru,tailored,27.0,30.0,0,0,0
dind-komus.ru-6f947666964b40f8,27,0,3,komus.ru,tailored,27.0,30.0,27,0,3,komus.ru,tailored,27.0,30.0,0,0,0
dind-komus.ru-7a31877560a20352,27,0,3,komus.ru,tailored,27.0,30.0,27,0,3,komus.ru,tailored,27.0,30.0,0,0,0
dind-komus.ru-84cbf3c2771d2ecd,27,0,3,komus.ru,tailored,27.0,30.0,27,0,3,komus.ru,tailored,27.0,30.0,0,0,0
dind-komus.ru-b05effd6532b7f9b,27,0,3,komus.ru,tailored,27.0,30.0,28,0,2,komus.ru,tailored,27.0,30.0,1,0,1
dind-komus.ru-c0e90dc894a3f454,0,1,0,komus.ru,tailored,1.0,0.0,0,1,0,komus.ru,tailored,1.0,0.0,0,0,0
dind-komus.ru-c4ec811f50b580fc,27,0,3,komus.ru,tailored,27.0,30.0,27,0,3,komus.ru,tailored,27.0,30.0,0,0,0
dind-komus.ru-cee4656ff9fe75f8,27,0,3,komus.ru,tailored,27.0,30.0,27,0,3,komus.ru,tailored,27.0,30.0,0,0,0
dind-komus.ru-d039da717f66c987,27,0,3,komus.ru,tailored,27.0,30.0,27,0,3,komus.ru,tailored,27.0,30.0,0,0,0
dind-komus.ru-d35e011b185be0a6,0,0,0,komus.ru,tailored,0.0,0.0,0,0,0,komus.ru,tailored,0.0,0.0,0,0,0
dind-komus.ru-e25d8f2aebb53e9c,0,0,0,komus.ru,tailored,0.0,0.0,0,0,0,komus.ru,tailored,0.0,0.0,0,0,0
dind-komus.ru-e44491f1d0a00d59,27,0,3,komus.ru,tailored,27.0,30.0,27,0,3,komus.ru,tailored,27.0,30.0,0,0,0
dind-komus.ru-f83a8cdb85dbe548,27,0,3,komus.ru,tailored,27.0,30.0,27,0,3,komus.ru,tailored,27.0,30.0,0,0,0
dind-komus.ru-fd526265f9a93c7c,27,0,3,komus.ru,tailored,27.0,30.0,27,0,3,komus.ru,tailored,27.0,30.0,0,0,0
dind-labirint.ru-017ca7137cd84dc1,52,0,8,labirint.ru,untailored,53.0,60.0,54,0,6,labirint.ru,untailored,53.0,60.0,2,0,2
dind-labirint.ru-04ccf5be83eaa6ce,52,0,8,labirint.ru,untailored,53.0,60.0,54,0,6,labirint.ru,untailored,53.0,60.0,2,0,2
dind-labirint.ru-186be25179ff4d2f,30,1,30,labirint.ru,untailored,31.0,60.0,35,1,25,labirint.ru,untailored,31.0,60.0,5,0,5
dind-labirint.ru-21ac626ea371bd49,58,0,2,labirint.ru,untailored,59.0,60.0,58,0,2,labirint.ru,untailored,59.0,60.0,0,0,0
dind-labirint.ru-4eb2fb8b1b347b32,58,0,2,labirint.ru,untailored,59.0,60.0,58,0,2,labirint.ru,untailored,59.0,60.0,0,0,0
dind-labirint.ru-a54655182aa1fecc,30,1,30,labirint.ru,untailored,31.0,60.0,35,1,25,labirint.ru,untailored,31.0,60.0,5,0,5
dind-labirint.ru-b5d7e810e7ca116a,52,0,8,labirint.ru,untailored,53.0,60.0,54,0,6,labirint.ru,untailored,53.0,60.0,2,0,2
dind-labirint.ru-d92a0991b3f5fccd,30,1,30,labirint.ru,untailored,31.0,60.0,35,1,25,labirint.ru,untailored,31.0,60.0,5,0,5
dind-lemanapro.ru-09c3ea7e145206b2,60,0,0,lemanapro.ru,tailored,60.0,60.0,60,0,0,lemanapro.ru,tailored,60.0,60.0,0,0,0
dind-lemanapro.ru-486c6fb5ef917f2b,60,0,0,lemanapro.ru,tailored,60.0,60.0,60,0,0,lemanapro.ru,tailored,60.0,60.0,0,0,0
dind-lemanapro.ru-4acdbb9eae290779,60,0,0,lemanapro.ru,tailored,60.0,60.0,60,0,0,lemanapro.ru,tailored,60.0,60.0,0,0,0
dind-lemanapro.ru-b9b4d6ef071bd3cd,60,0,0,lemanapro.ru,tailored,60.0,60.0,60,0,0,lemanapro.ru,tailored,60.0,60.0,0,0,0
dind-lemanapro.ru-cf598f1239ed8afe,60,0,0,lemanapro.ru,tailored,60.0,60.0,60,0,0,lemanapro.ru,tailored,60.0,60.0,0,0,0
dind-lemanapro.ru-df1069562cd0eec0,0,0,0,lemanapro.ru,tailored,0.0,0.0,0,0,0,lemanapro.ru,tailored,0.0,0.0,0,0,0
dind-lemanapro.ru-ecf8fe1428f45043,60,0,0,lemanapro.ru,tailored,60.0,60.0,60,0,0,lemanapro.ru,tailored,60.0,60.0,0,0,0
dind-lemanapro.ru-f0cfe5397616c775,60,0,0,lemanapro.ru,tailored,60.0,60.0,60,0,0,lemanapro.ru,tailored,60.0,60.0,0,0,0
dind-lemanapro.ru-f525d96c96aaf6dc,60,0,0,lemanapro.ru,tailored,60.0,60.0,60,0,0,lemanapro.ru,tailored,60.0,60.0,0,0,0
dind-lemanapro.ru-fab71c309af5505b,0,0,0,lemanapro.ru,tailored,0.0,0.0,0,0,0,lemanapro.ru,tailored,0.0,0.0,0,0,0
dind-lemanapro.ru-fc39977cfc7e6c73,60,0,0,lemanapro.ru,tailored,60.0,60.0,60,0,0,lemanapro.ru,tailored,60.0,60.0,0,0,0
dind-market.yandex.ru-1b519c43e22aa033,24,0,0,market.yandex.ru,tailored,24.0,24.0,24,0,0,market.yandex.ru,tailored,24.0,24.0,0,0,0
dind-market.yandex.ru-4a073eb1b3d67309,24,0,0,market.yandex.ru,tailored,24.0,24.0,24,0,0,market.yandex.ru,tailored,24.0,24.0,0,0,0
dind-mvideo.ru-151bf8cc328c4ddc,57,0,0,mvideo.ru,tailored,57.0,57.0,57,0,0,mvideo.ru,tailored,57.0,57.0,0,0,0
dind-mvideo.ru-1dc9556f176f49b3,0,0,0,mvideo.ru,tailored,0.0,0.0,0,0,0,mvideo.ru,tailored,0.0,0.0,0,0,0
dind-mvideo.ru-397d20ee85741495,40,0,0,mvideo.ru,tailored,40.0,40.0,40,0,0,mvideo.ru,tailored,40.0,40.0,0,0,0
dind-mvideo.ru-3e76af37ea2ac7ed,53,0,0,mvideo.ru,tailored,53.0,53.0,53,0,0,mvideo.ru,tailored,53.0,53.0,0,0,0
dind-mvideo.ru-4c97407a7ea4c65d,0,0,0,mvideo.ru,tailored,0.0,0.0,0,0,0,mvideo.ru,tailored,0.0,0.0,0,0,0
dind-mvideo.ru-57409058dc51841b,119,1,0,mvideo.ru,tailored,120.0,119.0,119,1,0,mvideo.ru,tailored,120.0,119.0,0,0,0
dind-mvideo.ru-79ce14d153c633c2,53,0,0,mvideo.ru,tailored,53.0,53.0,53,0,0,mvideo.ru,tailored,53.0,53.0,0,0,0
dind-mvideo.ru-9b0cc1e81b38d9de,53,0,0,mvideo.ru,tailored,53.0,53.0,53,0,0,mvideo.ru,tailored,53.0,53.0,0,0,0
dind-mvideo.ru-be793df4ca32b36e,114,0,0,mvideo.ru,tailored,114.0,114.0,114,0,0,mvideo.ru,tailored,114.0,114.0,0,0,0
dind-mvideo.ru-c492b59ab5a30f12,57,0,0,mvideo.ru,tailored,57.0,57.0,57,0,0,mvideo.ru,tailored,57.0,57.0,0,0,0
dind-mvideo.ru-c964db29d85851de,0,0,0,mvideo.ru,tailored,0.0,0.0,0,0,0,mvideo.ru,tailored,0.0,0.0,0,0,0
dind-mvideo.ru-e3c8a4d018d42c79,0,0,0,mvideo.ru,tailored,0.0,0.0,0,0,0,mvideo.ru,tailored,0.0,0.0,0,0,0
dind-mvideo.ru-e426af76efa6c0dd,53,0,0,mvideo.ru,tailored,53.0,53.0,53,0,0,mvideo.ru,tailored,53.0,53.0,0,0,0
dind-mvideo.ru-f4739083601ea838,53,0,0,mvideo.ru,tailored,53.0,53.0,53,0,0,mvideo.ru,tailored,53.0,53.0,0,0,0
dind-oaopolimer.ru-02558b82bd865b0f,17,1,1,oaopolimer.ru,tailored,18.0,18.0,17,1,1,oaopolimer.ru,tailored,18.0,18.0,0,0,0
dind-oaopolimer.ru-2a0003d60012b8a6,17,1,1,oaopolimer.ru,tailored,18.0,18.0,17,1,1,oaopolimer.ru,tailored,18.0,18.0,0,0,0
dind-oaopolimer.ru-5b318217a3a3222c,17,1,1,oaopolimer.ru,tailored,18.0,18.0,17,1,1,oaopolimer.ru,tailored,18.0,18.0,0,0,0
dind-oaopolimer.ru-8109f11938b71aeb,17,1,1,oaopolimer.ru,tailored,18.0,18.0,17,1,1,oaopolimer.ru,tailored,18.0,18.0,0,0,0
dind-oaopolimer.ru-a7c041cf2a18af01,17,1,1,oaopolimer.ru,tailored,18.0,18.0,17,1,1,oaopolimer.ru,tailored,18.0,18.0,0,0,0
dind-oaopolimer.ru-b10d46a99fe3b34d,17,1,1,oaopolimer.ru,tailored,18.0,18.0,17,1,1,oaopolimer.ru,tailored,18.0,18.0,0,0,0
dind-oaopolimer.ru-c8d55d81cc904ea3,17,1,1,oaopolimer.ru,tailored,18.0,18.0,17,1,1,oaopolimer.ru,tailored,18.0,18.0,0,0,0
dind-officemag.ru-00c674729dcaa4ea,13,0,3,officemag.ru,tailored,13.0,16.0,13,0,3,officemag.ru,tailored,13.0,16.0,0,0,0
dind-officemag.ru-00d53e795579eb90,13,0,3,officemag.ru,tailored,13.0,16.0,13,0,3,officemag.ru,tailored,13.0,16.0,0,0,0
dind-officemag.ru-1bea9ed185f4b328,1,0,3,officemag.ru,tailored,1.0,4.0,4,0,0,officemag.ru,tailored,1.0,4.0,3,0,3
dind-officemag.ru-40809b5312781d55,21,0,3,officemag.ru,tailored,21.0,24.0,21,0,3,officemag.ru,tailored,21.0,24.0,0,0,0
dind-officemag.ru-5e08817729b9c1b0,1,0,3,officemag.ru,tailored,1.0,4.0,4,0,0,officemag.ru,tailored,1.0,4.0,3,0,3
dind-officemag.ru-892e0a35c31b5746,13,0,3,officemag.ru,tailored,13.0,16.0,13,0,3,officemag.ru,tailored,13.0,16.0,0,0,0
dind-officemag.ru-b0ddf2fa010706d1,21,0,3,officemag.ru,tailored,21.0,24.0,21,0,3,officemag.ru,tailored,21.0,24.0,0,0,0
dind-officemag.ru-beec12f6c9b66652,13,0,3,officemag.ru,tailored,13.0,16.0,13,0,3,officemag.ru,tailored,13.0,16.0,0,0,0
dind-ozon.ru-00fd247071d4b382,24,0,0,ozon.ru,tailored,24.0,24.0,24,0,0,ozon.ru,tailored,24.0,24.0,0,0,0
dind-ozon.ru-030d0fbe4dcf938f,24,0,0,ozon.ru,tailored,24.0,24.0,24,0,0,ozon.ru,tailored,24.0,24.0,0,0,0
dind-ozon.ru-0893ebc9dae9a0b6,24,0,0,ozon.ru,tailored,24.0,24.0,24,0,0,ozon.ru,tailored,24.0,24.0,0,0,0
dind-ozon.ru-0af467e962767537,24,0,0,ozon.ru,tailored,24.0,24.0,24,0,0,ozon.ru,tailored,24.0,24.0,0,0,0
dind-ozon.ru-0f3fe0ffc5075f97,24,0,0,ozon.ru,tailored,24.0,24.0,24,0,0,ozon.ru,tailored,24.0,24.0,0,0,0
dind-ozon.ru-0f7383450d9788c2,24,0,0,ozon.ru,tailored,24.0,24.0,24,0,0,ozon.ru,tailored,24.0,24.0,0,0,0
dind-ozon.ru-14349728faeae495,32,0,0,ozon.ru,tailored,32.0,32.0,32,0,0,ozon.ru,tailored,32.0,32.0,0,0,0
dind-ozon.ru-17ea1a246cc5c852,24,0,0,ozon.ru,tailored,24.0,24.0,24,0,0,ozon.ru,tailored,24.0,24.0,0,0,0
dind-ozon.ru-1ed0c2b94bc03684,16,0,0,ozon.ru,tailored,16.0,16.0,16,0,0,ozon.ru,tailored,16.0,16.0,0,0,0
dind-ozon.ru-2aee48801f977b0f,24,0,0,ozon.ru,tailored,24.0,24.0,24,0,0,ozon.ru,tailored,24.0,24.0,0,0,0
dind-ozon.ru-309ec1587fa9ccca,24,0,0,ozon.ru,tailored,24.0,24.0,24,0,0,ozon.ru,tailored,24.0,24.0,0,0,0
dind-ozon.ru-40d639e4db2530b7,24,0,0,ozon.ru,tailored,24.0,24.0,24,0,0,ozon.ru,tailored,24.0,24.0,0,0,0
dind-ozon.ru-4db869312af5e423,24,0,0,ozon.ru,tailored,24.0,24.0,24,0,0,ozon.ru,tailored,24.0,24.0,0,0,0
dind-ozon.ru-6574195d5864256d,24,0,0,ozon.ru,tailored,24.0,24.0,24,0,0,ozon.ru,tailored,24.0,24.0,0,0,0
dind-ozon.ru-664876f2c1bfe726,20,0,0,ozon.ru,tailored,20.0,20.0,20,0,0,ozon.ru,tailored,20.0,20.0,0,0,0
dind-ozon.ru-7b0cb8482987d4b1,24,0,0,ozon.ru,tailored,24.0,24.0,24,0,0,ozon.ru,tailored,24.0,24.0,0,0,0
dind-ozon.ru-7c09464ecd40c35c,24,0,0,ozon.ru,tailored,24.0,24.0,24,0,0,ozon.ru,tailored,24.0,24.0,0,0,0
dind-ozon.ru-7fc3cd29b958b570,24,0,0,ozon.ru,tailored,24.0,24.0,24,0,0,ozon.ru,tailored,24.0,24.0,0,0,0
dind-ozon.ru-801ca96b303e9c70,30,0,0,ozon.ru,tailored,30.0,30.0,30,0,0,ozon.ru,tailored,30.0,30.0,0,0,0
dind-ozon.ru-89cacbfd8e2ec95b,24,0,0,ozon.ru,tailored,24.0,24.0,24,0,0,ozon.ru,tailored,24.0,24.0,0,0,0
dind-ozon.ru-8cf713849b5ae916,24,0,0,ozon.ru,tailored,24.0,24.0,24,0,0,ozon.ru,tailored,24.0,24.0,0,0,0
dind-ozon.ru-981504bdf6f0c850,24,0,0,ozon.ru,tailored,24.0,24.0,24,0,0,ozon.ru,tailored,24.0,24.0,0,0,0
dind-ozon.ru-9912b1cd9743ff61,24,0,0,ozon.ru,tailored,24.0,24.0,24,0,0,ozon.ru,tailored,24.0,24.0,0,0,0
dind-ozon.ru-9eaf36f7f4aa57b5,24,0,0,ozon.ru,tailored,24.0,24.0,24,0,0,ozon.ru,tailored,24.0,24.0,0,0,0
dind-ozon.ru-adcd554f73025799,24,0,0,ozon.ru,tailored,24.0,24.0,24,0,0,ozon.ru,tailored,24.0,24.0,0,0,0
dind-ozon.ru-af96b2643001265b,24,0,0,ozon.ru,tailored,24.0,24.0,24,0,0,ozon.ru,tailored,24.0,24.0,0,0,0
dind-ozon.ru-b36c824831b3255e,24,0,0,ozon.ru,tailored,24.0,24.0,24,0,0,ozon.ru,tailored,24.0,24.0,0,0,0
dind-ozon.ru-bc3414059b042541,24,0,0,ozon.ru,tailored,24.0,24.0,24,0,0,ozon.ru,tailored,24.0,24.0,0,0,0
dind-ozon.ru-bef199bc4e3cafc8,24,0,0,ozon.ru,tailored,24.0,24.0,24,0,0,ozon.ru,tailored,24.0,24.0,0,0,0
dind-ozon.ru-c0e19b1385e2c08d,24,0,0,ozon.ru,tailored,24.0,24.0,24,0,0,ozon.ru,tailored,24.0,24.0,0,0,0
dind-ozon.ru-c1c4d36f73fb1884,24,0,0,ozon.ru,tailored,24.0,24.0,24,0,0,ozon.ru,tailored,24.0,24.0,0,0,0
dind-ozon.ru-d2cfdfef86ed8cff,24,0,0,ozon.ru,tailored,24.0,24.0,24,0,0,ozon.ru,tailored,24.0,24.0,0,0,0
dind-ozon.ru-f0ada4e5d68779a7,24,0,0,ozon.ru,tailored,24.0,24.0,24,0,0,ozon.ru,tailored,24.0,24.0,0,0,0
dind-ozon.ru-f0c4de7b7d4ddccc,24,0,0,ozon.ru,tailored,24.0,24.0,24,0,0,ozon.ru,tailored,24.0,24.0,0,0,0
dind-ozon.ru-ff68223ce1cea753,40,0,0,ozon.ru,tailored,40.0,40.0,40,0,0,ozon.ru,tailored,40.0,40.0,0,0,0
dind-ozon.ru-ff95e1b297ba3635,24,0,0,ozon.ru,tailored,24.0,24.0,24,0,0,ozon.ru,tailored,24.0,24.0,0,0,0
dind-petrovich.ru-b70961cbdb8bd1e9,20,0,0,petrovich.ru,tailored,20.0,20.0,20,0,0,petrovich.ru,tailored,20.0,20.0,0,0,0
dind-petrovich.ru-f5694ceb95402903,20,0,0,petrovich.ru,tailored,20.0,20.0,20,0,0,petrovich.ru,tailored,20.0,20.0,0,0,0
dind-rs24.ru-04d8d106bd9c940f,25,0,0,rs24.ru,tailored,26.0,25.0,25,0,0,rs24.ru,tailored,26.0,25.0,0,0,0
dind-rs24.ru-1dae74c7261482fe,25,0,0,rs24.ru,tailored,26.0,25.0,25,0,0,rs24.ru,tailored,26.0,25.0,0,0,0
dind-rs24.ru-5f1e642e572bd9cd,25,0,0,rs24.ru,tailored,26.0,25.0,25,0,0,rs24.ru,tailored,26.0,25.0,0,0,0
dind-rs24.ru-675bf99e5b73b9d3,1,0,0,rs24.ru,tailored,2.0,1.0,1,0,0,rs24.ru,tailored,2.0,1.0,0,0,0
dind-rs24.ru-7f6c61bab65e335f,1,0,0,rs24.ru,tailored,1.0,1.0,1,0,0,rs24.ru,tailored,1.0,1.0,0,0,0
dind-rs24.ru-9efe2cd0d7d6ad25,25,0,0,rs24.ru,tailored,26.0,25.0,25,0,0,rs24.ru,tailored,26.0,25.0,0,0,0
dind-rs24.ru-a5509d4fda3f76ea,22,0,0,rs24.ru,tailored,23.0,22.0,22,0,0,rs24.ru,tailored,23.0,22.0,0,0,0
dind-rs24.ru-c08b8e40b58e9b34,1,0,0,rs24.ru,tailored,2.0,1.0,1,0,0,rs24.ru,tailored,2.0,1.0,0,0,0
dind-rs24.ru-e37f5e34d947d094,25,0,0,rs24.ru,tailored,26.0,25.0,25,0,0,rs24.ru,tailored,26.0,25.0,0,0,0
dind-rs24.ru-eef846de51e83979,1,0,0,rs24.ru,tailored,2.0,1.0,1,0,0,rs24.ru,tailored,2.0,1.0,0,0,0
dind-rs24.ru-f0ddc824358ea6a4,1,0,0,rs24.ru,tailored,2.0,1.0,1,0,0,rs24.ru,tailored,2.0,1.0,0,0,0
dind-spb.kuvalda.ru-766cff99f79845f2,0,0,0,spb.kuvalda.ru,untailored,0.0,0.0,0,0,0,spb.kuvalda.ru,untailored,0.0,0.0,0,0,0
dind-spb.tara.ru-6339f71a84c7fe3f,19,0,1,spb.tara.ru,tailored,19.0,20.0,19,0,1,spb.tara.ru,tailored,19.0,20.0,0,0,0
dind-spb.tara.ru-a5b72707164fdaac,0,0,0,spb.tara.ru,tailored,0.0,0.0,0,0,0,spb.tara.ru,tailored,0.0,0.0,0,0,0
dind-spb.tara.ru-b247ce637fbd5bab,0,0,0,spb.tara.ru,tailored,0.0,0.0,0,0,0,spb.tara.ru,tailored,0.0,0.0,0,0,0
dind-spb.tara.ru-c058547a7f8a948e,0,0,0,spb.tara.ru,tailored,0.0,0.0,0,0,0,spb.tara.ru,tailored,0.0,0.0,0,0,0
dind-spb.tara.ru-e38223cfffcc86d0,19,0,1,spb.tara.ru,tailored,19.0,20.0,19,0,1,spb.tara.ru,tailored,19.0,20.0,0,0,0
dind-spb.tara.ru-eb7917756d3e38ce,19,0,1,spb.tara.ru,tailored,19.0,20.0,19,0,1,spb.tara.ru,tailored,19.0,20.0,0,0,0
dind-tara.ru-29a986a694d3d56c,19,0,1,tara.ru,tailored,19.0,20.0,19,2,1,tara.ru,tailored,19.0,20.0,0,2,0
dind-tara.ru-5dd436ea3dedcde3,0,0,0,tara.ru,tailored,0.0,0.0,0,0,0,tara.ru,tailored,0.0,0.0,0,0,0
dind-tara.ru-79d24cb7a3d97e32,19,0,1,tara.ru,tailored,19.0,20.0,19,0,1,tara.ru,tailored,19.0,20.0,0,0,0
dind-tara.ru-996aa6565fe64523,0,0,0,tara.ru,tailored,0.0,0.0,0,0,0,tara.ru,tailored,0.0,0.0,0,0,0
dind-vseinstrumenti.ru-f1a5402edd7ade81,40,0,0,vseinstrumenti.ru,tailored,40.0,40.0,40,0,0,vseinstrumenti.ru,tailored,40.0,40.0,0,0,0
dind-wildberries.ru-70b945be0d4bf26a,0,0,0,wildberries.ru,untailored,0.0,0.0,0,0,0,wildberries.ru,untailored,0.0,0.0,0,0,0
dind-wildberries.ru-ef3f50265721d3c2,0,1,39,wildberries.ru,untailored,1.0,39.0,8,1,31,wildberries.ru,untailored,1.0,39.0,8,0,8
dind-ximtek.ru-940ff623d7a49c34,0,0,0,ximtek.ru,tailored,0.0,0.0,0,0,0,ximtek.ru,tailored,0.0,0.0,0,0,0
dind-ximtek.ru-98dac1b01cd67510,12,1,0,ximtek.ru,tailored,13.0,12.0,12,1,0,ximtek.ru,tailored,13.0,12.0,0,0,0
dind-ximtek.ru-a6bdec3f9b446bd1,12,1,0,ximtek.ru,tailored,13.0,12.0,12,1,0,ximtek.ru,tailored,13.0,12.0,0,0,0
dind-ximtek.ru-abe2b1a972996824,0,0,0,ximtek.ru,tailored,0.0,0.0,0,0,0,ximtek.ru,tailored,0.0,0.0,0,0,0
dind-ximtek.ru-c35012c3b47572b1,12,1,0,ximtek.ru,tailored,13.0,12.0,12,1,0,ximtek.ru,tailored,13.0,12.0,0,0,0
dind-ximtek.ru-f97bddb789d6b997,12,1,0,ximtek.ru,tailored,13.0,12.0,12,1,0,ximtek.ru,tailored,13.0,12.0,0,0,0
dind-xn----7sbbnaebi2cxajxwo0b.xn--p1ai-20db32191ce1e849,106,0,0,xn----7sbbnaebi2cxajxwo0b.xn--p1ai,tailored,106.0,106.0,106,0,0,xn----7sbbnaebi2cxajxwo0b.xn--p1ai,tailored,106.0,106.0,0,0,0
dind-xn----7sbbnaebi2cxajxwo0b.xn--p1ai-a714f745fc2dada6,106,0,0,xn----7sbbnaebi2cxajxwo0b.xn--p1ai,tailored,106.0,106.0,106,0,0,xn----7sbbnaebi2cxajxwo0b.xn--p1ai,tailored,106.0,106.0,0,0,0
dind-xn----7sbbnaebi2cxajxwo0b.xn--p1ai-fa2a381a67d4ba03,102,0,0,xn----7sbbnaebi2cxajxwo0b.xn--p1ai,tailored,102.0,102.0,102,0,0,xn----7sbbnaebi2cxajxwo0b.xn--p1ai,tailored,102.0,102.0,0,0,0
