variant,size_bin_label,entity_TP,entity_FP,entity_FN,entity_P,entity_R,entity_F1
hybrid_original,263k–409k,1085,6,0,0.9945004582951421,1.0,0.9972426470588235
hybrid_original,34k–263k,679,216,253,0.758659217877095,0.7285407725321889,0.7432950191570882
hybrid_original,409k–683k,1442,50,109,0.9664879356568364,0.9297227595099935,0.9477489319750246
hybrid_original,683k–832k,1177,2,51,0.998303647158609,0.9584690553745928,0.9779808890735355
hybrid_original,832k–3.5M,1468,1,53,0.9993192648059904,0.965154503616042,0.9819397993311035
llm_full_html,263k–409k,1085,0,0,1.0,1.0,1.0
llm_full_html,34k–263k,928,0,4,1.0,0.9957081545064378,0.9978494623655914
llm_full_html,409k–683k,1345,33,206,0.9760522496371553,0.8671824629271437,0.9184021850460908
llm_full_html,683k–832k,1180,40,48,0.9672131147540983,0.9609120521172638,0.9640522875816994
llm_full_html,832k–3.5M,1432,0,89,1.0,0.9414858645627876,0.96986115814426
original_fast,263k–409k,1085,6,0,0.9945004582951421,1.0,0.9972426470588235
original_fast,34k–263k,657,216,275,0.7525773195876289,0.7049356223175965,0.7279778393351801
original_fast,409k–683k,1421,50,130,0.9660095173351462,0.9161831076724694,0.9404367968232958
original_fast,683k–832k,1176,0,52,1.0,0.9576547231270358,0.978369384359401
original_fast,832k–3.5M,1460,1,61,0.999315537303217,0.9598948060486522,0.9792085848423876
