dataset,variant,metric,n,min_ms,mean_ms,median_ms,p95_ms,max_ms,std_ms
industrial,llm_full_html,extract_ms,99,9875.53249998018,53747.3362191913,54675.4612000077,106435.70296999525,152456.044999999,26706.706151568498
industrial,original_fast,extract_ms,239,13.48729999992065,4516.975480334728,1652.266499999911,18813.011429999955,31648.37390000012,6500.500800507592
robustness,original_fast,extract_ms,200,2.510199999999713,26.232446500000005,26.32224999999994,50.76310500000008,85.40480000000025,13.567698522112082
synthetic,original_fast,extract_ms,20,4.813900000000103,87.17542499999996,76.03395,183.47017000000002,224.2796999999996,57.96629318922169
industrial,original_fast,shared_extraction_ms,239,13.48729999992065,4516.975480334728,1652.266499999911,18813.011429999955,31648.37390000012,6500.500800507592
robustness,original_fast,shared_extraction_ms,200,2.510199999999713,26.232446500000005,26.32224999999994,50.76310500000008,85.40480000000025,13.567698522112082
synthetic,original_fast,shared_extraction_ms,20,4.813900000000103,87.17542499999996,76.03395,183.47017000000002,224.2796999999996,57.96629318922169
industrial,original_fast,html_read_ms,239,0.8051999999988766,8.98011715481374,12.20630000000528,15.613920000044164,45.16940000001341,9.003490114430008
robustness,original_fast,html_read_ms,200,0.1851000000001477,0.3059085000000175,0.2880499999998847,0.42811999999989037,0.7746999999999389,0.08027988526172368
synthetic,original_fast,html_read_ms,20,0.2768999999998414,0.9566250000000253,0.480199999999968,3.648029999999938,4.235699999999952,1.1350507124654734
industrial,original_fast,query_filter_ms,239,0.0040000000735744,2.3032171548110982,2.207999999998719,4.511180000001332,21.50929999999971,1.929566226146778
robustness,original_fast,query_filter_ms,200,0.0030999999999039,0.006456500000010788,0.0043000000000574,0.01740999999995547,0.0460999999999955,0.005500265662828814
synthetic,original_fast,query_filter_ms,20,0.0057000000001607,0.05112499999999609,0.03399999999999175,0.11155000000004517,0.1523999999999432,0.03962617257103822
