source,development_group,hybrid_original,llm_full_html,original_fast,delta_hybrid_original_vs_deterministic,delta_llm_full_html_vs_deterministic
bigam.ru,tailored,0.9728506787330317,0.7887323943661972,0.9728506787330317,0.0,-0.18411828436683442
chipdip.ru,tailored,1.0,1.0,1.0,0.0,0.0
citilink.ru,tailored,1.0,0.9977728285077951,1.0,0.0,-0.00222717149220486
cnc.su,tailored,0.8333333333333333,1.0,0.8333333333333333,0.0,0.16666666666666674
dns-shop.ru,tailored,0.9646596858638743,1.0,0.9646596858638743,0.0,0.035340314136125706
etm.ru,tailored,1.0,0.5454545454545454,1.0,0.0,-0.4545454545454546
komus.ru,tailored,0.9474562135112594,1.0,0.9465776293823038,0.000878584128955584,0.05342237061769617
labirint.ru,untailored,0.884526558891455,1.0,0.8568047337278107,0.027721825163644298,0.14319526627218926
lemanapro.ru,tailored,1.0,1.0,1.0,0.0,0.0
market.yandex.ru,tailored,1.0,0.0,1.0,0.0,-1.0
mvideo.ru,tailored,0.9992337164750957,0.9992337164750957,0.9992337164750957,0.0,0.0
oaopolimer.ru,tailored,0.9444444444444444,1.0,0.9444444444444444,0.0,0.05555555555555558
officemag.ru,tailored,0.9189189189189189,0.888888888888889,0.888888888888889,0.03003003003002991,0.0
ozon.ru,tailored,1.0,0.9994327850255247,1.0,0.0,-0.0005672149744753163
petrovich.ru,tailored,1.0,0.0,1.0,0.0,-1.0
rs24.ru,tailored,1.0,1.0,1.0,0.0,0.0
spb.tara.ru,tailored,0.9743589743589743,1.0,0.9743589743589743,0.0,0.02564102564102566
tara.ru,tailored,0.9500000000000001,0.0,0.9743589743589743,-0.024358974358974272,-0.9743589743589743
vseinstrumenti.ru,tailored,1.0,0.0,1.0,0.0,-1.0
wildberries.ru,untailored,0.3333333333333333,1.0,0.0,0.3333333333333333,1.0
ximtek.ru,tailored,0.9600000000000001,1.0,0.9600000000000001,0.0,0.039999999999999925
xn----7sbbnaebi2cxajxwo0b.xn--p1ai,tailored,1.0,1.0,1.0,0.0,0.0
спецодежда-тула.рф,tailored,0.07407407407407408,0.9902912621359222,0.0,0.07407407407407408,0.9902912621359222
