dataset,variant,page_id,api_latency_ms,http_attempts,api_attempt_min_ms,api_attempt_max_ms
industrial,llm_full_html,dind-.-1c84d53a2c5b20ea,105527.43889999692,1,105527.43889999692,105527.43889999692
industrial,llm_full_html,dind-.-e142c05b90bdf168,134917.51460000523,1,134917.51460000523,134917.51460000523
industrial,llm_full_html,dind-bigam.ru-053b5e451a07d93b,65369.10339999304,4,1018.0842999980086,51925.177500001155
industrial,llm_full_html,dind-bigam.ru-06af9e1233a99d5f,57716.36289998423,4,1039.0825000067707,47328.37249999284
industrial,llm_full_html,dind-bigam.ru-0b40accb7c68a78f,54482.82899998594,4,1017.4516000115545,45375.55189998238
industrial,llm_full_html,dind-bigam.ru-28741ad7ac8f3e85,57973.84830001101,4,1025.175599992508,43755.03070000559
industrial,llm_full_html,dind-bigam.ru-4c31321224ca0dfb,71529.9495000072,1,71529.9495000072,71529.9495000072
industrial,llm_full_html,dind-bigam.ru-924b98be2f260451,49745.219799966435,4,1019.0977000020212,46640.93929997762
industrial,llm_full_html,dind-bigam.ru-989575fef6752559,77161.17029997986,4,1018.3029999898281,74061.05279998155
industrial,llm_full_html,dind-bigam.ru-9d6f5f15a221a4b8,68530.95909999683,4,1016.8285000108881,43255.72570000077
industrial,llm_full_html,dind-bigam.ru-a17e0c3e4a6faaf2,51570.639700003085,4,1029.1472999961115,48447.01790000545
industrial,llm_full_html,dind-bigam.ru-c6cf7468e0715e1f,72161.23999998672,4,1041.4612999884412,65246.41100000008
industrial,llm_full_html,dind-bigam.ru-d64d3122a4ac0d62,47330.23050001066,4,1044.4515999988653,44154.372000019066
industrial,llm_full_html,dind-bigam.ru-f2294a326cfcba05,101974.16609997163,4,1029.1675999906147,55016.06549999269
industrial,llm_full_html,dind-bigam.ru-f9a11490fa2ea0fe,88663.10899997188,4,1027.873200000613,74480.3023999848
industrial,llm_full_html,dind-chipdip.ru-0c732437ad22572f,36889.87240000279,1,36889.87240000279,36889.87240000279
industrial,llm_full_html,dind-chipdip.ru-4f407af0c36f72b6,73716.22150001349,4,1040.227200006484,59514.76459999685
industrial,llm_full_html,dind-chipdip.ru-8ffd0822c0dc4d40,41810.31919999805,3,1018.2881999935489,39754.03440000082
industrial,llm_full_html,dind-chipdip.ru-976706e79c2f2987,33344.16759999294,1,33344.16759999294,33344.16759999294
industrial,llm_full_html,dind-chipdip.ru-abf1baaa6803c0b8,43302.93439999514,4,1018.9781999943079,29125.022599997465
industrial,llm_full_html,dind-chipdip.ru-ac550c02e68937ba,30247.789399989415,4,1018.7274999916553,27171.621199988294
industrial,llm_full_html,dind-chipdip.ru-c2479b21b1035e7c,35698.250499990536,1,35698.250499990536,35698.250499990536
industrial,llm_full_html,dind-citilink.ru-10ed9d833757ff85,142063.02380000125,1,142063.02380000125,142063.02380000125
industrial,llm_full_html,dind-citilink.ru-27ce607b67285dce,131224.36419999576,1,131224.36419999576,131224.36419999576
industrial,llm_full_html,dind-citilink.ru-30da59eb4be8c8d4,113264.00229999854,1,113264.00229999854,113264.00229999854
industrial,llm_full_html,dind-citilink.ru-4ea974c7ea924633,132466.62960000685,1,132466.62960000685,132466.62960000685
industrial,llm_full_html,dind-citilink.ru-6930b865e4517478,142581.8416999973,1,142581.8416999973,142581.8416999973
industrial,llm_full_html,dind-citilink.ru-8f6401111a1db657,141105.106300005,1,141105.106300005,141105.106300005
industrial,llm_full_html,dind-citilink.ru-abcfe4fb034ca5a2,120552.7626999974,1,120552.7626999974,120552.7626999974
industrial,llm_full_html,dind-citilink.ru-c27eb4fecdbb44bb,49485.77519999526,1,49485.77519999526,49485.77519999526
industrial,llm_full_html,dind-citilink.ru-c3b1bb2ebd5d428a,132609.0843000129,1,132609.0843000129,132609.0843000129
industrial,llm_full_html,dind-citilink.ru-c9c5ca4bf5e41894,130605.46779999277,1,130605.46779999277,130605.46779999277
industrial,llm_full_html,dind-citilink.ru-cda6466bd3c48b51,144481.23610000766,1,144481.23610000766,144481.23610000766
industrial,llm_full_html,dind-citilink.ru-e2440ead0d4289d7,76126.85719999718,1,76126.85719999718,76126.85719999718
industrial,llm_full_html,dind-citilink.ru-fb08ef466206eb66,133360.87049999333,1,133360.87049999333,133360.87049999333
industrial,llm_full_html,dind-citilink.ru-fc3d83fa07e578d5,143254.18299999728,1,143254.18299999728,143254.18299999728
industrial,llm_full_html,dind-cnc.su-3651d593e610dc79,67186.10590000753,1,67186.10590000753,67186.10590000753
industrial,llm_full_html,dind-cnc.su-60ca64ff8b5db935,25033.124699999462,1,25033.124699999462,25033.124699999462
industrial,llm_full_html,dind-cnc.su-aea17eda0f793a5b,66085.77289999812,1,66085.77289999812,66085.77289999812
industrial,llm_full_html,dind-cnc.su-cbe39bad76c5ee58,56171.005800002604,1,56171.005800002604,56171.005800002604
industrial,llm_full_html,dind-dns-shop.ru-1daabf0100ef084e,69337.7332999953,1,69337.7332999953,69337.7332999953
industrial,llm_full_html,dind-dns-shop.ru-2198c54dfd3d2076,54119.016500000726,1,54119.016500000726,54119.016500000726
industrial,llm_full_html,dind-dns-shop.ru-2824d29f205128a1,59873.349699992104,1,59873.349699992104,59873.349699992104
industrial,llm_full_html,dind-dns-shop.ru-28746746c13ce562,19003.64539999282,1,19003.64539999282,19003.64539999282
industrial,llm_full_html,dind-dns-shop.ru-2c7a29d35d5d4eaf,46067.85099999979,1,46067.85099999979,46067.85099999979
industrial,llm_full_html,dind-dns-shop.ru-32b1fcaa3a2d2e3c,57136.69899999513,1,57136.69899999513,57136.69899999513
industrial,llm_full_html,dind-dns-shop.ru-33bd96f05cc76522,61779.29180000501,1,61779.29180000501,61779.29180000501
industrial,llm_full_html,dind-dns-shop.ru-37f14821f393b029,52698.11349999509,1,52698.11349999509,52698.11349999509
industrial,llm_full_html,dind-dns-shop.ru-3f4da6582900a525,53601.7334000062,1,53601.7334000062,53601.7334000062
industrial,llm_full_html,dind-dns-shop.ru-3febee92cb878873,63019.865199996275,1,63019.865199996275,63019.865199996275
industrial,llm_full_html,dind-dns-shop.ru-434df911d8c9446c,56710.595399999875,1,56710.595399999875,56710.595399999875
industrial,llm_full_html,dind-dns-shop.ru-46ebef5666c10c8e,53005.14129998919,1,53005.14129998919,53005.14129998919
industrial,llm_full_html,dind-dns-shop.ru-4a4e14f05378d4a5,27400.125600004685,1,27400.125600004685,27400.125600004685
industrial,llm_full_html,dind-dns-shop.ru-4d693e109b55f82a,69885.99079998676,1,69885.99079998676,69885.99079998676
industrial,llm_full_html,dind-dns-shop.ru-500c72a9307f6bee,74441.6773999983,1,74441.6773999983,74441.6773999983
industrial,llm_full_html,dind-dns-shop.ru-536061e6205968d4,59297.22120000224,1,59297.22120000224,59297.22120000224
industrial,llm_full_html,dind-dns-shop.ru-543d15ba7884e65d,54688.003799994476,1,54688.003799994476,54688.003799994476
industrial,llm_full_html,dind-dns-shop.ru-5564a34319f17254,62573.648300007335,1,62573.648300007335,62573.648300007335
industrial,llm_full_html,dind-dns-shop.ru-564876217320f967,23719.568800006527,1,23719.568800006527,23719.568800006527
industrial,llm_full_html,dind-dns-shop.ru-74d2e0772b88cccb,55038.93150000658,1,55038.93150000658,55038.93150000658
industrial,llm_full_html,dind-dns-shop.ru-771d6387f7b3c12b,49012.086099988665,1,49012.086099988665,49012.086099988665
industrial,llm_full_html,dind-dns-shop.ru-7933239bf3e50771,71744.7325999965,1,71744.7325999965,71744.7325999965
industrial,llm_full_html,dind-dns-shop.ru-7a35f41002832ba2,53899.424800009,1,53899.424800009,53899.424800009
industrial,llm_full_html,dind-dns-shop.ru-811008815de52c86,53819.63639998867,1,53819.63639998867,53819.63639998867
industrial,llm_full_html,dind-dns-shop.ru-8115aee7bc53974a,63871.739700000035,1,63871.739700000035,63871.739700000035
industrial,llm_full_html,dind-dns-shop.ru-85bc079e6fdf3596,67844.84499999962,1,67844.84499999962,67844.84499999962
industrial,llm_full_html,dind-dns-shop.ru-8b9ca76d14a1d9e1,54439.383799995994,1,54439.383799995994,54439.383799995994
industrial,llm_full_html,dind-dns-shop.ru-90440791218a97f4,23086.581199997454,1,23086.581199997454,23086.581199997454
industrial,llm_full_html,dind-dns-shop.ru-92ce0999672a52ef,22071.491399998195,1,22071.491399998195,22071.491399998195
industrial,llm_full_html,dind-dns-shop.ru-996bc94411949f8b,59390.13869999326,1,59390.13869999326,59390.13869999326
industrial,llm_full_html,dind-dns-shop.ru-9dd9c1645a03e017,62438.134100011666,1,62438.134100011666,62438.134100011666
industrial,llm_full_html,dind-dns-shop.ru-a3790a136022ceb0,16022.88239999325,1,16022.88239999325,16022.88239999325
industrial,llm_full_html,dind-dns-shop.ru-aa82f882645785f9,54971.151199992164,1,54971.151199992164,54971.151199992164
industrial,llm_full_html,dind-dns-shop.ru-af963fbfbb118c6f,23518.471400006092,1,23518.471400006092,23518.471400006092
industrial,llm_full_html,dind-dns-shop.ru-b189120c5c34179d,60258.56560000102,1,60258.56560000102,60258.56560000102
industrial,llm_full_html,dind-dns-shop.ru-b4e6fddfb8cc1f85,56075.12530000531,1,56075.12530000531,56075.12530000531
industrial,llm_full_html,dind-dns-shop.ru-b6cad428c103f85e,22974.372600001516,1,22974.372600001516,22974.372600001516
industrial,llm_full_html,dind-dns-shop.ru-b7113a7a9f8e538f,59902.54629999981,1,59902.54629999981,59902.54629999981
industrial,llm_full_html,dind-dns-shop.ru-c540244729f3afe8,70064.34740000986,1,70064.34740000986,70064.34740000986
industrial,llm_full_html,dind-dns-shop.ru-c972a387a5634908,50814.3851999921,1,50814.3851999921,50814.3851999921
industrial,llm_full_html,dind-dns-shop.ru-e46adc0c328cc286,69618.88660000113,1,69618.88660000113,69618.88660000113
industrial,llm_full_html,dind-dns-shop.ru-e8d091ebce0ef80f,53075.83370000066,1,53075.83370000066,53075.83370000066
industrial,llm_full_html,dind-dns-shop.ru-ea90543385536fce,57352.56159999699,1,57352.56159999699,57352.56159999699
industrial,llm_full_html,dind-dns-shop.ru-ecbe705fe138bbfc,49820.46390000323,1,49820.46390000323,49820.46390000323
industrial,llm_full_html,dind-dns-shop.ru-f2b4db0b14d601f5,56793.86929998873,1,56793.86929998873,56793.86929998873
industrial,llm_full_html,dind-dns-shop.ru-f81b39d0b9945b9b,56328.808000005665,1,56328.808000005665,56328.808000005665
industrial,llm_full_html,dind-dns-shop.ru-f878c1c96441254e,52586.229199994705,1,52586.229199994705,52586.229199994705
industrial,llm_full_html,dind-dns-shop.ru-f8afdc6ad037e786,54861.157399995136,1,54861.157399995136,54861.157399995136
industrial,llm_full_html,dind-dns-shop.ru-fb02082707bf4363,60807.19789999421,1,60807.19789999421,60807.19789999421
industrial,llm_full_html,dind-dns-shop.ru-fdefdf05ba85008a,62315.25739999779,1,62315.25739999779,62315.25739999779
industrial,llm_full_html,dind-etm.ru-5ec13e2b305fa590,80331.70789999713,1,80331.70789999713,80331.70789999713
industrial,llm_full_html,dind-etm.ru-ce65bfbecd538b17,74494.40190001042,1,74494.40190001042,74494.40190001042
industrial,llm_full_html,dind-komus.ru-023e5ca676225909,105002.34809999529,1,105002.34809999529,105002.34809999529
industrial,llm_full_html,dind-komus.ru-11490b3dd28bfa7d,94949.0877000062,1,94949.0877000062,94949.0877000062
industrial,llm_full_html,dind-komus.ru-2cf9855072dedf49,106414.42559999996,1,106414.42559999996,106414.42559999996
industrial,llm_full_html,dind-komus.ru-31fd7c045fb2ea41,118909.27060000831,1,118909.27060000831,118909.27060000831
industrial,llm_full_html,dind-komus.ru-329f550a6d3b95ff,100986.1940999981,1,100986.1940999981,100986.1940999981
industrial,llm_full_html,dind-komus.ru-41d20e640e2f54ca,104747.58860000293,1,104747.58860000293,104747.58860000293
industrial,llm_full_html,dind-komus.ru-45e1fc98edfd6da1,119133.13879999623,1,119133.13879999623,119133.13879999623
industrial,llm_full_html,dind-komus.ru-4ec3512b66f59759,15946.193700001459,1,15946.193700001459,15946.193700001459
industrial,llm_full_html,dind-komus.ru-58c1a96dda4c3778,94559.93920000037,1,94559.93920000037,94559.93920000037
industrial,llm_full_html,dind-komus.ru-607c4231e49e9843,109852.14279999491,1,109852.14279999491,109852.14279999491
industrial,llm_full_html,dind-komus.ru-6ab2c63743e80fe2,122631.49080000585,1,122631.49080000585,122631.49080000585
industrial,llm_full_html,dind-komus.ru-6f7eb9ea777697b3,107725.21190000407,1,107725.21190000407,107725.21190000407
industrial,llm_full_html,dind-komus.ru-6f947666964b40f8,114407.56619999593,1,114407.56619999593,114407.56619999593
industrial,llm_full_html,dind-komus.ru-7a31877560a20352,108888.31579999533,1,108888.31579999533,108888.31579999533
industrial,llm_full_html,dind-komus.ru-84cbf3c2771d2ecd,125365.35799999547,1,125365.35799999547,125365.35799999547
industrial,llm_full_html,dind-komus.ru-b05effd6532b7f9b,123632.83770000271,1,123632.83770000271,123632.83770000271
industrial,llm_full_html,dind-komus.ru-c0e90dc894a3f454,22695.036500008428,1,22695.036500008428,22695.036500008428
industrial,llm_full_html,dind-komus.ru-c4ec811f50b580fc,111924.28789999394,1,111924.28789999394,111924.28789999394
industrial,llm_full_html,dind-komus.ru-cee4656ff9fe75f8,114873.22989999666,1,114873.22989999666,114873.22989999666
industrial,llm_full_html,dind-komus.ru-d039da717f66c987,101711.25219999522,1,101711.25219999522,101711.25219999522
industrial,llm_full_html,dind-komus.ru-d35e011b185be0a6,14290.250200006994,1,14290.250200006994,14290.250200006994
industrial,llm_full_html,dind-komus.ru-e25d8f2aebb53e9c,36102.04779999913,1,36102.04779999913,36102.04779999913
industrial,llm_full_html,dind-komus.ru-e44491f1d0a00d59,130395.26160000241,1,130395.26160000241,130395.26160000241
industrial,llm_full_html,dind-komus.ru-f83a8cdb85dbe548,116954.14580000215,1,116954.14580000215,116954.14580000215
industrial,llm_full_html,dind-komus.ru-fd526265f9a93c7c,114507.43090000469,1,114507.43090000469,114507.43090000469
industrial,llm_full_html,dind-labirint.ru-017ca7137cd84dc1,90839.39439999813,1,90839.39439999813,90839.39439999813
industrial,llm_full_html,dind-labirint.ru-04ccf5be83eaa6ce,81547.53779999737,1,81547.53779999737,81547.53779999737
industrial,llm_full_html,dind-labirint.ru-186be25179ff4d2f,79080.14069999626,1,79080.14069999626,79080.14069999626
industrial,llm_full_html,dind-labirint.ru-21ac626ea371bd49,94529.98210000806,1,94529.98210000806,94529.98210000806
industrial,llm_full_html,dind-labirint.ru-4eb2fb8b1b347b32,91170.36350000126,1,91170.36350000126,91170.36350000126
industrial,llm_full_html,dind-labirint.ru-a54655182aa1fecc,79605.79960000177,1,79605.79960000177,79605.79960000177
industrial,llm_full_html,dind-labirint.ru-b5d7e810e7ca116a,71269.83309999923,1,71269.83309999923,71269.83309999923
industrial,llm_full_html,dind-labirint.ru-d92a0991b3f5fccd,64652.1259000001,1,64652.1259000001,64652.1259000001
industrial,llm_full_html,dind-lemanapro.ru-09c3ea7e145206b2,203661.03129999829,1,203661.03129999829,203661.03129999829
industrial,llm_full_html,dind-lemanapro.ru-486c6fb5ef917f2b,213517.73310000135,1,213517.73310000135,213517.73310000135
industrial,llm_full_html,dind-lemanapro.ru-4acdbb9eae290779,205389.09070000227,1,205389.09070000227,205389.09070000227
industrial,llm_full_html,dind-lemanapro.ru-b9b4d6ef071bd3cd,179814.12280000222,1,179814.12280000222,179814.12280000222
industrial,llm_full_html,dind-lemanapro.ru-cf598f1239ed8afe,204632.8932000033,1,204632.8932000033,204632.8932000033
industrial,llm_full_html,dind-lemanapro.ru-df1069562cd0eec0,24387.81499999459,1,24387.81499999459,24387.81499999459
industrial,llm_full_html,dind-lemanapro.ru-ecf8fe1428f45043,195199.00930000586,1,195199.00930000586,195199.00930000586
industrial,llm_full_html,dind-lemanapro.ru-f0cfe5397616c775,168759.8139000038,1,168759.8139000038,168759.8139000038
industrial,llm_full_html,dind-lemanapro.ru-f525d96c96aaf6dc,185250.21739999647,1,185250.21739999647,185250.21739999647
industrial,llm_full_html,dind-lemanapro.ru-fab71c309af5505b,23620.856800000183,1,23620.856800000183,23620.856800000183
industrial,llm_full_html,dind-lemanapro.ru-fc39977cfc7e6c73,209258.0481000041,1,209258.0481000041,209258.0481000041
industrial,llm_full_html,dind-market.yandex.ru-1b519c43e22aa033,122603.97609999927,2,17284.803799993824,105319.17230000545
industrial,llm_full_html,dind-market.yandex.ru-4a073eb1b3d67309,63730.1068000088,2,10804.473800002597,52925.6330000062
industrial,llm_full_html,dind-mvideo.ru-151bf8cc328c4ddc,88660.43329999957,1,88660.43329999957,88660.43329999957
industrial,llm_full_html,dind-mvideo.ru-1dc9556f176f49b3,9365.53609999828,1,9365.53609999828,9365.53609999828
industrial,llm_full_html,dind-mvideo.ru-397d20ee85741495,69172.51979999128,1,69172.51979999128,69172.51979999128
industrial,llm_full_html,dind-mvideo.ru-3e76af37ea2ac7ed,87191.27280000248,1,87191.27280000248,87191.27280000248
industrial,llm_full_html,dind-mvideo.ru-4c97407a7ea4c65d,34271.5312000073,1,34271.5312000073,34271.5312000073
industrial,llm_full_html,dind-mvideo.ru-57409058dc51841b,149805.3074000054,1,149805.3074000054,149805.3074000054
industrial,llm_full_html,dind-mvideo.ru-79ce14d153c633c2,61556.763399988995,1,61556.763399988995,61556.763399988995
industrial,llm_full_html,dind-mvideo.ru-9b0cc1e81b38d9de,67533.81249999802,1,67533.81249999802,67533.81249999802
industrial,llm_full_html,dind-mvideo.ru-be793df4ca32b36e,129334.72070000425,1,129334.72070000425,129334.72070000425
industrial,llm_full_html,dind-mvideo.ru-c492b59ab5a30f12,68313.9427999995,1,68313.9427999995,68313.9427999995
industrial,llm_full_html,dind-mvideo.ru-c964db29d85851de,11439.958999995724,1,11439.958999995724,11439.958999995724
industrial,llm_full_html,dind-mvideo.ru-e3c8a4d018d42c79,13777.168699991307,1,13777.168699991307,13777.168699991307
industrial,llm_full_html,dind-mvideo.ru-e426af76efa6c0dd,69861.71779999859,1,69861.71779999859,69861.71779999859
industrial,llm_full_html,dind-mvideo.ru-f4739083601ea838,69667.88369999267,1,69667.88369999267,69667.88369999267
industrial,llm_full_html,dind-oaopolimer.ru-02558b82bd865b0f,15933.569000000716,1,15933.569000000716,15933.569000000716
industrial,llm_full_html,dind-oaopolimer.ru-2a0003d60012b8a6,17506.024100002833,1,17506.024100002833,17506.024100002833
industrial,llm_full_html,dind-oaopolimer.ru-5b318217a3a3222c,18242.597799995565,1,18242.597799995565,18242.597799995565
industrial,llm_full_html,dind-oaopolimer.ru-8109f11938b71aeb,18161.30880000128,1,18161.30880000128,18161.30880000128
industrial,llm_full_html,dind-oaopolimer.ru-a7c041cf2a18af01,18401.500099993427,1,18401.500099993427,18401.500099993427
industrial,llm_full_html,dind-oaopolimer.ru-b10d46a99fe3b34d,23661.15689999424,1,23661.15689999424,23661.15689999424
industrial,llm_full_html,dind-oaopolimer.ru-c8d55d81cc904ea3,18914.397999993525,1,18914.397999993525,18914.397999993525
industrial,llm_full_html,dind-officemag.ru-00c674729dcaa4ea,36072.47600000119,1,36072.47600000119,36072.47600000119
industrial,llm_full_html,dind-officemag.ru-00d53e795579eb90,34015.667700005,1,34015.667700005,34015.667700005
industrial,llm_full_html,dind-officemag.ru-1bea9ed185f4b328,13535.70160001982,1,13535.70160001982,13535.70160001982
industrial,llm_full_html,dind-officemag.ru-40809b5312781d55,46704.14789998904,1,46704.14789998904,46704.14789998904
industrial,llm_full_html,dind-officemag.ru-5e08817729b9c1b0,13740.557500015711,1,13740.557500015711,13740.557500015711
industrial,llm_full_html,dind-officemag.ru-892e0a35c31b5746,31959.062899986748,1,31959.062899986748,31959.062899986748
industrial,llm_full_html,dind-officemag.ru-b0ddf2fa010706d1,46783.46429998055,1,46783.46429998055,46783.46429998055
industrial,llm_full_html,dind-officemag.ru-beec12f6c9b66652,33083.90920000966,1,33083.90920000966,33083.90920000966
industrial,llm_full_html,dind-ozon.ru-00fd247071d4b382,51294.92119999486,1,51294.92119999486,51294.92119999486
industrial,llm_full_html,dind-ozon.ru-030d0fbe4dcf938f,69629.99539999873,1,69629.99539999873,69629.99539999873
industrial,llm_full_html,dind-ozon.ru-0893ebc9dae9a0b6,64745.633999991696,1,64745.633999991696,64745.633999991696
industrial,llm_full_html,dind-ozon.ru-0af467e962767537,60139.66220000293,1,60139.66220000293,60139.66220000293
industrial,llm_full_html,dind-ozon.ru-0f3fe0ffc5075f97,57644.61979997577,1,57644.61979997577,57644.61979997577
industrial,llm_full_html,dind-ozon.ru-0f7383450d9788c2,69163.43970000162,1,69163.43970000162,69163.43970000162
industrial,llm_full_html,dind-ozon.ru-14349728faeae495,68202.08799999091,1,68202.08799999091,68202.08799999091
industrial,llm_full_html,dind-ozon.ru-17ea1a246cc5c852,57010.148400004255,1,57010.148400004255,57010.148400004255
industrial,llm_full_html,dind-ozon.ru-1ed0c2b94bc03684,52255.727899988415,1,52255.727899988415,52255.727899988415
industrial,llm_full_html,dind-ozon.ru-2aee48801f977b0f,56560.55110000307,1,56560.55110000307,56560.55110000307
industrial,llm_full_html,dind-ozon.ru-309ec1587fa9ccca,56659.845100017264,1,56659.845100017264,56659.845100017264
industrial,llm_full_html,dind-ozon.ru-40d639e4db2530b7,57578.89229999273,1,57578.89229999273,57578.89229999273
industrial,llm_full_html,dind-ozon.ru-4db869312af5e423,57464.86619999632,1,57464.86619999632,57464.86619999632
industrial,llm_full_html,dind-ozon.ru-6574195d5864256d,52149.65099998517,1,52149.65099998517,52149.65099998517
industrial,llm_full_html,dind-ozon.ru-664876f2c1bfe726,48189.462900016224,1,48189.462900016224,48189.462900016224
industrial,llm_full_html,dind-ozon.ru-7b0cb8482987d4b1,87588.76290000626,1,87588.76290000626,87588.76290000626
industrial,llm_full_html,dind-ozon.ru-7c09464ecd40c35c,57509.60130000021,1,57509.60130000021,57509.60130000021
industrial,llm_full_html,dind-ozon.ru-7fc3cd29b958b570,58540.54750001524,1,58540.54750001524,58540.54750001524
industrial,llm_full_html,dind-ozon.ru-801ca96b303e9c70,54514.821899996605,1,54514.821899996605,54514.821899996605
industrial,llm_full_html,dind-ozon.ru-89cacbfd8e2ec95b,56753.30809998559,1,56753.30809998559,56753.30809998559
industrial,llm_full_html,dind-ozon.ru-8cf713849b5ae916,54675.4612000077,1,54675.4612000077,54675.4612000077
industrial,llm_full_html,dind-ozon.ru-981504bdf6f0c850,57257.477000006475,1,57257.477000006475,57257.477000006475
industrial,llm_full_html,dind-ozon.ru-9912b1cd9743ff61,114610.07959998096,1,114610.07959998096,114610.07959998096
industrial,llm_full_html,dind-ozon.ru-9eaf36f7f4aa57b5,52862.770800013095,1,52862.770800013095,52862.770800013095
industrial,llm_full_html,dind-ozon.ru-adcd554f73025799,55941.55469999532,1,55941.55469999532,55941.55469999532
industrial,llm_full_html,dind-ozon.ru-af96b2643001265b,53584.522199991625,1,53584.522199991625,53584.522199991625
industrial,llm_full_html,dind-ozon.ru-b36c824831b3255e,57155.28530001757,1,57155.28530001757,57155.28530001757
industrial,llm_full_html,dind-ozon.ru-bc3414059b042541,59829.3197999883,1,59829.3197999883,59829.3197999883
industrial,llm_full_html,dind-ozon.ru-bef199bc4e3cafc8,57213.68529999745,1,57213.68529999745,57213.68529999745
industrial,llm_full_html,dind-ozon.ru-c0e19b1385e2c08d,56157.1738999919,1,56157.1738999919,56157.1738999919
industrial,llm_full_html,dind-ozon.ru-c1c4d36f73fb1884,55322.28779999423,1,55322.28779999423,55322.28779999423
industrial,llm_full_html,dind-ozon.ru-d2cfdfef86ed8cff,63913.044200016884,1,63913.044200016884,63913.044200016884
industrial,llm_full_html,dind-ozon.ru-f0ada4e5d68779a7,60243.95519998507,1,60243.95519998507,60243.95519998507
industrial,llm_full_html,dind-ozon.ru-f0c4de7b7d4ddccc,56952.00449999538,1,56952.00449999538,56952.00449999538
industrial,llm_full_html,dind-ozon.ru-ff68223ce1cea753,78880.74660001439,1,78880.74660001439,78880.74660001439
industrial,llm_full_html,dind-ozon.ru-ff95e1b297ba3635,78113.06579998927,1,78113.06579998927,78113.06579998927
industrial,llm_full_html,dind-petrovich.ru-b70961cbdb8bd1e9,11380.679099995177,1,11380.679099995177,11380.679099995177
industrial,llm_full_html,dind-petrovich.ru-f5694ceb95402903,12389.81779999449,1,12389.81779999449,12389.81779999449
industrial,llm_full_html,dind-rs24.ru-04d8d106bd9c940f,59258.2512999943,1,59258.2512999943,59258.2512999943
industrial,llm_full_html,dind-rs24.ru-1dae74c7261482fe,58120.58919999981,1,58120.58919999981,58120.58919999981
industrial,llm_full_html,dind-rs24.ru-5f1e642e572bd9cd,59592.08279999439,1,59592.08279999439,59592.08279999439
industrial,llm_full_html,dind-rs24.ru-675bf99e5b73b9d3,28162.32500001206,1,28162.32500001206,28162.32500001206
industrial,llm_full_html,dind-rs24.ru-7f6c61bab65e335f,27856.48700001184,1,27856.48700001184,27856.48700001184
industrial,llm_full_html,dind-rs24.ru-9efe2cd0d7d6ad25,87032.69689998706,1,87032.69689998706,87032.69689998706
industrial,llm_full_html,dind-rs24.ru-a5509d4fda3f76ea,51118.24759998126,1,51118.24759998126,51118.24759998126
industrial,llm_full_html,dind-rs24.ru-c08b8e40b58e9b34,11317.44680000702,1,11317.44680000702,11317.44680000702
industrial,llm_full_html,dind-rs24.ru-e37f5e34d947d094,62059.20360001619,1,62059.20360001619,62059.20360001619
industrial,llm_full_html,dind-rs24.ru-eef846de51e83979,57587.99710002495,1,57587.99710002495,57587.99710002495
industrial,llm_full_html,dind-rs24.ru-f0ddc824358ea6a4,29770.430500007933,1,29770.430500007933,29770.430500007933
industrial,llm_full_html,dind-spb.kuvalda.ru-766cff99f79845f2,40904.14110000711,1,40904.14110000711,40904.14110000711
industrial,llm_full_html,dind-spb.tara.ru-6339f71a84c7fe3f,97690.02090001595,1,97690.02090001595,97690.02090001595
industrial,llm_full_html,dind-spb.tara.ru-a5b72707164fdaac,10395.715299993753,1,10395.715299993753,10395.715299993753
industrial,llm_full_html,dind-spb.tara.ru-b247ce637fbd5bab,9875.532499980181,1,9875.532499980181,9875.532499980181
industrial,llm_full_html,dind-spb.tara.ru-c058547a7f8a948e,11592.614599998342,1,11592.614599998342,11592.614599998342
industrial,llm_full_html,dind-spb.tara.ru-e38223cfffcc86d0,54823.75599999796,1,54823.75599999796,54823.75599999796
industrial,llm_full_html,dind-spb.tara.ru-eb7917756d3e38ce,53783.892299979925,1,53783.892299979925,53783.892299979925
industrial,llm_full_html,dind-tara.ru-29a986a694d3d56c,52355.7029000076,1,52355.7029000076,52355.7029000076
industrial,llm_full_html,dind-tara.ru-5dd436ea3dedcde3,40708.39700000943,1,40708.39700000943,40708.39700000943
industrial,llm_full_html,dind-tara.ru-79d24cb7a3d97e32,52659.809700009646,1,52659.809700009646,52659.809700009646
industrial,llm_full_html,dind-tara.ru-996aa6565fe64523,10190.635800012387,1,10190.635800012387,10190.635800012387
industrial,llm_full_html,dind-vseinstrumenti.ru-f1a5402edd7ade81,70208.92069998081,1,70208.92069998081,70208.92069998081
industrial,llm_full_html,dind-wildberries.ru-70b945be0d4bf26a,67539.96799999732,1,67539.96799999732,67539.96799999732
industrial,llm_full_html,dind-wildberries.ru-ef3f50265721d3c2,101032.51739998814,1,101032.51739998814,101032.51739998814
industrial,llm_full_html,dind-ximtek.ru-940ff623d7a49c34,28173.180500016315,1,28173.180500016315,28173.180500016315
industrial,llm_full_html,dind-ximtek.ru-98dac1b01cd67510,34009.99680001405,1,34009.99680001405,34009.99680001405
industrial,llm_full_html,dind-ximtek.ru-a6bdec3f9b446bd1,33214.615700009745,1,33214.615700009745,33214.615700009745
industrial,llm_full_html,dind-ximtek.ru-abe2b1a972996824,24144.295999984024,1,24144.295999984024,24144.295999984024
industrial,llm_full_html,dind-ximtek.ru-c35012c3b47572b1,66675.03209999995,1,66675.03209999995,66675.03209999995
industrial,llm_full_html,dind-ximtek.ru-f97bddb789d6b997,36566.04070001049,1,36566.04070001049,36566.04070001049
industrial,llm_full_html,dind-xn----7sbbnaebi2cxajxwo0b.xn--p1ai-20db32191ce1e849,152456.044999999,1,152456.044999999,152456.044999999
industrial,llm_full_html,dind-xn----7sbbnaebi2cxajxwo0b.xn--p1ai-a714f745fc2dada6,122687.96410001232,1,122687.96410001232,122687.96410001232
industrial,llm_full_html,dind-xn----7sbbnaebi2cxajxwo0b.xn--p1ai-fa2a381a67d4ba03,117543.41380001279,1,117543.41380001279,117543.41380001279
robustness,llm_full_html,syn-0001__class_rename__01,8197.405200000503,1,8197.405200000503,8197.405200000503
robustness,llm_full_html,syn-0001__class_rename__02,9089.835999999195,1,9089.835999999195,9089.835999999195
robustness,llm_full_html,syn-0001__class_rename__03,8481.945699997596,1,8481.945699997596,8481.945699997596
robustness,llm_full_html,syn-0001__field_reorder__01,37866.13840000064,1,37866.13840000064,37866.13840000064
robustness,llm_full_html,syn-0001__field_reorder__02,9131.029700001818,1,9131.029700001818,9131.029700001818
robustness,llm_full_html,syn-0001__subtree_relocate__01,8331.729400000768,1,8331.729400000768,8331.729400000768
robustness,llm_full_html,syn-0001__subtree_relocate__02,8573.735700003454,1,8573.735700003454,8573.735700003454
robustness,llm_full_html,syn-0001__wrapper_insert__01,9081.915400005528,1,9081.915400005528,9081.915400005528
robustness,llm_full_html,syn-0001__wrapper_insert__02,8091.920899998513,1,8091.920899998513,8091.920899998513
robustness,llm_full_html,syn-0001__wrapper_insert__03,8434.05390001135,1,8434.05390001135,8434.05390001135
robustness,llm_full_html,syn-0002__class_rename__01,16862.657400008175,1,16862.657400008175,16862.657400008175
robustness,llm_full_html,syn-0002__class_rename__02,49234.02049999277,1,49234.02049999277,49234.02049999277
robustness,llm_full_html,syn-0002__class_rename__03,21994.104700002936,1,21994.104700002936,21994.104700002936
robustness,llm_full_html,syn-0002__field_reorder__01,19333.714799999143,1,19333.714799999143,19333.714799999143
robustness,llm_full_html,syn-0002__field_reorder__02,16753.5341999901,1,16753.5341999901,16753.5341999901
robustness,llm_full_html,syn-0002__subtree_relocate__01,18421.604100003606,1,18421.604100003606,18421.604100003606
robustness,llm_full_html,syn-0002__subtree_relocate__02,17935.53110001085,1,17935.53110001085,17935.53110001085
robustness,llm_full_html,syn-0002__wrapper_insert__01,46948.87500000186,1,46948.87500000186,46948.87500000186
robustness,llm_full_html,syn-0002__wrapper_insert__02,47197.70499999868,1,47197.70499999868,47197.70499999868
robustness,llm_full_html,syn-0002__wrapper_insert__03,18376.06429999869,1,18376.06429999869,18376.06429999869
robustness,llm_full_html,syn-0003__class_rename__01,11131.320599990431,1,11131.320599990431,11131.320599990431
robustness,llm_full_html,syn-0003__class_rename__02,10613.772000011522,1,10613.772000011522,10613.772000011522
robustness,llm_full_html,syn-0003__class_rename__03,9941.558699996676,1,9941.558699996676,9941.558699996676
robustness,llm_full_html,syn-0003__field_reorder__01,41406.25070000533,1,41406.25070000533,41406.25070000533
robustness,llm_full_html,syn-0003__field_reorder__02,10322.59619999968,1,10322.59619999968,10322.59619999968
robustness,llm_full_html,syn-0003__subtree_relocate__01,12773.71910000511,1,12773.71910000511,12773.71910000511
robustness,llm_full_html,syn-0003__subtree_relocate__02,11433.789900009288,1,11433.789900009288,11433.789900009288
robustness,llm_full_html,syn-0003__wrapper_insert__01,10279.177899996284,1,10279.177899996284,10279.177899996284
robustness,llm_full_html,syn-0003__wrapper_insert__02,9379.839100001846,1,9379.839100001846,9379.839100001846
robustness,llm_full_html,syn-0003__wrapper_insert__03,39598.09119999409,1,39598.09119999409,39598.09119999409
robustness,llm_full_html,syn-0004__class_rename__01,15858.30919998989,1,15858.30919998989,15858.30919998989
robustness,llm_full_html,syn-0004__class_rename__02,16348.268999994616,1,16348.268999994616,16348.268999994616
robustness,llm_full_html,syn-0004__class_rename__03,15923.542200005613,1,15923.542200005613,15923.542200005613
robustness,llm_full_html,syn-0004__field_reorder__01,48060.33469999966,1,48060.33469999966,48060.33469999966
robustness,llm_full_html,syn-0004__field_reorder__02,15942.51290000102,1,15942.51290000102,15942.51290000102
robustness,llm_full_html,syn-0004__subtree_relocate__01,15612.281400011852,1,15612.281400011852,15612.281400011852
robustness,llm_full_html,syn-0004__subtree_relocate__02,16416.789299997617,1,16416.789299997617,16416.789299997617
robustness,llm_full_html,syn-0004__wrapper_insert__01,15756.35969999712,1,15756.35969999712,15756.35969999712
robustness,llm_full_html,syn-0004__wrapper_insert__02,14137.612900012755,1,14137.612900012755,14137.612900012755
robustness,llm_full_html,syn-0004__wrapper_insert__03,16481.54720000457,1,16481.54720000457,16481.54720000457
robustness,llm_full_html,syn-0005__class_rename__01,8825.595600006636,1,8825.595600006636,8825.595600006636
robustness,llm_full_html,syn-0005__class_rename__02,9960.97529999679,1,9960.97529999679,9960.97529999679
robustness,llm_full_html,syn-0005__class_rename__03,8981.885500004864,1,8981.885500004864,8981.885500004864
robustness,llm_full_html,syn-0005__field_reorder__01,10586.60460000101,1,10586.60460000101,10586.60460000101
robustness,llm_full_html,syn-0005__field_reorder__02,8648.345399997197,1,8648.345399997197,8648.345399997197
robustness,llm_full_html,syn-0005__subtree_relocate__01,8972.76150000107,1,8972.76150000107,8972.76150000107
robustness,llm_full_html,syn-0005__subtree_relocate__02,9702.128899996751,1,9702.128899996751,9702.128899996751
robustness,llm_full_html,syn-0005__wrapper_insert__01,9902.166400002898,1,9902.166400002898,9902.166400002898
robustness,llm_full_html,syn-0005__wrapper_insert__02,10018.018599992502,1,10018.018599992502,10018.018599992502
robustness,llm_full_html,syn-0005__wrapper_insert__03,9798.021399998106,1,9798.021399998106,9798.021399998106
robustness,llm_full_html,syn-0006__class_rename__01,15224.322699999902,1,15224.322699999902,15224.322699999902
robustness,llm_full_html,syn-0006__class_rename__02,16143.778899990139,1,16143.778899990139,16143.778899990139
robustness,llm_full_html,syn-0006__class_rename__03,16051.086099992972,1,16051.086099992972,16051.086099992972
robustness,llm_full_html,syn-0006__field_reorder__01,17170.189600001322,1,17170.189600001322,17170.189600001322
robustness,llm_full_html,syn-0006__field_reorder__02,15296.470400004182,1,15296.470400004182,15296.470400004182
robustness,llm_full_html,syn-0006__subtree_relocate__01,45571.99719999335,1,45571.99719999335,45571.99719999335
robustness,llm_full_html,syn-0006__subtree_relocate__02,17276.119700007257,1,17276.119700007257,17276.119700007257
robustness,llm_full_html,syn-0006__wrapper_insert__01,14846.818499994697,1,14846.818499994697,14846.818499994697
robustness,llm_full_html,syn-0006__wrapper_insert__02,16766.363099988666,1,16766.363099988666,16766.363099988666
robustness,llm_full_html,syn-0006__wrapper_insert__03,16764.827100007096,1,16764.827100007096,16764.827100007096
robustness,llm_full_html,syn-0007__class_rename__01,10314.082699987921,1,10314.082699987921,10314.082699987921
robustness,llm_full_html,syn-0007__class_rename__02,10828.01099999051,1,10828.01099999051,10828.01099999051
robustness,llm_full_html,syn-0007__class_rename__03,11327.765299996827,1,11327.765299996827,11327.765299996827
robustness,llm_full_html,syn-0007__field_reorder__01,22394.58089999971,1,22394.58089999971,22394.58089999971
robustness,llm_full_html,syn-0007__field_reorder__02,11345.678800003952,1,11345.678800003952,11345.678800003952
robustness,llm_full_html,syn-0007__subtree_relocate__01,41016.025599994464,1,41016.025599994464,41016.025599994464
robustness,llm_full_html,syn-0007__subtree_relocate__02,12362.704099999974,1,12362.704099999974,12362.704099999974
robustness,llm_full_html,syn-0007__wrapper_insert__01,9908.69670000393,1,9908.69670000393,9908.69670000393
robustness,llm_full_html,syn-0007__wrapper_insert__02,10720.38959999918,1,10720.38959999918,10720.38959999918
robustness,llm_full_html,syn-0007__wrapper_insert__03,10618.096500009415,1,10618.096500009415,10618.096500009415
robustness,llm_full_html,syn-0008__class_rename__01,14883.312100006151,1,14883.312100006151,14883.312100006151
robustness,llm_full_html,syn-0008__class_rename__02,13395.706399998744,1,13395.706399998744,13395.706399998744
robustness,llm_full_html,syn-0008__class_rename__03,44295.49629999383,1,44295.49629999383,44295.49629999383
robustness,llm_full_html,syn-0008__field_reorder__01,14816.688899998553,1,14816.688899998553,14816.688899998553
robustness,llm_full_html,syn-0008__field_reorder__02,14681.972499995027,1,14681.972499995027,14681.972499995027
robustness,llm_full_html,syn-0008__subtree_relocate__01,14276.654699991923,1,14276.654699991923,14276.654699991923
robustness,llm_full_html,syn-0008__subtree_relocate__02,13999.005199992098,1,13999.005199992098,13999.005199992098
robustness,llm_full_html,syn-0008__wrapper_insert__01,14203.102200001013,1,14203.102200001013,14203.102200001013
robustness,llm_full_html,syn-0008__wrapper_insert__02,15675.163699997938,1,15675.163699997938,15675.163699997938
robustness,llm_full_html,syn-0008__wrapper_insert__03,16146.899699990172,1,16146.899699990172,16146.899699990172
robustness,llm_full_html,syn-0009__class_rename__01,13147.381100003258,1,13147.381100003258,13147.381100003258
robustness,llm_full_html,syn-0009__class_rename__02,72152.47600000293,1,72152.47600000293,72152.47600000293
robustness,llm_full_html,syn-0009__class_rename__03,12532.785900009912,1,12532.785900009912,12532.785900009912
robustness,llm_full_html,syn-0009__field_reorder__01,12321.47989999794,1,12321.47989999794,12321.47989999794
robustness,llm_full_html,syn-0009__field_reorder__02,12257.362999996985,1,12257.362999996985,12257.362999996985
robustness,llm_full_html,syn-0009__subtree_relocate__01,12820.795200008433,1,12820.795200008433,12820.795200008433
robustness,llm_full_html,syn-0009__subtree_relocate__02,13334.348700009286,1,13334.348700009286,13334.348700009286
robustness,llm_full_html,syn-0009__wrapper_insert__01,11612.855200000922,1,11612.855200000922,11612.855200000922
robustness,llm_full_html,syn-0009__wrapper_insert__02,15648.545900010504,1,15648.545900010504,15648.545900010504
robustness,llm_full_html,syn-0009__wrapper_insert__03,12058.235599994077,1,12058.235599994077,12058.235599994077
robustness,llm_full_html,syn-0010__class_rename__01,13864.454299997305,1,13864.454299997305,13864.454299997305
robustness,llm_full_html,syn-0010__class_rename__02,13393.802100006724,1,13393.802100006724,13393.802100006724
robustness,llm_full_html,syn-0010__class_rename__03,43997.804800004815,1,43997.804800004815,43997.804800004815
robustness,llm_full_html,syn-0010__field_reorder__01,43672.14630001399,1,43672.14630001399,43672.14630001399
robustness,llm_full_html,syn-0010__field_reorder__02,18665.87779999827,1,18665.87779999827,18665.87779999827
robustness,llm_full_html,syn-0010__subtree_relocate__01,18691.26769999275,1,18691.26769999275,18691.26769999275
robustness,llm_full_html,syn-0010__subtree_relocate__02,19846.986500007915,1,19846.986500007915,19846.986500007915
robustness,llm_full_html,syn-0010__wrapper_insert__01,19952.29919999838,1,19952.29919999838,19952.29919999838
robustness,llm_full_html,syn-0010__wrapper_insert__02,15414.621199990506,1,15414.621199990506,15414.621199990506
robustness,llm_full_html,syn-0010__wrapper_insert__03,13499.39070000255,1,13499.39070000255,13499.39070000255
robustness,llm_full_html,syn-0011__class_rename__01,19932.879599989974,1,19932.879599989974,19932.879599989974
robustness,llm_full_html,syn-0011__class_rename__02,17372.681699998793,1,17372.681699998793,17372.681699998793
robustness,llm_full_html,syn-0011__class_rename__03,48751.955600004294,1,48751.955600004294,48751.955600004294
robustness,llm_full_html,syn-0011__field_reorder__01,19184.644399996614,1,19184.644399996614,19184.644399996614
robustness,llm_full_html,syn-0011__field_reorder__02,18511.24799999525,1,18511.24799999525,18511.24799999525
robustness,llm_full_html,syn-0011__subtree_relocate__01,18910.3305000026,1,18910.3305000026,18910.3305000026
robustness,llm_full_html,syn-0011__subtree_relocate__02,18719.443599999067,1,18719.443599999067,18719.443599999067
robustness,llm_full_html,syn-0011__wrapper_insert__01,18883.2728999987,1,18883.2728999987,18883.2728999987
robustness,llm_full_html,syn-0011__wrapper_insert__02,19842.89549999812,1,19842.89549999812,19842.89549999812
robustness,llm_full_html,syn-0011__wrapper_insert__03,17578.81510000152,1,17578.81510000152,17578.81510000152
robustness,llm_full_html,syn-0012__class_rename__01,8333.928300009575,1,8333.928300009575,8333.928300009575
robustness,llm_full_html,syn-0012__class_rename__02,7820.033199997852,1,7820.033199997852,7820.033199997852
robustness,llm_full_html,syn-0012__class_rename__03,7244.04429999413,1,7244.04429999413,7244.04429999413
robustness,llm_full_html,syn-0012__field_reorder__01,8259.624300000723,1,8259.624300000723,8259.624300000723
robustness,llm_full_html,syn-0012__field_reorder__02,8260.790599990287,1,8260.790599990287,8260.790599990287
robustness,llm_full_html,syn-0012__subtree_relocate__01,38881.6908000008,1,38881.6908000008,38881.6908000008
robustness,llm_full_html,syn-0012__subtree_relocate__02,37930.55199999071,1,37930.55199999071,37930.55199999071
robustness,llm_full_html,syn-0012__wrapper_insert__01,7668.372400003136,1,7668.372400003136,7668.372400003136
robustness,llm_full_html,syn-0012__wrapper_insert__02,7020.533799994155,1,7020.533799994155,7020.533799994155
robustness,llm_full_html,syn-0012__wrapper_insert__03,7841.184600009001,1,7841.184600009001,7841.184600009001
robustness,llm_full_html,syn-0013__class_rename__01,21575.550499997917,1,21575.550499997917,21575.550499997917
robustness,llm_full_html,syn-0013__class_rename__02,16248.565599991707,1,16248.565599991707,16248.565599991707
robustness,llm_full_html,syn-0013__class_rename__03,44992.0429999911,1,44992.0429999911,44992.0429999911
robustness,llm_full_html,syn-0013__field_reorder__01,15532.690499996534,1,15532.690499996534,15532.690499996534
robustness,llm_full_html,syn-0013__field_reorder__02,44807.06969999301,1,44807.06969999301,44807.06969999301
robustness,llm_full_html,syn-0013__subtree_relocate__01,14999.684399997932,1,14999.684399997932,14999.684399997932
robustness,llm_full_html,syn-0013__subtree_relocate__02,15438.917699997546,1,15438.917699997546,15438.917699997546
robustness,llm_full_html,syn-0013__wrapper_insert__01,45124.53610000375,1,45124.53610000375,45124.53610000375
robustness,llm_full_html,syn-0013__wrapper_insert__02,15912.545600003796,1,15912.545600003796,15912.545600003796
robustness,llm_full_html,syn-0013__wrapper_insert__03,14623.249399999622,1,14623.249399999622,14623.249399999622
robustness,llm_full_html,syn-0014__class_rename__01,10298.086599999806,1,10298.086599999806,10298.086599999806
robustness,llm_full_html,syn-0014__class_rename__02,10603.489399989485,1,10603.489399989485,10603.489399989485
robustness,llm_full_html,syn-0014__class_rename__03,10720.224100004998,1,10720.224100004998,10720.224100004998
robustness,llm_full_html,syn-0014__field_reorder__01,21883.43290000921,1,21883.43290000921,21883.43290000921
robustness,llm_full_html,syn-0014__field_reorder__02,40837.78370000073,1,40837.78370000073,40837.78370000073
robustness,llm_full_html,syn-0014__subtree_relocate__01,9705.419999998412,1,9705.419999998412,9705.419999998412
robustness,llm_full_html,syn-0014__subtree_relocate__02,14587.302799991448,1,14587.302799991448,14587.302799991448
robustness,llm_full_html,syn-0014__wrapper_insert__01,10305.046399997082,1,10305.046399997082,10305.046399997082
robustness,llm_full_html,syn-0014__wrapper_insert__02,9696.973199999775,1,9696.973199999775,9696.973199999775
robustness,llm_full_html,syn-0014__wrapper_insert__03,11755.626199999824,1,11755.626199999824,11755.626199999824
robustness,llm_full_html,syn-0015__class_rename__01,16865.00390000583,1,16865.00390000583,16865.00390000583
robustness,llm_full_html,syn-0015__class_rename__02,46156.17060000659,1,46156.17060000659,46156.17060000659
robustness,llm_full_html,syn-0015__class_rename__03,45933.542300001136,1,45933.542300001136,45933.542300001136
robustness,llm_full_html,syn-0015__field_reorder__01,16966.22610000486,1,16966.22610000486,16966.22610000486
robustness,llm_full_html,syn-0015__field_reorder__02,18268.478199999663,1,18268.478199999663,18268.478199999663
robustness,llm_full_html,syn-0015__subtree_relocate__01,18641.952000005404,1,18641.952000005404,18641.952000005404
robustness,llm_full_html,syn-0015__subtree_relocate__02,17613.42809999769,1,17613.42809999769,17613.42809999769
robustness,llm_full_html,syn-0015__wrapper_insert__01,17272.617900001933,1,17272.617900001933,17272.617900001933
robustness,llm_full_html,syn-0015__wrapper_insert__02,17289.705799994408,1,17289.705799994408,17289.705799994408
robustness,llm_full_html,syn-0015__wrapper_insert__03,47468.55550000328,1,47468.55550000328,47468.55550000328
robustness,llm_full_html,syn-0016__class_rename__01,8951.105300002382,1,8951.105300002382,8951.105300002382
robustness,llm_full_html,syn-0016__class_rename__02,8581.6094000038,1,8581.6094000038,8581.6094000038
robustness,llm_full_html,syn-0016__class_rename__03,8480.447300011292,1,8480.447300011292,8480.447300011292
robustness,llm_full_html,syn-0016__field_reorder__01,39084.80810000037,1,39084.80810000037,39084.80810000037
robustness,llm_full_html,syn-0016__field_reorder__02,8396.606099995552,1,8396.606099995552,8396.606099995552
robustness,llm_full_html,syn-0016__subtree_relocate__01,8890.46419999795,1,8890.46419999795,8890.46419999795
robustness,llm_full_html,syn-0016__subtree_relocate__02,8609.01479999302,1,8609.01479999302,8609.01479999302
robustness,llm_full_html,syn-0016__wrapper_insert__01,9297.684099990875,1,9297.684099990875,9297.684099990875
robustness,llm_full_html,syn-0016__wrapper_insert__02,9585.123500000918,1,9585.123500000918,9585.123500000918
robustness,llm_full_html,syn-0016__wrapper_insert__03,7888.803599998937,1,7888.803599998937,7888.803599998937
robustness,llm_full_html,syn-0017__class_rename__01,14685.7514000003,1,14685.7514000003,14685.7514000003
robustness,llm_full_html,syn-0017__class_rename__02,15840.444000001298,1,15840.444000001298,15840.444000001298
robustness,llm_full_html,syn-0017__class_rename__03,15244.284900007187,1,15244.284900007187,15244.284900007187
robustness,llm_full_html,syn-0017__field_reorder__01,17080.652999997255,1,17080.652999997255,17080.652999997255
robustness,llm_full_html,syn-0017__field_reorder__02,14581.333499998436,1,14581.333499998436,14581.333499998436
robustness,llm_full_html,syn-0017__subtree_relocate__01,15634.428599994862,1,15634.428599994862,15634.428599994862
robustness,llm_full_html,syn-0017__subtree_relocate__02,15084.999500002596,1,15084.999500002596,15084.999500002596
robustness,llm_full_html,syn-0017__wrapper_insert__01,15625.376299998607,1,15625.376299998607,15625.376299998607
robustness,llm_full_html,syn-0017__wrapper_insert__02,44816.46689999616,1,44816.46689999616,44816.46689999616
robustness,llm_full_html,syn-0017__wrapper_insert__03,15632.260899990797,1,15632.260899990797,15632.260899990797
robustness,llm_full_html,syn-0018__class_rename__01,13022.643900010735,1,13022.643900010735,13022.643900010735
robustness,llm_full_html,syn-0018__class_rename__02,12375.84350000543,1,12375.84350000543,12375.84350000543
robustness,llm_full_html,syn-0018__class_rename__03,11127.407100007986,1,11127.407100007986,11127.407100007986
robustness,llm_full_html,syn-0018__field_reorder__01,12080.51390000037,1,12080.51390000037,12080.51390000037
robustness,llm_full_html,syn-0018__field_reorder__02,10625.200599999516,1,10625.200599999516,10625.200599999516
robustness,llm_full_html,syn-0018__subtree_relocate__01,12527.6906999934,1,12527.6906999934,12527.6906999934
robustness,llm_full_html,syn-0018__subtree_relocate__02,11437.616900002467,1,11437.616900002467,11437.616900002467
robustness,llm_full_html,syn-0018__wrapper_insert__01,11796.268300007796,1,11796.268300007796,11796.268300007796
robustness,llm_full_html,syn-0018__wrapper_insert__02,12257.408699995722,1,12257.408699995722,12257.408699995722
robustness,llm_full_html,syn-0018__wrapper_insert__03,11621.016700009932,1,11621.016700009932,11621.016700009932
robustness,llm_full_html,syn-0019__class_rename__01,13660.092999998596,1,13660.092999998596,13660.092999998596
robustness,llm_full_html,syn-0019__class_rename__02,12163.75789999438,1,12163.75789999438,12163.75789999438
robustness,llm_full_html,syn-0019__class_rename__03,13252.47190000664,1,13252.47190000664,13252.47190000664
robustness,llm_full_html,syn-0019__field_reorder__01,43411.418899995624,1,43411.418899995624,43411.418899995624
robustness,llm_full_html,syn-0019__field_reorder__02,14070.285499998135,1,14070.285499998135,14070.285499998135
robustness,llm_full_html,syn-0019__subtree_relocate__01,14920.842699997593,1,14920.842699997593,14920.842699997593
robustness,llm_full_html,syn-0019__subtree_relocate__02,14913.132600006065,1,14913.132600006065,14913.132600006065
robustness,llm_full_html,syn-0019__wrapper_insert__01,19424.842300009914,1,19424.842300009914,19424.842300009914
robustness,llm_full_html,syn-0019__wrapper_insert__02,14405.427800011239,1,14405.427800011239,14405.427800011239
robustness,llm_full_html,syn-0019__wrapper_insert__03,15325.422999987495,1,15325.422999987495,15325.422999987495
robustness,llm_full_html,syn-0020__class_rename__01,15501.443500004825,1,15501.443500004825,15501.443500004825
robustness,llm_full_html,syn-0020__class_rename__02,13123.016800003825,1,13123.016800003825,13123.016800003825
robustness,llm_full_html,syn-0020__class_rename__03,13330.214700006763,1,13330.214700006763,13330.214700006763
robustness,llm_full_html,syn-0020__field_reorder__01,13582.131400005892,1,13582.131400005892,13582.131400005892
robustness,llm_full_html,syn-0020__field_reorder__02,13791.70200000226,1,13791.70200000226,13791.70200000226
robustness,llm_full_html,syn-0020__subtree_relocate__01,13790.280000001076,1,13790.280000001076,13790.280000001076
robustness,llm_full_html,syn-0020__subtree_relocate__02,12973.41520000191,1,12973.41520000191,12973.41520000191
robustness,llm_full_html,syn-0020__wrapper_insert__01,16555.946599997696,1,16555.946599997696,16555.946599997696
robustness,llm_full_html,syn-0020__wrapper_insert__02,12664.23290000239,1,12664.23290000239,12664.23290000239
robustness,llm_full_html,syn-0020__wrapper_insert__03,12766.513399998075,1,12766.513399998075,12766.513399998075
synthetic,llm_full_html,syn-0001,8349.446500011254,1,8349.446500011254,8349.446500011254
synthetic,llm_full_html,syn-0002,17211.443599997438,1,17211.443599997438,17211.443599997438
synthetic,llm_full_html,syn-0003,10194.1525000002,1,10194.1525000002,10194.1525000002
synthetic,llm_full_html,syn-0004,13993.270799997845,1,13993.270799997845,13993.270799997845
synthetic,llm_full_html,syn-0005,8976.067999989027,1,8976.067999989027,8976.067999989027
synthetic,llm_full_html,syn-0006,13893.570000000182,1,13893.570000000182,13893.570000000182
synthetic,llm_full_html,syn-0007,12024.409199992078,1,12024.409199992078,12024.409199992078
synthetic,llm_full_html,syn-0008,14821.443299995735,1,14821.443299995735,14821.443299995735
synthetic,llm_full_html,syn-0009,11647.632100008195,1,11647.632100008195,11647.632100008195
synthetic,llm_full_html,syn-0010,13972.576100000879,1,13972.576100000879,13972.576100000879
synthetic,llm_full_html,syn-0011,20979.51700001431,1,20979.51700001431,20979.51700001431
synthetic,llm_full_html,syn-0012,8062.692599996808,1,8062.692599996808,8062.692599996808
synthetic,llm_full_html,syn-0013,15088.225300001795,1,15088.225300001795,15088.225300001795
synthetic,llm_full_html,syn-0014,9284.494700012146,1,9284.494700012146,9284.494700012146
synthetic,llm_full_html,syn-0015,18599.820100003853,1,18599.820100003853,18599.820100003853
synthetic,llm_full_html,syn-0016,8944.730400005938,1,8944.730400005938,8944.730400005938
synthetic,llm_full_html,syn-0017,13790.934699994978,1,13790.934699994978,13790.934699994978
synthetic,llm_full_html,syn-0018,11671.515900001395,1,11671.515900001395,11671.515900001395
synthetic,llm_full_html,syn-0019,13165.953800009447,1,13165.953800009447,13165.953800009447
synthetic,llm_full_html,syn-0020,14004.593200006639,1,14004.593200006639,14004.593200006639
industrial,hybrid_original,dind-.-1c84d53a2c5b20ea,8209.428900008788,1,8209.428900008788,8209.428900008788
industrial,hybrid_original,dind-.-e142c05b90bdf168,7510.884299990721,1,7510.884299990721,7510.884299990721
industrial,hybrid_original,dind-bigam.ru-053b5e451a07d93b,17771.40349999536,1,17771.40349999536,17771.40349999536
industrial,hybrid_original,dind-bigam.ru-06af9e1233a99d5f,19345.607299997937,1,19345.607299997937,19345.607299997937
industrial,hybrid_original,dind-bigam.ru-0b40accb7c68a78f,23518.043899995973,1,23518.043899995973,23518.043899995973
industrial,hybrid_original,dind-bigam.ru-28741ad7ac8f3e85,19525.400699989405,1,19525.400699989405,19525.400699989405
industrial,hybrid_original,dind-bigam.ru-4c31321224ca0dfb,20436.294400016777,1,20436.294400016777,20436.294400016777
industrial,hybrid_original,dind-bigam.ru-924b98be2f260451,20692.642000009073,1,20692.642000009073,20692.642000009073
industrial,hybrid_original,dind-bigam.ru-989575fef6752559,19053.128300001845,1,19053.128300001845,19053.128300001845
industrial,hybrid_original,dind-bigam.ru-9d6f5f15a221a4b8,20521.08230002341,1,20521.08230002341,20521.08230002341
industrial,hybrid_original,dind-bigam.ru-a17e0c3e4a6faaf2,20014.30540002184,1,20014.30540002184,20014.30540002184
industrial,hybrid_original,dind-bigam.ru-c6cf7468e0715e1f,19552.716100006364,1,19552.716100006364,19552.716100006364
industrial,hybrid_original,dind-bigam.ru-d64d3122a4ac0d62,19954.974199994467,1,19954.974199994467,19954.974199994467
industrial,hybrid_original,dind-bigam.ru-f2294a326cfcba05,19169.071999989683,1,19169.071999989683,19169.071999989683
industrial,hybrid_original,dind-bigam.ru-f9a11490fa2ea0fe,18779.348999989452,1,18779.348999989452,18779.348999989452
industrial,hybrid_original,dind-chipdip.ru-0c732437ad22572f,12451.909700001124,1,12451.909700001124,12451.909700001124
industrial,hybrid_original,dind-chipdip.ru-4f407af0c36f72b6,9969.726900017122,1,9969.726900017122,9969.726900017122
industrial,hybrid_original,dind-chipdip.ru-8ffd0822c0dc4d40,12406.63380001206,1,12406.63380001206,12406.63380001206
industrial,hybrid_original,dind-chipdip.ru-976706e79c2f2987,17729.083899990655,1,17729.083899990655,17729.083899990655
industrial,hybrid_original,dind-chipdip.ru-abf1baaa6803c0b8,15803.605699999025,1,15803.605699999025,15803.605699999025
industrial,hybrid_original,dind-chipdip.ru-ac550c02e68937ba,13679.094899998745,1,13679.094899998745,13679.094899998745
industrial,hybrid_original,dind-chipdip.ru-c2479b21b1035e7c,12580.816799978493,1,12580.816799978493,12580.816799978493
industrial,hybrid_original,dind-citilink.ru-c3b1bb2ebd5d428a,14333.902599988505,1,14333.902599988505,14333.902599988505
industrial,hybrid_original,dind-citilink.ru-e2440ead0d4289d7,14242.344800004503,1,14242.344800004503,14242.344800004503
industrial,hybrid_original,dind-citilink.ru-fc3d83fa07e578d5,8596.459299995331,1,8596.459299995331,8596.459299995331
industrial,hybrid_original,dind-cnc.su-3651d593e610dc79,14390.25669998955,1,14390.25669998955,14390.25669998955
industrial,hybrid_original,dind-cnc.su-60ca64ff8b5db935,4330.323900008807,1,4330.323900008807,4330.323900008807
industrial,hybrid_original,dind-cnc.su-aea17eda0f793a5b,15685.091999999713,1,15685.091999999713,15685.091999999713
industrial,hybrid_original,dind-cnc.su-cbe39bad76c5ee58,12447.449600003893,1,12447.449600003893,12447.449600003893
industrial,hybrid_original,dind-dns-shop.ru-1daabf0100ef084e,12028.722799994284,1,12028.722799994284,12028.722799994284
industrial,hybrid_original,dind-dns-shop.ru-2198c54dfd3d2076,19753.92049999209,1,19753.92049999209,19753.92049999209
industrial,hybrid_original,dind-dns-shop.ru-2824d29f205128a1,16280.868500005454,1,16280.868500005454,16280.868500005454
industrial,hybrid_original,dind-dns-shop.ru-28746746c13ce562,9828.126300009899,1,9828.126300009899,9828.126300009899
industrial,hybrid_original,dind-dns-shop.ru-2c7a29d35d5d4eaf,3752.4217999889515,1,3752.4217999889515,3752.4217999889515
industrial,hybrid_original,dind-dns-shop.ru-32b1fcaa3a2d2e3c,22347.241799987387,1,22347.241799987387,22347.241799987387
industrial,hybrid_original,dind-dns-shop.ru-33bd96f05cc76522,22179.781600018032,1,22179.781600018032,22179.781600018032
industrial,hybrid_original,dind-dns-shop.ru-3f4da6582900a525,19580.999199999496,1,19580.999199999496,19580.999199999496
industrial,hybrid_original,dind-dns-shop.ru-3febee92cb878873,14554.934300016612,1,14554.934300016612,14554.934300016612
industrial,hybrid_original,dind-dns-shop.ru-434df911d8c9446c,21226.57599998638,1,21226.57599998638,21226.57599998638
industrial,hybrid_original,dind-dns-shop.ru-46ebef5666c10c8e,20775.154000002658,1,20775.154000002658,20775.154000002658
industrial,hybrid_original,dind-dns-shop.ru-4a4e14f05378d4a5,5761.473899998236,1,5761.473899998236,5761.473899998236
industrial,hybrid_original,dind-dns-shop.ru-4d693e109b55f82a,18448.748499999056,1,18448.748499999056,18448.748499999056
industrial,hybrid_original,dind-dns-shop.ru-500c72a9307f6bee,19203.891199984355,1,19203.891199984355,19203.891199984355
industrial,hybrid_original,dind-dns-shop.ru-536061e6205968d4,22703.779000003124,1,22703.779000003124,22703.779000003124
industrial,hybrid_original,dind-dns-shop.ru-543d15ba7884e65d,20763.000600010855,1,20763.000600010855,20763.000600010855
industrial,hybrid_original,dind-dns-shop.ru-5564a34319f17254,19532.889399997657,1,19532.889399997657,19532.889399997657
industrial,hybrid_original,dind-dns-shop.ru-564876217320f967,3746.052400005283,1,3746.052400005283,3746.052400005283
industrial,hybrid_original,dind-dns-shop.ru-74d2e0772b88cccb,19735.143099998822,1,19735.143099998822,19735.143099998822
industrial,hybrid_original,dind-dns-shop.ru-771d6387f7b3c12b,14032.453599997098,1,14032.453599997098,14032.453599997098
industrial,hybrid_original,dind-dns-shop.ru-7933239bf3e50771,20580.03660000395,1,20580.03660000395,20580.03660000395
industrial,hybrid_original,dind-dns-shop.ru-7a35f41002832ba2,22573.7250999955,1,22573.7250999955,22573.7250999955
industrial,hybrid_original,dind-dns-shop.ru-811008815de52c86,19879.46890000603,1,19879.46890000603,19879.46890000603
industrial,hybrid_original,dind-dns-shop.ru-8115aee7bc53974a,19302.835199981928,1,19302.835199981928,19302.835199981928
industrial,hybrid_original,dind-dns-shop.ru-85bc079e6fdf3596,25158.708400005708,1,25158.708400005708,25158.708400005708
industrial,hybrid_original,dind-dns-shop.ru-8b9ca76d14a1d9e1,18673.94089998561,1,18673.94089998561,18673.94089998561
industrial,hybrid_original,dind-dns-shop.ru-90440791218a97f4,10455.731699999887,1,10455.731699999887,10455.731699999887
industrial,hybrid_original,dind-dns-shop.ru-92ce0999672a52ef,10550.035199994454,1,10550.035199994454,10550.035199994454
industrial,hybrid_original,dind-dns-shop.ru-996bc94411949f8b,19654.598299995996,1,19654.598299995996,19654.598299995996
industrial,hybrid_original,dind-dns-shop.ru-9dd9c1645a03e017,20181.912300002296,1,20181.912300002296,20181.912300002296
industrial,hybrid_original,dind-dns-shop.ru-a3790a136022ceb0,12792.183499987004,1,12792.183499987004,12792.183499987004
industrial,hybrid_original,dind-dns-shop.ru-aa82f882645785f9,19135.25250001112,1,19135.25250001112,19135.25250001112
industrial,hybrid_original,dind-dns-shop.ru-af963fbfbb118c6f,7962.5116000243,1,7962.5116000243,7962.5116000243
industrial,hybrid_original,dind-dns-shop.ru-b189120c5c34179d,21380.687900003977,1,21380.687900003977,21380.687900003977
industrial,hybrid_original,dind-dns-shop.ru-b4e6fddfb8cc1f85,21948.543199978303,1,21948.543199978303,21948.543199978303
industrial,hybrid_original,dind-dns-shop.ru-b6cad428c103f85e,10553.411200002301,1,10553.411200002301,10553.411200002301
industrial,hybrid_original,dind-dns-shop.ru-b7113a7a9f8e538f,20969.696399988607,1,20969.696399988607,20969.696399988607
industrial,hybrid_original,dind-dns-shop.ru-c540244729f3afe8,13500.998100003926,1,13500.998100003926,13500.998100003926
industrial,hybrid_original,dind-dns-shop.ru-c972a387a5634908,21383.79089999944,1,21383.79089999944,21383.79089999944
industrial,hybrid_original,dind-dns-shop.ru-e46adc0c328cc286,20032.652599998983,1,20032.652599998983,20032.652599998983
industrial,hybrid_original,dind-dns-shop.ru-e8d091ebce0ef80f,14879.37090001651,1,14879.37090001651,14879.37090001651
industrial,hybrid_original,dind-dns-shop.ru-ea90543385536fce,20842.59379998548,1,20842.59379998548,20842.59379998548
industrial,hybrid_original,dind-dns-shop.ru-ecbe705fe138bbfc,26187.865000014426,1,26187.865000014426,26187.865000014426
industrial,hybrid_original,dind-dns-shop.ru-f2b4db0b14d601f5,20509.06889999169,1,20509.06889999169,20509.06889999169
industrial,hybrid_original,dind-dns-shop.ru-f81b39d0b9945b9b,24532.225700007984,1,24532.225700007984,24532.225700007984
industrial,hybrid_original,dind-dns-shop.ru-f878c1c96441254e,19326.146900013555,1,19326.146900013555,19326.146900013555
industrial,hybrid_original,dind-dns-shop.ru-f8afdc6ad037e786,14093.92260000459,1,14093.92260000459,14093.92260000459
industrial,hybrid_original,dind-dns-shop.ru-fb02082707bf4363,20433.211700001266,1,20433.211700001266,20433.211700001266
industrial,hybrid_original,dind-dns-shop.ru-fdefdf05ba85008a,5733.885999972699,1,5733.885999972699,5733.885999972699
industrial,hybrid_original,dind-etm.ru-5ec13e2b305fa590,10544.054900004994,1,10544.054900004994,10544.054900004994
industrial,hybrid_original,dind-etm.ru-ce65bfbecd538b17,9712.297799997032,1,9712.297799997032,9712.297799997032
industrial,hybrid_original,dind-komus.ru-023e5ca676225909,12728.610099991783,1,12728.610099991783,12728.610099991783
industrial,hybrid_original,dind-komus.ru-11490b3dd28bfa7d,12766.952099977061,1,12766.952099977061,12766.952099977061
industrial,hybrid_original,dind-komus.ru-2cf9855072dedf49,10871.450800012099,1,10871.450800012099,10871.450800012099
industrial,hybrid_original,dind-komus.ru-31fd7c045fb2ea41,13906.10610001022,1,13906.10610001022,13906.10610001022
industrial,hybrid_original,dind-komus.ru-329f550a6d3b95ff,11383.210199972382,1,11383.210199972382,11383.210199972382
industrial,hybrid_original,dind-komus.ru-41d20e640e2f54ca,10589.912299998105,1,10589.912299998105,10589.912299998105
industrial,hybrid_original,dind-komus.ru-45e1fc98edfd6da1,13893.547800020315,1,13893.547800020315,13893.547800020315
industrial,hybrid_original,dind-komus.ru-58c1a96dda4c3778,12638.75630000257,1,12638.75630000257,12638.75630000257
industrial,hybrid_original,dind-komus.ru-607c4231e49e9843,9013.603400002467,1,9013.603400002467,9013.603400002467
industrial,hybrid_original,dind-komus.ru-6ab2c63743e80fe2,10823.016100010136,1,10823.016100010136,10823.016100010136
industrial,hybrid_original,dind-komus.ru-6f7eb9ea777697b3,10913.687500025844,1,10913.687500025844,10913.687500025844
industrial,hybrid_original,dind-komus.ru-6f947666964b40f8,9703.252200008137,1,9703.252200008137,9703.252200008137
industrial,hybrid_original,dind-komus.ru-7a31877560a20352,12646.148900006665,1,12646.148900006665,12646.148900006665
industrial,hybrid_original,dind-komus.ru-84cbf3c2771d2ecd,13367.40080002346,1,13367.40080002346,13367.40080002346
industrial,hybrid_original,dind-komus.ru-b05effd6532b7f9b,17446.267099992838,1,17446.267099992838,17446.267099992838
industrial,hybrid_original,dind-komus.ru-c0e90dc894a3f454,4151.5892999887,1,4151.5892999887,4151.5892999887
industrial,hybrid_original,dind-komus.ru-c4ec811f50b580fc,14526.192199991783,1,14526.192199991783,14526.192199991783
industrial,hybrid_original,dind-komus.ru-cee4656ff9fe75f8,11570.876199984923,1,11570.876199984923,11570.876199984923
industrial,hybrid_original,dind-komus.ru-d039da717f66c987,9608.9243000024,1,9608.9243000024,9608.9243000024
industrial,hybrid_original,dind-komus.ru-e44491f1d0a00d59,10340.716200007591,1,10340.716200007591,10340.716200007591
industrial,hybrid_original,dind-komus.ru-f83a8cdb85dbe548,11866.857900022296,1,11866.857900022296,11866.857900022296
industrial,hybrid_original,dind-komus.ru-fd526265f9a93c7c,9296.782000019448,1,9296.782000019448,9296.782000019448
industrial,hybrid_original,dind-labirint.ru-017ca7137cd84dc1,20805.70689999149,1,20805.70689999149,20805.70689999149
industrial,hybrid_original,dind-labirint.ru-04ccf5be83eaa6ce,11827.473399986047,1,11827.473399986047,11827.473399986047
industrial,hybrid_original,dind-labirint.ru-186be25179ff4d2f,12459.350100019947,1,12459.350100019947,12459.350100019947
industrial,hybrid_original,dind-labirint.ru-21ac626ea371bd49,62336.732399999164,1,62336.732399999164,62336.732399999164
industrial,hybrid_original,dind-labirint.ru-4eb2fb8b1b347b32,12667.75890000281,1,12667.75890000281,12667.75890000281
industrial,hybrid_original,dind-labirint.ru-a54655182aa1fecc,9633.752599998843,1,9633.752599998843,9633.752599998843
industrial,hybrid_original,dind-labirint.ru-b5d7e810e7ca116a,13296.345800015843,1,13296.345800015843,13296.345800015843
industrial,hybrid_original,dind-labirint.ru-d92a0991b3f5fccd,10894.909800001187,1,10894.909800001187,10894.909800001187
industrial,hybrid_original,dind-lemanapro.ru-df1069562cd0eec0,6251.944599993294,1,6251.944599993294,6251.944599993294
industrial,hybrid_original,dind-lemanapro.ru-fab71c309af5505b,5445.166599994991,1,5445.166599994991,5445.166599994991
industrial,hybrid_original,dind-market.yandex.ru-1b519c43e22aa033,24803.39789998834,1,24803.39789998834,24803.39789998834
industrial,hybrid_original,dind-market.yandex.ru-4a073eb1b3d67309,24021.391999995103,1,24021.391999995103,24021.391999995103
industrial,hybrid_original,dind-oaopolimer.ru-02558b82bd865b0f,6649.944500008132,1,6649.944500008132,6649.944500008132
industrial,hybrid_original,dind-oaopolimer.ru-2a0003d60012b8a6,6743.175000010524,1,6743.175000010524,6743.175000010524
industrial,hybrid_original,dind-oaopolimer.ru-5b318217a3a3222c,6798.504499980481,1,6798.504499980481,6798.504499980481
industrial,hybrid_original,dind-oaopolimer.ru-8109f11938b71aeb,6722.647899994627,1,6722.647899994627,6722.647899994627
industrial,hybrid_original,dind-oaopolimer.ru-a7c041cf2a18af01,6617.279700003564,1,6617.279700003564,6617.279700003564
industrial,hybrid_original,dind-oaopolimer.ru-b10d46a99fe3b34d,7537.68169999239,1,7537.68169999239,7537.68169999239
industrial,hybrid_original,dind-oaopolimer.ru-c8d55d81cc904ea3,6410.953400016297,1,6410.953400016297,6410.953400016297
industrial,hybrid_original,dind-officemag.ru-00c674729dcaa4ea,11345.757800008869,1,11345.757800008869,11345.757800008869
industrial,hybrid_original,dind-officemag.ru-00d53e795579eb90,12790.149899985408,1,12790.149899985408,12790.149899985408
industrial,hybrid_original,dind-officemag.ru-1bea9ed185f4b328,8099.690300005022,1,8099.690300005022,8099.690300005022
industrial,hybrid_original,dind-officemag.ru-40809b5312781d55,11157.441099989228,1,11157.441099989228,11157.441099989228
industrial,hybrid_original,dind-officemag.ru-5e08817729b9c1b0,6760.692600015318,1,6760.692600015318,6760.692600015318
industrial,hybrid_original,dind-officemag.ru-892e0a35c31b5746,8837.08560001105,1,8837.08560001105,8837.08560001105
industrial,hybrid_original,dind-officemag.ru-b0ddf2fa010706d1,10578.377800004091,1,10578.377800004091,10578.377800004091
industrial,hybrid_original,dind-officemag.ru-beec12f6c9b66652,12526.435799984029,1,12526.435799984029,12526.435799984029
industrial,hybrid_original,dind-ozon.ru-664876f2c1bfe726,3986.2189999839757,1,3986.2189999839757,3986.2189999839757
industrial,hybrid_original,dind-ozon.ru-801ca96b303e9c70,3539.0059999772348,1,3539.0059999772348,3539.0059999772348
industrial,hybrid_original,dind-ozon.ru-d2cfdfef86ed8cff,5002.314299985301,1,5002.314299985301,5002.314299985301
industrial,hybrid_original,dind-petrovich.ru-b70961cbdb8bd1e9,8765.672799985623,1,8765.672799985623,8765.672799985623
industrial,hybrid_original,dind-petrovich.ru-f5694ceb95402903,9201.186599995708,1,9201.186599995708,9201.186599995708
industrial,hybrid_original,dind-rs24.ru-04d8d106bd9c940f,11751.555399998324,1,11751.555399998324,11751.555399998324
industrial,hybrid_original,dind-rs24.ru-1dae74c7261482fe,12542.308500007493,1,12542.308500007493,12542.308500007493
industrial,hybrid_original,dind-rs24.ru-5f1e642e572bd9cd,13042.544500000076,1,13042.544500000076,13042.544500000076
industrial,hybrid_original,dind-rs24.ru-675bf99e5b73b9d3,3548.9529999904335,1,3548.9529999904335,3548.9529999904335
industrial,hybrid_original,dind-rs24.ru-7f6c61bab65e335f,2356.2271999835502,1,2356.2271999835502,2356.2271999835502
industrial,hybrid_original,dind-rs24.ru-9efe2cd0d7d6ad25,12163.002299988875,1,12163.002299988875,12163.002299988875
industrial,hybrid_original,dind-rs24.ru-a5509d4fda3f76ea,11922.386199992616,1,11922.386199992616,11922.386199992616
industrial,hybrid_original,dind-rs24.ru-c08b8e40b58e9b34,2759.7604999900796,1,2759.7604999900796,2759.7604999900796
industrial,hybrid_original,dind-rs24.ru-e37f5e34d947d094,12813.88830000651,1,12813.88830000651,12813.88830000651
industrial,hybrid_original,dind-rs24.ru-eef846de51e83979,3086.1445000045933,1,3086.1445000045933,3086.1445000045933
industrial,hybrid_original,dind-rs24.ru-f0ddc824358ea6a4,4072.893800010206,1,4072.893800010206,4072.893800010206
industrial,hybrid_original,dind-spb.kuvalda.ru-766cff99f79845f2,4121.508900017943,1,4121.508900017943,4121.508900017943
industrial,hybrid_original,dind-spb.tara.ru-6339f71a84c7fe3f,8258.291500009364,1,8258.291500009364,8258.291500009364
industrial,hybrid_original,dind-spb.tara.ru-a5b72707164fdaac,2622.086599993054,1,2622.086599993054,2622.086599993054
industrial,hybrid_original,dind-spb.tara.ru-b247ce637fbd5bab,2826.843699993333,1,2826.843699993333,2826.843699993333
industrial,hybrid_original,dind-spb.tara.ru-c058547a7f8a948e,2537.14860000764,1,2537.14860000764,2537.14860000764
industrial,hybrid_original,dind-spb.tara.ru-e38223cfffcc86d0,8984.11579997628,1,8984.11579997628,8984.11579997628
industrial,hybrid_original,dind-spb.tara.ru-eb7917756d3e38ce,8012.9672000184655,1,8012.9672000184655,8012.9672000184655
industrial,hybrid_original,dind-tara.ru-29a986a694d3d56c,11532.417600014014,1,11532.417600014014,11532.417600014014
industrial,hybrid_original,dind-tara.ru-5dd436ea3dedcde3,2326.539600006072,1,2326.539600006072,2326.539600006072
industrial,hybrid_original,dind-tara.ru-79d24cb7a3d97e32,8562.498200015398,1,8562.498200015398,8562.498200015398
industrial,hybrid_original,dind-tara.ru-996aa6565fe64523,3031.1608999909367,1,3031.1608999909367,3031.1608999909367
industrial,hybrid_original,dind-vseinstrumenti.ru-f1a5402edd7ade81,14911.030799994478,1,14911.030799994478,14911.030799994478
industrial,hybrid_original,dind-wildberries.ru-ef3f50265721d3c2,13776.236800011247,1,13776.236800011247,13776.236800011247
industrial,hybrid_original,dind-ximtek.ru-940ff623d7a49c34,4482.175599987386,1,4482.175599987386,4482.175599987386
industrial,hybrid_original,dind-ximtek.ru-98dac1b01cd67510,8189.211899996735,1,8189.211899996735,8189.211899996735
industrial,hybrid_original,dind-ximtek.ru-a6bdec3f9b446bd1,12354.599300015252,1,12354.599300015252,12354.599300015252
industrial,hybrid_original,dind-ximtek.ru-abe2b1a972996824,5443.491500016535,1,5443.491500016535,5443.491500016535
industrial,hybrid_original,dind-ximtek.ru-c35012c3b47572b1,11297.141999995802,1,11297.141999995802,11297.141999995802
industrial,hybrid_original,dind-ximtek.ru-f97bddb789d6b997,11758.593300008215,1,11758.593300008215,11758.593300008215
robustness,hybrid_original,syn-0003__class_rename__01,9630.20470002084,1,9630.20470002084,9630.20470002084
robustness,hybrid_original,syn-0003__class_rename__02,7884.230099996785,1,7884.230099996785,7884.230099996785
robustness,hybrid_original,syn-0003__class_rename__03,6755.669600010151,1,6755.669600010151,6755.669600010151
robustness,hybrid_original,syn-0005__class_rename__01,9138.498100015568,1,9138.498100015568,9138.498100015568
robustness,hybrid_original,syn-0005__class_rename__02,5612.213200016413,1,5612.213200016413,5612.213200016413
robustness,hybrid_original,syn-0005__class_rename__03,10005.420700006653,1,10005.420700006653,10005.420700006653
robustness,hybrid_original,syn-0005__field_reorder__01,8400.757299998077,1,8400.757299998077,8400.757299998077
robustness,hybrid_original,syn-0005__field_reorder__02,8986.449499992887,1,8986.449499992887,8986.449499992887
robustness,hybrid_original,syn-0005__subtree_relocate__01,6341.7597000079695,1,6341.7597000079695,6341.7597000079695
robustness,hybrid_original,syn-0005__subtree_relocate__02,10356.159899994964,1,10356.159899994964,10356.159899994964
robustness,hybrid_original,syn-0005__wrapper_insert__01,5450.120599998627,1,5450.120599998627,5450.120599998627
robustness,hybrid_original,syn-0005__wrapper_insert__02,10025.251400016714,1,10025.251400016714,10025.251400016714
robustness,hybrid_original,syn-0005__wrapper_insert__03,8243.580099981045,1,8243.580099981045,8243.580099981045
robustness,hybrid_original,syn-0006__class_rename__01,8648.515800014138,1,8648.515800014138,8648.515800014138
robustness,hybrid_original,syn-0006__class_rename__02,4825.568699976429,1,4825.568699976429,4825.568699976429
robustness,hybrid_original,syn-0006__class_rename__03,7015.703000011854,1,7015.703000011854,7015.703000011854
robustness,hybrid_original,syn-0006__field_reorder__01,5742.180899978848,1,5742.180899978848,5742.180899978848
robustness,hybrid_original,syn-0006__field_reorder__02,6651.281900005415,1,6651.281900005415,6651.281900005415
robustness,hybrid_original,syn-0006__subtree_relocate__01,6425.1046999997925,1,6425.1046999997925,6425.1046999997925
robustness,hybrid_original,syn-0006__subtree_relocate__02,8198.302900011186,1,8198.302900011186,8198.302900011186
robustness,hybrid_original,syn-0006__wrapper_insert__01,6441.686900012428,1,6441.686900012428,6441.686900012428
robustness,hybrid_original,syn-0006__wrapper_insert__02,4727.433100022608,1,4727.433100022608,4727.433100022608
robustness,hybrid_original,syn-0006__wrapper_insert__03,7614.776000002166,1,7614.776000002166,7614.776000002166
robustness,hybrid_original,syn-0008__class_rename__01,8226.881999988109,1,8226.881999988109,8226.881999988109
robustness,hybrid_original,syn-0008__class_rename__02,5279.2683000152465,1,5279.2683000152465,5279.2683000152465
robustness,hybrid_original,syn-0008__class_rename__03,7903.560799983097,1,7903.560799983097,7903.560799983097
robustness,hybrid_original,syn-0008__field_reorder__01,8444.202500017127,1,8444.202500017127,8444.202500017127
robustness,hybrid_original,syn-0008__field_reorder__02,8232.947999989847,1,8232.947999989847,8232.947999989847
robustness,hybrid_original,syn-0008__subtree_relocate__01,9069.992999982787,1,9069.992999982787,9069.992999982787
robustness,hybrid_original,syn-0008__subtree_relocate__02,5933.753699995577,1,5933.753699995577,5933.753699995577
robustness,hybrid_original,syn-0008__wrapper_insert__01,5185.5532999907155,1,5185.5532999907155,5185.5532999907155
robustness,hybrid_original,syn-0008__wrapper_insert__02,8020.616800000425,1,8020.616800000425,8020.616800000425
robustness,hybrid_original,syn-0008__wrapper_insert__03,7659.353099996224,1,7659.353099996224,7659.353099996224
robustness,hybrid_original,syn-0009__class_rename__01,9019.769699982135,1,9019.769699982135,9019.769699982135
robustness,hybrid_original,syn-0009__class_rename__02,10379.916900012176,1,10379.916900012176,10379.916900012176
robustness,hybrid_original,syn-0009__class_rename__03,9126.303700002609,1,9126.303700002609,9126.303700002609
robustness,hybrid_original,syn-0009__field_reorder__01,8574.98740000301,1,8574.98740000301,8574.98740000301
robustness,hybrid_original,syn-0009__field_reorder__02,8488.213300006464,1,8488.213300006464,8488.213300006464
robustness,hybrid_original,syn-0009__subtree_relocate__01,9043.68840000825,1,9043.68840000825,9043.68840000825
robustness,hybrid_original,syn-0009__subtree_relocate__02,7059.611700009555,1,7059.611700009555,7059.611700009555
robustness,hybrid_original,syn-0009__wrapper_insert__01,8763.969999999972,1,8763.969999999972,8763.969999999972
robustness,hybrid_original,syn-0009__wrapper_insert__02,7457.9327999963425,1,7457.9327999963425,7457.9327999963425
robustness,hybrid_original,syn-0009__wrapper_insert__03,8986.664099997142,1,8986.664099997142,8986.664099997142
robustness,hybrid_original,syn-0013__class_rename__01,8907.243699999526,1,8907.243699999526,8907.243699999526
robustness,hybrid_original,syn-0013__class_rename__02,9218.475100002252,1,9218.475100002252,9218.475100002252
robustness,hybrid_original,syn-0013__class_rename__03,9295.55770001025,1,9295.55770001025,9295.55770001025
robustness,hybrid_original,syn-0015__class_rename__01,9358.309500006726,1,9358.309500006726,9358.309500006726
robustness,hybrid_original,syn-0015__class_rename__02,8558.442000008654,1,8558.442000008654,8558.442000008654
robustness,hybrid_original,syn-0015__class_rename__03,10553.725600009784,1,10553.725600009784,10553.725600009784
robustness,hybrid_original,syn-0015__field_reorder__01,8040.3885999985505,1,8040.3885999985505,8040.3885999985505
robustness,hybrid_original,syn-0015__field_reorder__02,8070.200799993472,1,8070.200799993472,8070.200799993472
robustness,hybrid_original,syn-0015__subtree_relocate__01,11208.091000007698,1,11208.091000007698,11208.091000007698
robustness,hybrid_original,syn-0015__subtree_relocate__02,8493.087099981494,1,8493.087099981494,8493.087099981494
robustness,hybrid_original,syn-0015__wrapper_insert__01,7475.588999979664,1,7475.588999979664,7475.588999979664
robustness,hybrid_original,syn-0015__wrapper_insert__02,8275.795800000196,1,8275.795800000196,8275.795800000196
robustness,hybrid_original,syn-0015__wrapper_insert__03,8922.849199996563,1,8922.849199996563,8922.849199996563
robustness,hybrid_original,syn-0016__class_rename__01,7448.860800010152,1,7448.860800010152,7448.860800010152
robustness,hybrid_original,syn-0016__class_rename__02,5314.414199994644,1,5314.414199994644,5314.414199994644
robustness,hybrid_original,syn-0016__class_rename__03,7385.102400003234,1,7385.102400003234,7385.102400003234
robustness,hybrid_original,syn-0016__field_reorder__01,5318.746799981454,1,5318.746799981454,5318.746799981454
robustness,hybrid_original,syn-0016__field_reorder__02,7547.507599985693,1,7547.507599985693,7547.507599985693
robustness,hybrid_original,syn-0016__subtree_relocate__01,8213.76689997851,1,8213.76689997851,8213.76689997851
robustness,hybrid_original,syn-0016__subtree_relocate__02,6654.755499999737,1,6654.755499999737,6654.755499999737
robustness,hybrid_original,syn-0016__wrapper_insert__01,5201.495500019519,1,5201.495500019519,5201.495500019519
robustness,hybrid_original,syn-0016__wrapper_insert__02,6304.597600013949,1,6304.597600013949,6304.597600013949
robustness,hybrid_original,syn-0016__wrapper_insert__03,5786.84320001048,1,5786.84320001048,5786.84320001048
robustness,hybrid_original,syn-0018__class_rename__01,7358.805399999255,1,7358.805399999255,7358.805399999255
robustness,hybrid_original,syn-0018__class_rename__02,8032.191200007219,1,8032.191200007219,8032.191200007219
robustness,hybrid_original,syn-0018__class_rename__03,5894.245699979365,1,5894.245699979365,5894.245699979365
robustness,hybrid_original,syn-0018__field_reorder__01,8023.520199989434,1,8023.520199989434,8023.520199989434
robustness,hybrid_original,syn-0018__field_reorder__02,11851.586099975975,1,11851.586099975975,11851.586099975975
robustness,hybrid_original,syn-0018__subtree_relocate__01,8178.049199981615,1,8178.049199981615,8178.049199981615
robustness,hybrid_original,syn-0018__subtree_relocate__02,7914.010599983158,1,7914.010599983158,7914.010599983158
robustness,hybrid_original,syn-0018__wrapper_insert__01,7922.22799998126,1,7922.22799998126,7922.22799998126
robustness,hybrid_original,syn-0018__wrapper_insert__02,7729.809299984481,1,7729.809299984481,7729.809299984481
robustness,hybrid_original,syn-0018__wrapper_insert__03,9119.973699998809,1,9119.973699998809,9119.973699998809
robustness,hybrid_original,syn-0019__class_rename__01,12646.065899985842,1,12646.065899985842,12646.065899985842
robustness,hybrid_original,syn-0019__class_rename__02,7711.480900004972,1,7711.480900004972,7711.480900004972
robustness,hybrid_original,syn-0019__class_rename__03,5357.527100015432,1,5357.527100015432,5357.527100015432
robustness,hybrid_original,syn-0019__field_reorder__01,6218.999499978963,1,6218.999499978963,6218.999499978963
robustness,hybrid_original,syn-0019__field_reorder__02,5840.70289999363,1,5840.70289999363,5840.70289999363
robustness,hybrid_original,syn-0019__subtree_relocate__01,7532.905000000028,1,7532.905000000028,7532.905000000028
robustness,hybrid_original,syn-0019__subtree_relocate__02,5627.7751000016,1,5627.7751000016,5627.7751000016
robustness,hybrid_original,syn-0019__wrapper_insert__01,10276.116900000488,1,10276.116900000488,10276.116900000488
robustness,hybrid_original,syn-0019__wrapper_insert__02,5869.672300003003,1,5869.672300003003,5869.672300003003
robustness,hybrid_original,syn-0019__wrapper_insert__03,9843.526799988467,1,9843.526799988467,9843.526799988467
synthetic,hybrid_original,syn-0005,9086.828900006367,1,9086.828900006367,9086.828900006367
synthetic,hybrid_original,syn-0006,7498.931000009179,1,7498.931000009179,7498.931000009179
synthetic,hybrid_original,syn-0008,9073.043500015046,1,9073.043500015046,9073.043500015046
synthetic,hybrid_original,syn-0009,5281.007999990834,1,5281.007999990834,5281.007999990834
synthetic,hybrid_original,syn-0015,5277.774999995017,1,5277.774999995017,5277.774999995017
synthetic,hybrid_original,syn-0016,7312.699500005692,1,7312.699500005692,7312.699500005692
synthetic,hybrid_original,syn-0018,5748.11650000629,1,5748.11650000629,5748.11650000629
synthetic,hybrid_original,syn-0019,5450.692499987781,1,5450.692499987781,5450.692499987781
