benchmark_run_id,dataset,variant,measure,bin_lower,bin_upper,lower_inclusive,upper_inclusive,count,n_comparable_pairs
20261001T104302Z-c0d62aae,industrial,b1_jsonld,name_similarity,0.0,0.1,True,True,0,2
20261001T104302Z-c0d62aae,industrial,b1_jsonld,name_similarity,0.1,0.2,False,True,0,2
20261001T104302Z-c0d62aae,industrial,b1_jsonld,name_similarity,0.2,0.3,False,True,0,2
20261001T104302Z-c0d62aae,industrial,b1_jsonld,name_similarity,0.3,0.4,False,True,2,2
20261001T104302Z-c0d62aae,industrial,b1_jsonld,name_similarity,0.4,0.5,False,True,0,2
20261001T104302Z-c0d62aae,industrial,b1_jsonld,name_similarity,0.5,0.6,False,True,0,2
20261001T104302Z-c0d62aae,industrial,b1_jsonld,name_similarity,0.6,0.7,False,True,0,2
20261001T104302Z-c0d62aae,industrial,b1_jsonld,name_similarity,0.7,0.8,False,True,0,2
20261001T104302Z-c0d62aae,industrial,b1_jsonld,name_similarity,0.8,0.9,False,True,0,2
20261001T104302Z-c0d62aae,industrial,b1_jsonld,name_similarity,0.9,1.0,False,True,0,2
20261001T104302Z-c0d62aae,industrial,b1_jsonld,absolute_relative_price_error,0.0,0.01,True,True,0,2
20261001T104302Z-c0d62aae,industrial,b1_jsonld,absolute_relative_price_error,0.01,0.05,False,True,0,2
20261001T104302Z-c0d62aae,industrial,b1_jsonld,absolute_relative_price_error,0.05,0.1,False,True,0,2
20261001T104302Z-c0d62aae,industrial,b1_jsonld,absolute_relative_price_error,0.1,0.25,False,True,0,2
20261001T104302Z-c0d62aae,industrial,b1_jsonld,absolute_relative_price_error,0.25,0.5,False,True,1,2
20261001T104302Z-c0d62aae,industrial,b1_jsonld,absolute_relative_price_error,0.5,1.0,False,True,1,2
20261001T104302Z-c0d62aae,industrial,b1_jsonld,absolute_relative_price_error,1.0,,False,True,0,2
20261001T104302Z-c0d62aae,industrial,b2_css,name_similarity,0.0,0.1,True,True,307,4556
20261001T104302Z-c0d62aae,industrial,b2_css,name_similarity,0.1,0.2,False,True,549,4556
20261001T104302Z-c0d62aae,industrial,b2_css,name_similarity,0.2,0.3,False,True,39,4556
20261001T104302Z-c0d62aae,industrial,b2_css,name_similarity,0.3,0.4,False,True,1,4556
20261001T104302Z-c0d62aae,industrial,b2_css,name_similarity,0.4,0.5,False,True,2,4556
20261001T104302Z-c0d62aae,industrial,b2_css,name_similarity,0.5,0.6,False,True,20,4556
20261001T104302Z-c0d62aae,industrial,b2_css,name_similarity,0.6,0.7,False,True,158,4556
20261001T104302Z-c0d62aae,industrial,b2_css,name_similarity,0.7,0.8,False,True,394,4556
20261001T104302Z-c0d62aae,industrial,b2_css,name_similarity,0.8,0.9,False,True,465,4556
20261001T104302Z-c0d62aae,industrial,b2_css,name_similarity,0.9,1.0,False,True,2621,4556
20261001T104302Z-c0d62aae,industrial,b2_css,absolute_relative_price_error,0.0,0.01,True,True,3079,3529
20261001T104302Z-c0d62aae,industrial,b2_css,absolute_relative_price_error,0.01,0.05,False,True,0,3529
20261001T104302Z-c0d62aae,industrial,b2_css,absolute_relative_price_error,0.05,0.1,False,True,35,3529
20261001T104302Z-c0d62aae,industrial,b2_css,absolute_relative_price_error,0.1,0.25,False,True,85,3529
20261001T104302Z-c0d62aae,industrial,b2_css,absolute_relative_price_error,0.25,0.5,False,True,44,3529
20261001T104302Z-c0d62aae,industrial,b2_css,absolute_relative_price_error,0.5,1.0,False,True,4,3529
20261001T104302Z-c0d62aae,industrial,b2_css,absolute_relative_price_error,1.0,,False,True,282,3529
