benchmark_run_id,dataset,variant,group_level,group_dimension,group_value,n_pages,n_entities,n_predictions,n_priced,n_price_absent,unexpected_price_FP,entity_TP,entity_FP,entity_FN,name_TP,name_FP,name_FN,price_TP,price_FP,price_FN,entity_P,entity_R,entity_F1,name_P,name_R,name_F1,price_P,price_R,price_F1,page_TP,page_FP,page_FN,page_TN,page_accuracy,macro_page_entity_F1,macro_page_name_F1,macro_page_price_F1
20261003T183020Z-b6869124,robustness,llm_full_html,page,source,synthetic-shop.local,200,4200,4200,4200,0,0,4200,0,0,4200,0,0,4200,0,0,1.0,1.0,1.0,1.0,1.0,1.0,1.0,1.0,1.0,200.0,0.0,0.0,0.0,1.0,1.0,1.0,1.0
20261003T183020Z-b6869124,robustness,llm_full_html,page,page_status,positive,200,4200,4200,4200,0,0,4200,0,0,4200,0,0,4200,0,0,1.0,1.0,1.0,1.0,1.0,1.0,1.0,1.0,1.0,200.0,0.0,0.0,0.0,1.0,1.0,1.0,1.0
20261003T183020Z-b6869124,robustness,llm_full_html,page,query,<unmatched_or_unlabeled>,200,4200,4200,4200,0,0,4200,0,0,4200,0,0,4200,0,0,1.0,1.0,1.0,1.0,1.0,1.0,1.0,1.0,1.0,200.0,0.0,0.0,0.0,1.0,1.0,1.0,1.0
20261003T183020Z-b6869124,robustness,llm_full_html,page,location,<unmatched_or_unlabeled>,200,4200,4200,4200,0,0,4200,0,0,4200,0,0,4200,0,0,1.0,1.0,1.0,1.0,1.0,1.0,1.0,1.0,1.0,200.0,0.0,0.0,0.0,1.0,1.0,1.0,1.0
20261003T183020Z-b6869124,robustness,llm_full_html,page,route,<unmatched_or_unlabeled>,200,4200,4200,4200,0,0,4200,0,0,4200,0,0,4200,0,0,1.0,1.0,1.0,1.0,1.0,1.0,1.0,1.0,1.0,200.0,0.0,0.0,0.0,1.0,1.0,1.0,1.0
20261003T183020Z-b6869124,robustness,llm_full_html,page,page_meta__base_template,jsonld_cards,20,420,420,420,0,0,420,0,0,420,0,0,420,0,0,1.0,1.0,1.0,1.0,1.0,1.0,1.0,1.0,1.0,20.0,0.0,0.0,0.0,1.0,1.0,1.0,1.0
20261003T183020Z-b6869124,robustness,llm_full_html,page,page_meta__base_template,microdata_cards,20,420,420,420,0,0,420,0,0,420,0,0,420,0,0,1.0,1.0,1.0,1.0,1.0,1.0,1.0,1.0,1.0,20.0,0.0,0.0,0.0,1.0,1.0,1.0,1.0
20261003T183020Z-b6869124,robustness,llm_full_html,page,page_meta__base_template,plain_cards,20,420,420,420,0,0,420,0,0,420,0,0,420,0,0,1.0,1.0,1.0,1.0,1.0,1.0,1.0,1.0,1.0,20.0,0.0,0.0,0.0,1.0,1.0,1.0,1.0
20261003T183020Z-b6869124,robustness,llm_full_html,page,page_meta__base_template,embedded_state,20,420,420,420,0,0,420,0,0,420,0,0,420,0,0,1.0,1.0,1.0,1.0,1.0,1.0,1.0,1.0,1.0,20.0,0.0,0.0,0.0,1.0,1.0,1.0,1.0
20261003T183020Z-b6869124,robustness,llm_full_html,page,page_meta__base_template,detail_grid,20,420,420,420,0,0,420,0,0,420,0,0,420,0,0,1.0,1.0,1.0,1.0,1.0,1.0,1.0,1.0,1.0,20.0,0.0,0.0,0.0,1.0,1.0,1.0,1.0
20261003T183020Z-b6869124,robustness,llm_full_html,page,page_meta__base_template,table_listing,20,420,420,420,0,0,420,0,0,420,0,0,420,0,0,1.0,1.0,1.0,1.0,1.0,1.0,1.0,1.0,1.0,20.0,0.0,0.0,0.0,1.0,1.0,1.0,1.0
20261003T183020Z-b6869124,robustness,llm_full_html,page,page_meta__base_template,semantic_articles,20,420,420,420,0,0,420,0,0,420,0,0,420,0,0,1.0,1.0,1.0,1.0,1.0,1.0,1.0,1.0,1.0,20.0,0.0,0.0,0.0,1.0,1.0,1.0,1.0
20261003T183020Z-b6869124,robustness,llm_full_html,page,page_meta__base_template,data_attrs,20,420,420,420,0,0,420,0,0,420,0,0,420,0,0,1.0,1.0,1.0,1.0,1.0,1.0,1.0,1.0,1.0,20.0,0.0,0.0,0.0,1.0,1.0,1.0,1.0
20261003T183020Z-b6869124,robustness,llm_full_html,page,page_meta__base_template,nested_cards,20,420,420,420,0,0,420,0,0,420,0,0,420,0,0,1.0,1.0,1.0,1.0,1.0,1.0,1.0,1.0,1.0,20.0,0.0,0.0,0.0,1.0,1.0,1.0,1.0
20261003T183020Z-b6869124,robustness,llm_full_html,page,page_meta__base_template,mixed_markup,20,420,420,420,0,0,420,0,0,420,0,0,420,0,0,1.0,1.0,1.0,1.0,1.0,1.0,1.0,1.0,1.0,20.0,0.0,0.0,0.0,1.0,1.0,1.0,1.0
20261003T183020Z-b6869124,robustness,llm_full_html,page,page_meta__category,construction_instruments,100,2100,2100,2100,0,0,2100,0,0,2100,0,0,2100,0,0,1.0,1.0,1.0,1.0,1.0,1.0,1.0,1.0,1.0,100.0,0.0,0.0,0.0,1.0,1.0,1.0,1.0
20261003T183020Z-b6869124,robustness,llm_full_html,page,page_meta__category,stationery,40,840,840,840,0,0,840,0,0,840,0,0,840,0,0,1.0,1.0,1.0,1.0,1.0,1.0,1.0,1.0,1.0,40.0,0.0,0.0,0.0,1.0,1.0,1.0,1.0
20261003T183020Z-b6869124,robustness,llm_full_html,page,page_meta__category,electronics,40,840,840,840,0,0,840,0,0,840,0,0,840,0,0,1.0,1.0,1.0,1.0,1.0,1.0,1.0,1.0,1.0,40.0,0.0,0.0,0.0,1.0,1.0,1.0,1.0
20261003T183020Z-b6869124,robustness,llm_full_html,page,page_meta__category,other,20,420,420,420,0,0,420,0,0,420,0,0,420,0,0,1.0,1.0,1.0,1.0,1.0,1.0,1.0,1.0,1.0,20.0,0.0,0.0,0.0,1.0,1.0,1.0,1.0
20261003T183020Z-b6869124,robustness,llm_full_html,page,page_meta__mutation_axis,class_rename,60,1260,1260,1260,0,0,1260,0,0,1260,0,0,1260,0,0,1.0,1.0,1.0,1.0,1.0,1.0,1.0,1.0,1.0,60.0,0.0,0.0,0.0,1.0,1.0,1.0,1.0
20261003T183020Z-b6869124,robustness,llm_full_html,page,page_meta__mutation_axis,wrapper_insert,60,1260,1260,1260,0,0,1260,0,0,1260,0,0,1260,0,0,1.0,1.0,1.0,1.0,1.0,1.0,1.0,1.0,1.0,60.0,0.0,0.0,0.0,1.0,1.0,1.0,1.0
20261003T183020Z-b6869124,robustness,llm_full_html,page,page_meta__mutation_axis,field_reorder,40,840,840,840,0,0,840,0,0,840,0,0,840,0,0,1.0,1.0,1.0,1.0,1.0,1.0,1.0,1.0,1.0,40.0,0.0,0.0,0.0,1.0,1.0,1.0,1.0
20261003T183020Z-b6869124,robustness,llm_full_html,page,page_meta__mutation_axis,subtree_relocate,40,840,840,840,0,0,840,0,0,840,0,0,840,0,0,1.0,1.0,1.0,1.0,1.0,1.0,1.0,1.0,1.0,40.0,0.0,0.0,0.0,1.0,1.0,1.0,1.0
20261003T183020Z-b6869124,robustness,llm_full_html,page,page_meta__variant_idx,1,80,1680,1680,1680,0,0,1680,0,0,1680,0,0,1680,0,0,1.0,1.0,1.0,1.0,1.0,1.0,1.0,1.0,1.0,80.0,0.0,0.0,0.0,1.0,1.0,1.0,1.0
20261003T183020Z-b6869124,robustness,llm_full_html,page,page_meta__variant_idx,2,80,1680,1680,1680,0,0,1680,0,0,1680,0,0,1680,0,0,1.0,1.0,1.0,1.0,1.0,1.0,1.0,1.0,1.0,80.0,0.0,0.0,0.0,1.0,1.0,1.0,1.0
20261003T183020Z-b6869124,robustness,llm_full_html,page,page_meta__variant_idx,3,40,840,840,840,0,0,840,0,0,840,0,0,840,0,0,1.0,1.0,1.0,1.0,1.0,1.0,1.0,1.0,1.0,40.0,0.0,0.0,0.0,1.0,1.0,1.0,1.0
20261003T183020Z-b6869124,robustness,llm_full_html,entity,gt_price_state,present,200,4200,4200,4200,0,0,4200,0,0,4200,0,0,4200,0,0,1.0,1.0,1.0,1.0,1.0,1.0,1.0,1.0,1.0,,,,,,,,
20261003T183020Z-b6869124,robustness,llm_full_html,entity,gt_meta__category,construction_instruments,100,2100,2100,2100,0,0,2100,0,0,2100,0,0,2100,0,0,1.0,1.0,1.0,1.0,1.0,1.0,1.0,1.0,1.0,,,,,,,,
20261003T183020Z-b6869124,robustness,llm_full_html,entity,gt_meta__category,stationery,40,840,840,840,0,0,840,0,0,840,0,0,840,0,0,1.0,1.0,1.0,1.0,1.0,1.0,1.0,1.0,1.0,,,,,,,,
20261003T183020Z-b6869124,robustness,llm_full_html,entity,gt_meta__category,electronics,40,840,840,840,0,0,840,0,0,840,0,0,840,0,0,1.0,1.0,1.0,1.0,1.0,1.0,1.0,1.0,1.0,,,,,,,,
20261003T183020Z-b6869124,robustness,llm_full_html,entity,gt_meta__category,other,20,420,420,420,0,0,420,0,0,420,0,0,420,0,0,1.0,1.0,1.0,1.0,1.0,1.0,1.0,1.0,1.0,,,,,,,,
20261003T183020Z-b6869124,robustness,llm_full_html,entity,gt_meta__subcategory,construction_instruments,100,2100,2100,2100,0,0,2100,0,0,2100,0,0,2100,0,0,1.0,1.0,1.0,1.0,1.0,1.0,1.0,1.0,1.0,,,,,,,,
20261003T183020Z-b6869124,robustness,llm_full_html,entity,gt_meta__subcategory,stationery,40,840,840,840,0,0,840,0,0,840,0,0,840,0,0,1.0,1.0,1.0,1.0,1.0,1.0,1.0,1.0,1.0,,,,,,,,
20261003T183020Z-b6869124,robustness,llm_full_html,entity,gt_meta__subcategory,electronics,40,840,840,840,0,0,840,0,0,840,0,0,840,0,0,1.0,1.0,1.0,1.0,1.0,1.0,1.0,1.0,1.0,,,,,,,,
20261003T183020Z-b6869124,robustness,llm_full_html,entity,gt_meta__subcategory,containers,20,180,180,180,0,0,180,0,0,180,0,0,180,0,0,1.0,1.0,1.0,1.0,1.0,1.0,1.0,1.0,1.0,,,,,,,,
20261003T183020Z-b6869124,robustness,llm_full_html,entity,gt_meta__subcategory,household_chemicals,20,120,120,120,0,0,120,0,0,120,0,0,120,0,0,1.0,1.0,1.0,1.0,1.0,1.0,1.0,1.0,1.0,,,,,,,,
20261003T183020Z-b6869124,robustness,llm_full_html,entity,gt_meta__subcategory,ppe,20,120,120,120,0,0,120,0,0,120,0,0,120,0,0,1.0,1.0,1.0,1.0,1.0,1.0,1.0,1.0,1.0,,,,,,,,
