benchmark_run_id,dataset,variant,page_id,html_key,html_file,source,extraction_status,skip_reason,html_read_ms,html_parse_ms,extract_ms,candidate_count,deduplicated_count,returned_count,candidate_limit_hit,error_type,error_message,error_traceback,replay_cached,llm_attempts,new_llm_attempts,request_sha256,rejected_count
20261003T183020Z-b6869124,industrial,llm_full_html,dind-bigam.ru-4c31321224ca0dfb,bigam.ru-run-070e415b.html,html/bigam.ru-run-070e415b.html,bigam.ru,ok,,,,,20.0,20.0,20.0,False,,,,True,1.0,0.0,5652a92aa6c2b840ba4d40592c795f81ee2bcdce291a738f6e63a69d659e6422,0.0
20261003T183020Z-b6869124,industrial,llm_full_html,dind-bigam.ru-f2294a326cfcba05,bigam.ru-run-1a7ee5bc.html,html/bigam.ru-run-1a7ee5bc.html,bigam.ru,ok,,,,44888.260999985505,20.0,20.0,20.0,False,,,,False,4.0,1.0,313e9d53ef8faf0ac66df4a845511a36772dd98eec3030f890d944afef06ed7b,0.0
20261003T183020Z-b6869124,industrial,llm_full_html,dind-bigam.ru-053b5e451a07d93b,bigam.ru-run-25730645.html,html/bigam.ru-run-25730645.html,bigam.ru,ok,,,,51925.177500001155,20.0,20.0,20.0,False,,,,False,4.0,1.0,d87a2a6a0a25303e911c72f5fe25e25acb20fec75a2f7a77e38b3931f7fa09f5,0.0
20261003T183020Z-b6869124,industrial,llm_full_html,dind-bigam.ru-a17e0c3e4a6faaf2,bigam.ru-run-401e5667.html,html/bigam.ru-run-401e5667.html,bigam.ru,ok,,,,48447.01790000545,20.0,20.0,20.0,False,,,,False,4.0,1.0,579230b85876ba492fdff73ee98542b4111acb7d5203b09f2dc65e940d952d3f,0.0
20261003T183020Z-b6869124,industrial,llm_full_html,dind-bigam.ru-c6cf7468e0715e1f,bigam.ru-run-4671429e.html,html/bigam.ru-run-4671429e.html,bigam.ru,ok,,,,65246.41100000008,30.0,30.0,30.0,False,,,,False,4.0,1.0,858249ca5312a12065cce945506e761a02d80f96a8ac4e19f3a513910412e931,0.0
20261003T183020Z-b6869124,industrial,llm_full_html,dind-bigam.ru-d64d3122a4ac0d62,bigam.ru-run-4d6dca4d.html,html/bigam.ru-run-4d6dca4d.html,bigam.ru,ok,,,,44154.372000019066,20.0,20.0,20.0,False,,,,False,4.0,1.0,92256f6ac0723b278614b47611155cf8069594aeda2f0b7acfbcfe27ee88aa63,0.0
20261003T183020Z-b6869124,industrial,llm_full_html,dind-bigam.ru-9d6f5f15a221a4b8,bigam.ru-run-5ce6eea7.html,html/bigam.ru-run-5ce6eea7.html,bigam.ru,ok,,,,43255.72570000077,15.0,15.0,15.0,False,,,,False,4.0,1.0,40931d4980c010b8f93e450191bbc1bbaa36a20dcc2e7e738b2e1f5418385ace,0.0
20261003T183020Z-b6869124,industrial,llm_full_html,dind-bigam.ru-0b40accb7c68a78f,bigam.ru-run-8ce98d27.html,html/bigam.ru-run-8ce98d27.html,bigam.ru,ok,,,,45375.55189998238,20.0,20.0,20.0,False,,,,False,4.0,1.0,4e660f2728aad56da6ae552423a537bef0621a9b56372506443974a9bd44442c,0.0
20261003T183020Z-b6869124,industrial,llm_full_html,dind-bigam.ru-924b98be2f260451,bigam.ru-run-a4614cf8.html,html/bigam.ru-run-a4614cf8.html,bigam.ru,ok,,,,46640.93929997762,20.0,20.0,20.0,False,,,,False,4.0,1.0,e2c5b9b51ed4dfb763bb63875fff10699838c8f22ff3b6790284bd0ba44a279d,0.0
20261003T183020Z-b6869124,industrial,llm_full_html,dind-bigam.ru-28741ad7ac8f3e85,bigam.ru-run-c32f0a7d.html,html/bigam.ru-run-c32f0a7d.html,bigam.ru,ok,,,,43755.03070000559,20.0,20.0,20.0,False,,,,False,4.0,1.0,1124295016103d2572e16549aa0cd132f33ce5dd4aa59f7efa07c63c8dd3adb4,0.0
20261003T183020Z-b6869124,industrial,llm_full_html,dind-bigam.ru-f9a11490fa2ea0fe,bigam.ru-run-d479cc88.html,html/bigam.ru-run-d479cc88.html,bigam.ru,ok,,,,74480.3023999848,20.0,20.0,20.0,False,,,,False,4.0,1.0,1b3b82ee3e71e60f1a65786f1690796ff927b94a088e0a4d2eb0f3ba05df95ef,0.0
20261003T183020Z-b6869124,industrial,llm_full_html,dind-bigam.ru-06af9e1233a99d5f,bigam.ru-run-e6a01e2a.html,html/bigam.ru-run-e6a01e2a.html,bigam.ru,ok,,,,47328.37249999284,20.0,20.0,20.0,False,,,,False,4.0,1.0,9e829e14886e91d24a7d6f26f63541c9e73f4f6d1c970d895363887f031c0f32,0.0
20261003T183020Z-b6869124,industrial,llm_full_html,dind-bigam.ru-989575fef6752559,bigam.ru-run-f440dfcf.html,html/bigam.ru-run-f440dfcf.html,bigam.ru,ok,,,,74061.05279998155,35.0,35.0,35.0,False,,,,False,4.0,1.0,0733fe70e042865395d15acdab8cfce7560f0c48b2b3fadcf6e4829b4606f485,0.0
20261003T183020Z-b6869124,industrial,llm_full_html,dind-chipdip.ru-4f407af0c36f72b6,chipdip.ru-run-none1.html,html/chipdip.ru-run-none1.html,chipdip.ru,ok,,,,59514.76459999685,25.0,25.0,25.0,False,,,,False,4.0,1.0,9f5058800e1e2c94dd79da17120d40ba6f9b43b192150c14e9b38f0b834d39c8,0.0
20261003T183020Z-b6869124,industrial,llm_full_html,dind-chipdip.ru-ac550c02e68937ba,chipdip.ru-run-4d6dca4d.html,html/chipdip.ru-run-4d6dca4d.html,chipdip.ru,ok,,,,27171.621199988294,21.0,21.0,21.0,False,,,,False,4.0,1.0,9ee1f82566305f2996cbf086a4d20108dd6fd785f486deeb001dcb3ab3db10bc,0.0
20261003T183020Z-b6869124,industrial,llm_full_html,dind-chipdip.ru-abf1baaa6803c0b8,chipdip.ru-run-8f5bbe64.html,html/chipdip.ru-run-8f5bbe64.html,chipdip.ru,ok,,,,29125.022599997465,21.0,21.0,21.0,False,,,,False,4.0,1.0,c3b84c429862d3689d271cc699196fffe1c74ea552ab9babe1140b774739a782,0.0
20261003T183020Z-b6869124,industrial,llm_full_html,dind-chipdip.ru-8ffd0822c0dc4d40,chipdip.ru-run-90f03fab.html,html/chipdip.ru-run-90f03fab.html,chipdip.ru,ok,,,,,21.0,21.0,21.0,False,,,,True,3.0,0.0,319a5420797bf0fb343e9e10cd8cf2f9b39becfe15fca236034104374ff14340,0.0
20261003T183020Z-b6869124,industrial,llm_full_html,dind-chipdip.ru-0c732437ad22572f,chipdip.ru-run-c0047e44.html,html/chipdip.ru-run-c0047e44.html,chipdip.ru,ok,,,,,21.0,21.0,21.0,False,,,,True,1.0,0.0,fab9fa3062e7efe68e524ff566c09fa5642381a39f3c4fc96ac1059e92673f55,0.0
20261003T183020Z-b6869124,industrial,llm_full_html,dind-chipdip.ru-c2479b21b1035e7c,chipdip.ru-run-dd921485.html,html/chipdip.ru-run-dd921485.html,chipdip.ru,ok,,,,,21.0,21.0,21.0,False,,,,True,1.0,0.0,5a13afc52f33b0fe3958e6d0290d7d10ac1eaf70d02127be7a6a5bbac183feda,0.0
20261003T183020Z-b6869124,industrial,llm_full_html,dind-chipdip.ru-976706e79c2f2987,chipdip.ru-run-e78490cf.html,html/chipdip.ru-run-e78490cf.html,chipdip.ru,ok,,,,,21.0,21.0,21.0,False,,,,True,1.0,0.0,eab39a5422d951f91a3b034a7969e2aae325b3904ef1eed95e2222777b24483d,0.0
20261003T183020Z-b6869124,industrial,llm_full_html,dind-citilink.ru-6930b865e4517478,citilink.ru-run-none1.html,html/citilink.ru-run-none1.html,citilink.ru,ok,,,,,36.0,36.0,36.0,False,,,,True,1.0,0.0,b3294a3151d76632aa840d652998f8881d423c283db2588df4d9c18c030e317d,0.0
20261003T183020Z-b6869124,industrial,llm_full_html,dind-citilink.ru-30da59eb4be8c8d4,citilink.ru-run-none2.html,html/citilink.ru-run-none2.html,citilink.ru,ok,,,,,36.0,36.0,36.0,False,,,,True,1.0,0.0,d385958649aadc7d88d3d91106d64573db0f6ea2df7cbbc7111b8a12266bfb5d,0.0
20261003T183020Z-b6869124,industrial,llm_full_html,dind-citilink.ru-fc3d83fa07e578d5,citilink.ru-run-none3.html,html/citilink.ru-run-none3.html,citilink.ru,ok,,,,,36.0,36.0,36.0,False,,,,True,1.0,0.0,aa0eefb4eebe615a8e6ee0a61ac7bd7e10aec59688149b1d064fce0b62f717c6,0.0
20261003T183020Z-b6869124,industrial,llm_full_html,dind-citilink.ru-4ea974c7ea924633,citilink.ru-run-none4.html,html/citilink.ru-run-none4.html,citilink.ru,ok,,,,,36.0,36.0,36.0,False,,,,True,1.0,0.0,bfecda2ee149b66962ea98c74c7a3b7954e67dbfa97851132fe1fb7751bba685,0.0
20261003T183020Z-b6869124,industrial,llm_full_html,dind-citilink.ru-cda6466bd3c48b51,citilink.ru-run-none5.html,html/citilink.ru-run-none5.html,citilink.ru,ok,,,,,36.0,36.0,36.0,False,,,,True,1.0,0.0,0de703a6fbaa6f87ac7e05d4d7c221a2b299c8e2d4b33090678f2fb732df4de0,0.0
20261003T183020Z-b6869124,industrial,llm_full_html,dind-citilink.ru-e2440ead0d4289d7,citilink.ru-run-none6.html,html/citilink.ru-run-none6.html,citilink.ru,ok,,,,,12.0,12.0,12.0,False,,,,True,1.0,0.0,567b88bac524d3db2fda68bbfe55c7e099c00b5a97051b01b2126eb7c6d26ae7,0.0
20261003T183020Z-b6869124,industrial,llm_full_html,dind-citilink.ru-fb08ef466206eb66,citilink.ru-run-none7.html,html/citilink.ru-run-none7.html,citilink.ru,ok,,,,,36.0,36.0,36.0,False,,,,True,1.0,0.0,4f98db491ab01714415db78a2a20784a4e1b7286b1bbf1e39f5aceffd2bf139e,0.0
20261003T183020Z-b6869124,industrial,llm_full_html,dind-citilink.ru-c3b1bb2ebd5d428a,citilink.ru-run-none8.html,html/citilink.ru-run-none8.html,citilink.ru,ok,,,,,36.0,36.0,36.0,False,,,,True,1.0,0.0,3abc0cd32f767df445e12cf56e4a4bbbcddb68715f3750da69dde3250cadfb77,0.0
20261003T183020Z-b6869124,industrial,llm_full_html,dind-citilink.ru-27ce607b67285dce,citilink.ru-run-none9.html,html/citilink.ru-run-none9.html,citilink.ru,ok,,,,,36.0,36.0,36.0,False,,,,True,1.0,0.0,ca55d17ca354a503753d6ba262b397dee4b065a4a332df833c02b701d5794d03,0.0
20261003T183020Z-b6869124,industrial,llm_full_html,dind-citilink.ru-abcfe4fb034ca5a2,citilink.ru-run-none10.html,html/citilink.ru-run-none10.html,citilink.ru,ok,,,,,36.0,36.0,36.0,False,,,,True,1.0,0.0,87936343e9f96c8c12a2f7a57cb41a8fb43d70f12194d7d5ab7102cf6ff4c2b9,0.0
20261003T183020Z-b6869124,industrial,llm_full_html,dind-citilink.ru-8f6401111a1db657,citilink.ru-run-none11.html,html/citilink.ru-run-none11.html,citilink.ru,ok,,,,,36.0,36.0,36.0,False,,,,True,1.0,0.0,6232d06bd2f58274d6ab2a76f141d786f5500cb26dc9c9054822e6747b5f5c34,0.0
20261003T183020Z-b6869124,industrial,llm_full_html,dind-citilink.ru-10ed9d833757ff85,citilink.ru-run-none12.html,html/citilink.ru-run-none12.html,citilink.ru,ok,,,,,36.0,36.0,36.0,False,,,,True,1.0,0.0,f8eebef01cbf69a55149ce6ee69d12179e206b7bb1841b50ec8ab72debf32f82,0.0
20261003T183020Z-b6869124,industrial,llm_full_html,dind-citilink.ru-c9c5ca4bf5e41894,citilink.ru-run-none13.html,html/citilink.ru-run-none13.html,citilink.ru,ok,,,,,36.0,36.0,36.0,False,,,,True,1.0,0.0,618dfbdf65f773566a2a9482455036588218d963fc51f1d2dfdd4e341eada1e5,0.0
20261003T183020Z-b6869124,industrial,llm_full_html,dind-citilink.ru-c27eb4fecdbb44bb,citilink.ru-run-none14.html,html/citilink.ru-run-none14.html,citilink.ru,ok,,,,,6.0,6.0,6.0,False,,,,True,1.0,0.0,310e50ee85e7f9f0bef755d1714d2f66b1d1f1f9ec5546222de0eb915cf7a1c0,0.0
20261003T183020Z-b6869124,industrial,llm_full_html,dind-cnc.su-60ca64ff8b5db935,cnc.su-run-3e95d0c6.html,html/cnc.su-run-3e95d0c6.html,cnc.su,ok,,,,,0.0,0.0,0.0,False,,,,True,1.0,0.0,9fa9c149529a786687f551b63106291a40575e4ae85f41d06c3bd461f6535ec6,0.0
20261003T183020Z-b6869124,industrial,llm_full_html,dind-cnc.su-3651d593e610dc79,cnc.su-run-76db53a6.html,html/cnc.su-run-76db53a6.html,cnc.su,ok,,,,,20.0,20.0,20.0,False,,,,True,1.0,0.0,e8975db19a7ec02024270457c9b46ca5b7108a09a1f59aeb921b6cdf62189c70,0.0
20261003T183020Z-b6869124,industrial,llm_full_html,dind-cnc.su-aea17eda0f793a5b,cnc.su-run-7b56c8dd.html,html/cnc.su-run-7b56c8dd.html,cnc.su,ok,,,,,20.0,20.0,20.0,False,,,,True,1.0,0.0,ebd228623650c8ba69f36587234186b8e94e6b92f9fd5b955c57afb400bee19b,0.0
20261003T183020Z-b6869124,industrial,llm_full_html,dind-cnc.su-cbe39bad76c5ee58,cnc.su-run-7efc742d.html,html/cnc.su-run-7efc742d.html,cnc.su,ok,,,,,20.0,20.0,20.0,False,,,,True,1.0,0.0,ed12cd0d8be7a9438aabfda2a01f405e1130d124c8d4472aa7f640ec97e38bfc,0.0
20261003T183020Z-b6869124,industrial,llm_full_html,dind-dns-shop.ru-811008815de52c86,dns-shop.ru-run-none1.html,html/dns-shop.ru-run-none1.html,dns-shop.ru,ok,,,,,18.0,18.0,18.0,False,,,,True,1.0,0.0,20c96e6b1af9da3965bdcc14566b07391f187422682dd9697145bf165bf223b4,0.0
20261003T183020Z-b6869124,industrial,llm_full_html,dind-dns-shop.ru-500c72a9307f6bee,dns-shop.ru-run-none2.html,html/dns-shop.ru-run-none2.html,dns-shop.ru,ok,,,,,18.0,18.0,18.0,False,,,,True,1.0,0.0,827499f70e1d67f1a22133921812addc5a6739de7a6afc92882a53ef24fab2a2,0.0
20261003T183020Z-b6869124,industrial,llm_full_html,dind-dns-shop.ru-536061e6205968d4,dns-shop.ru-run-none3.html,html/dns-shop.ru-run-none3.html,dns-shop.ru,ok,,,,,18.0,18.0,18.0,False,,,,True,1.0,0.0,317c89581ef688e579ccd55a677b117aa3ce7902134d7639543cdbd1c2a315e2,0.0
20261003T183020Z-b6869124,industrial,llm_full_html,dind-dns-shop.ru-7933239bf3e50771,dns-shop.ru-run-none4.html,html/dns-shop.ru-run-none4.html,dns-shop.ru,ok,,,,,18.0,18.0,18.0,False,,,,True,1.0,0.0,79a07e39fa310b093a72c664bac776be328606d8dc3a72773d1e0ac241786242,0.0
20261003T183020Z-b6869124,industrial,llm_full_html,dind-dns-shop.ru-85bc079e6fdf3596,dns-shop.ru-run-none5.html,html/dns-shop.ru-run-none5.html,dns-shop.ru,ok,,,,,18.0,18.0,18.0,False,,,,True,1.0,0.0,80977fd85f3f00d897127b68edcd5770c376e99bf619bc5c1b0d64f8056a915a,0.0
20261003T183020Z-b6869124,industrial,llm_full_html,dind-dns-shop.ru-3febee92cb878873,dns-shop.ru-run-none6.html,html/dns-shop.ru-run-none6.html,dns-shop.ru,ok,,,,,18.0,18.0,18.0,False,,,,True,1.0,0.0,7d3828322e63b66a2e67f5a753d1f4fe2e7951dc859d2c29ac46c16143a2ebaf,0.0
20261003T183020Z-b6869124,industrial,llm_full_html,dind-dns-shop.ru-b6cad428c103f85e,dns-shop.ru-run-none7.html,html/dns-shop.ru-run-none7.html,dns-shop.ru,ok,,,,,4.0,4.0,4.0,False,,,,True,1.0,0.0,c4d9e42d1ae9399b3a1871f6c4a4eee53910ac12a6dff4c54bfa8276be7ad9b9,0.0
20261003T183020Z-b6869124,industrial,llm_full_html,dind-dns-shop.ru-a3790a136022ceb0,dns-shop.ru-run-none8.html,html/dns-shop.ru-run-none8.html,dns-shop.ru,ok,,,,,4.0,4.0,4.0,False,,,,True,1.0,0.0,68a620b500cb9d2663924f47139e003f3720534e335a27a7c08552c3b5460cc7,0.0
20261003T183020Z-b6869124,industrial,llm_full_html,dind-dns-shop.ru-28746746c13ce562,dns-shop.ru-run-none9.html,html/dns-shop.ru-run-none9.html,dns-shop.ru,ok,,,,,3.0,3.0,3.0,False,,,,True,1.0,0.0,c7b634db44603aa2a1ccd67dced0ef1a17f5181fc7cdea285d4ee84074391ca8,0.0
20261003T183020Z-b6869124,industrial,llm_full_html,dind-dns-shop.ru-771d6387f7b3c12b,dns-shop.ru-run-none10.html,html/dns-shop.ru-run-none10.html,dns-shop.ru,ok,,,,,18.0,18.0,18.0,False,,,,True,1.0,0.0,04d49188422a051f560652420f32b89fff43158a5029400cdbaff0f34aaa6065,0.0
20261003T183020Z-b6869124,industrial,llm_full_html,dind-dns-shop.ru-90440791218a97f4,dns-shop.ru-run-none11.html,html/dns-shop.ru-run-none11.html,dns-shop.ru,ok,,,,,4.0,4.0,4.0,False,,,,True,1.0,0.0,35b299f52de4acc0e74b30f3096afff0a781e734ee0c540bfec515e7b41f0c36,0.0
20261003T183020Z-b6869124,industrial,llm_full_html,dind-dns-shop.ru-92ce0999672a52ef,dns-shop.ru-run-none12.html,html/dns-shop.ru-run-none12.html,dns-shop.ru,ok,,,,,4.0,4.0,4.0,False,,,,True,1.0,0.0,a4fc5da405db17c40030c2de24f022d5cd9995b50126cdc0010c768b29803781,0.0
20261003T183020Z-b6869124,industrial,llm_full_html,dind-dns-shop.ru-af963fbfbb118c6f,dns-shop.ru-run-none13.html,html/dns-shop.ru-run-none13.html,dns-shop.ru,ok,,,,,2.0,2.0,2.0,False,,,,True,1.0,0.0,def4caaa96d679568aa64abfbba4f942c671dcd5db25334a3f1d029fb298498b,0.0
20261003T183020Z-b6869124,industrial,llm_full_html,dind-dns-shop.ru-fdefdf05ba85008a,dns-shop.ru-run-none14.html,html/dns-shop.ru-run-none14.html,dns-shop.ru,ok,,,,,18.0,18.0,18.0,False,,,,True,1.0,0.0,b900ec169307fcc621308f94b6ba6d5281005a4f27a5f5602b52b268131bcabb,0.0
20261003T183020Z-b6869124,industrial,llm_full_html,dind-dns-shop.ru-4a4e14f05378d4a5,dns-shop.ru-run-none15.html,html/dns-shop.ru-run-none15.html,dns-shop.ru,ok,,,,,7.0,7.0,7.0,False,,,,True,1.0,0.0,7949c4f13f74733952b7ee20a7217c0555ff55808fa31c4e730f9200d7f1cd3f,0.0
20261003T183020Z-b6869124,industrial,llm_full_html,dind-dns-shop.ru-564876217320f967,dns-shop.ru-run-none16.html,html/dns-shop.ru-run-none16.html,dns-shop.ru,ok,,,,,7.0,7.0,7.0,False,,,,True,1.0,0.0,4aa1e8d18a5c44277b0f54f63d3b009fb498f3cd3f76b09286f9968e4370906d,0.0
20261003T183020Z-b6869124,industrial,llm_full_html,dind-dns-shop.ru-46ebef5666c10c8e,dns-shop.ru-run-none17.html,html/dns-shop.ru-run-none17.html,dns-shop.ru,ok,,,,,18.0,18.0,18.0,False,,,,True,1.0,0.0,95f18c402d251ebe31087d10539ac2ce4ecc1ef973d2a4121b058862f122a653,0.0
20261003T183020Z-b6869124,industrial,llm_full_html,dind-dns-shop.ru-3f4da6582900a525,dns-shop.ru-run-none18.html,html/dns-shop.ru-run-none18.html,dns-shop.ru,ok,,,,,18.0,18.0,18.0,False,,,,True,1.0,0.0,9c7e89fd8bcaf9c5dc776f071cc3723e5e87b31345f6ac2e1eea6f0e36329fc3,0.0
20261003T183020Z-b6869124,industrial,llm_full_html,dind-dns-shop.ru-4d693e109b55f82a,dns-shop.ru-run-none19.html,html/dns-shop.ru-run-none19.html,dns-shop.ru,ok,,,,,18.0,18.0,18.0,False,,,,True,1.0,0.0,772224e5a1a621e2da15113157cd85f1a2357c88b203cfb911c76e12308f99ab,0.0
20261003T183020Z-b6869124,industrial,llm_full_html,dind-dns-shop.ru-ecbe705fe138bbfc,dns-shop.ru-run-none20.html,html/dns-shop.ru-run-none20.html,dns-shop.ru,ok,,,,,18.0,18.0,18.0,False,,,,True,1.0,0.0,fb8663ab579fb71e9c425cc8b0b474d35d1618242de8f0952039d912f1022a1f,0.0
20261003T183020Z-b6869124,industrial,llm_full_html,dind-dns-shop.ru-8115aee7bc53974a,dns-shop.ru-run-none21.html,html/dns-shop.ru-run-none21.html,dns-shop.ru,ok,,,,,18.0,18.0,18.0,False,,,,True,1.0,0.0,93eede0157f51805725ca2630d296ecee4beecb6f5a8ca22e427b03ddcbb8e2a,0.0
20261003T183020Z-b6869124,industrial,llm_full_html,dind-dns-shop.ru-33bd96f05cc76522,dns-shop.ru-run-none22.html,html/dns-shop.ru-run-none22.html,dns-shop.ru,ok,,,,,18.0,18.0,18.0,False,,,,True,1.0,0.0,a74ecffd0a57301a638840b83a9fec25f95c894252d0f3976b7c3f078f0ab661,0.0
20261003T183020Z-b6869124,industrial,llm_full_html,dind-dns-shop.ru-fb02082707bf4363,dns-shop.ru-run-none23.html,html/dns-shop.ru-run-none23.html,dns-shop.ru,ok,,,,,18.0,18.0,18.0,False,,,,True,1.0,0.0,fc761d6d0e32fc6b230102af7f346f5228e99a964f0782f5a3ec80b01181e426,0.0
20261003T183020Z-b6869124,industrial,llm_full_html,dind-dns-shop.ru-b7113a7a9f8e538f,dns-shop.ru-run-none24.html,html/dns-shop.ru-run-none24.html,dns-shop.ru,ok,,,,,18.0,18.0,18.0,False,,,,True,1.0,0.0,6f19baeed4d7667d9bef2e85195df191f1c639b926851cbffa246be9e0370e3d,0.0
20261003T183020Z-b6869124,industrial,llm_full_html,dind-dns-shop.ru-996bc94411949f8b,dns-shop.ru-run-none25.html,html/dns-shop.ru-run-none25.html,dns-shop.ru,ok,,,,,18.0,18.0,18.0,False,,,,True,1.0,0.0,09f2cd6aa8920b4917d024baca028fc053d43cedf8730c775cdb682ef62060de,0.0
20261003T183020Z-b6869124,industrial,llm_full_html,dind-dns-shop.ru-aa82f882645785f9,dns-shop.ru-run-none26.html,html/dns-shop.ru-run-none26.html,dns-shop.ru,ok,,,,,18.0,18.0,18.0,False,,,,True,1.0,0.0,ab41a864264095153d9b976014e809077a643755ebcaa10cafa9695d5c004c25,0.0
20261003T183020Z-b6869124,industrial,llm_full_html,dind-dns-shop.ru-ea90543385536fce,dns-shop.ru-run-none27.html,html/dns-shop.ru-run-none27.html,dns-shop.ru,ok,,,,,18.0,18.0,18.0,False,,,,True,1.0,0.0,9552e15a80f13cf2780cec04de1f88752b94e84d9aa4dc89f0c1fe2ce12cd67c,0.0
20261003T183020Z-b6869124,industrial,llm_full_html,dind-dns-shop.ru-434df911d8c9446c,dns-shop.ru-run-none28.html,html/dns-shop.ru-run-none28.html,dns-shop.ru,ok,,,,,18.0,18.0,18.0,False,,,,True,1.0,0.0,cbb155b8d2750ba776736b73963dfdc1f88ce4f9a36ef08476d3f832a65e52a5,0.0
20261003T183020Z-b6869124,industrial,llm_full_html,dind-dns-shop.ru-543d15ba7884e65d,dns-shop.ru-run-none29.html,html/dns-shop.ru-run-none29.html,dns-shop.ru,ok,,,,,18.0,18.0,18.0,False,,,,True,1.0,0.0,a3068837ad330f2a07be77178d9d5c06656fa78eede3c8853378c912c3f42010,0.0
20261003T183020Z-b6869124,industrial,llm_full_html,dind-dns-shop.ru-f878c1c96441254e,dns-shop.ru-run-none30.html,html/dns-shop.ru-run-none30.html,dns-shop.ru,ok,,,,,18.0,18.0,18.0,False,,,,True,1.0,0.0,814099a66763c70bd3ea21f28a9469261ebd22674018d10bc312fa059baf1d0c,0.0
20261003T183020Z-b6869124,industrial,llm_full_html,dind-dns-shop.ru-2198c54dfd3d2076,dns-shop.ru-run-none31.html,html/dns-shop.ru-run-none31.html,dns-shop.ru,ok,,,,,18.0,18.0,18.0,False,,,,True,1.0,0.0,d714c4343f42924338a5e0790506de01c0a4a25bc63960449a29eaa88b745533,0.0
20261003T183020Z-b6869124,industrial,llm_full_html,dind-dns-shop.ru-e8d091ebce0ef80f,dns-shop.ru-run-none32.html,html/dns-shop.ru-run-none32.html,dns-shop.ru,ok,,,,,18.0,18.0,18.0,False,,,,True,1.0,0.0,9c5261f068ecb34e3d09dc245ab2d1df46cf5dcdd8ad1ed2a61f5189d02a48ae,0.0
20261003T183020Z-b6869124,industrial,llm_full_html,dind-dns-shop.ru-f2b4db0b14d601f5,dns-shop.ru-run-none33.html,html/dns-shop.ru-run-none33.html,dns-shop.ru,ok,,,,,18.0,18.0,18.0,False,,,,True,1.0,0.0,851c41f4db41bbe54256de8c0f11153aa0a0c8fbe8c60880424064ea32189880,0.0
20261003T183020Z-b6869124,industrial,llm_full_html,dind-dns-shop.ru-c972a387a5634908,dns-shop.ru-run-none34.html,html/dns-shop.ru-run-none34.html,dns-shop.ru,ok,,,,,18.0,18.0,18.0,False,,,,True,1.0,0.0,95b047a233b9b951182187813df72686bf3049394e321543198fc3cc10fcded6,0.0
20261003T183020Z-b6869124,industrial,llm_full_html,dind-dns-shop.ru-1daabf0100ef084e,dns-shop.ru-run-none35.html,html/dns-shop.ru-run-none35.html,dns-shop.ru,ok,,,,,18.0,18.0,18.0,False,,,,True,1.0,0.0,dfc7a08fb595d9a31cbaa133aa5c80a625de5d9192f7350c0714d2312106589d,0.0
20261003T183020Z-b6869124,industrial,llm_full_html,dind-dns-shop.ru-c540244729f3afe8,dns-shop.ru-run-none36.html,html/dns-shop.ru-run-none36.html,dns-shop.ru,ok,,,,,18.0,18.0,18.0,False,,,,True,1.0,0.0,9773367778fd567505b1634b83316e94e576d88aab77089b6bc67ad318527c83,0.0
20261003T183020Z-b6869124,industrial,llm_full_html,dind-dns-shop.ru-2824d29f205128a1,dns-shop.ru-run-none37.html,html/dns-shop.ru-run-none37.html,dns-shop.ru,ok,,,,,18.0,18.0,18.0,False,,,,True,1.0,0.0,4861bfdac59a3bb661b6dba3223c175d68cf8af9dca379cc3db63d13930209c6,0.0
20261003T183020Z-b6869124,industrial,llm_full_html,dind-dns-shop.ru-e46adc0c328cc286,dns-shop.ru-run-none38.html,html/dns-shop.ru-run-none38.html,dns-shop.ru,ok,,,,,18.0,18.0,18.0,False,,,,True,1.0,0.0,f3aeca41da3b21199330478ba0ab1245abd274e43398e165309f382fb8f1ac9f,0.0
20261003T183020Z-b6869124,industrial,llm_full_html,dind-dns-shop.ru-f8afdc6ad037e786,dns-shop.ru-run-none39.html,html/dns-shop.ru-run-none39.html,dns-shop.ru,ok,,,,,18.0,18.0,18.0,False,,,,True,1.0,0.0,d1982bdee5b68b2bef0073aa549c13f3fb883d5d4c154b813c58f49f17c93a8a,0.0
20261003T183020Z-b6869124,industrial,llm_full_html,dind-dns-shop.ru-5564a34319f17254,dns-shop.ru-run-none40.html,html/dns-shop.ru-run-none40.html,dns-shop.ru,ok,,,,,18.0,18.0,18.0,False,,,,True,1.0,0.0,d583c55c382b0e5d3ac4d4fe45431253d530f4968b4b712ddecbc96cff496f1e,0.0
20261003T183020Z-b6869124,industrial,llm_full_html,dind-dns-shop.ru-f81b39d0b9945b9b,dns-shop.ru-run-none41.html,html/dns-shop.ru-run-none41.html,dns-shop.ru,ok,,,,,18.0,18.0,18.0,False,,,,True,1.0,0.0,a77b1859d7f3ac64acc4f07eeceee9111eaf0def8ab02f5bd219712ce3d3b5eb,0.0
20261003T183020Z-b6869124,industrial,llm_full_html,dind-dns-shop.ru-32b1fcaa3a2d2e3c,dns-shop.ru-run-none42.html,html/dns-shop.ru-run-none42.html,dns-shop.ru,ok,,,,,18.0,18.0,18.0,False,,,,True,1.0,0.0,b8564c804a031cfe36eb7d8e7f9be0e61e6b49578f111d03250031b20485c49a,0.0
20261003T183020Z-b6869124,industrial,llm_full_html,dind-dns-shop.ru-b4e6fddfb8cc1f85,dns-shop.ru-run-none43.html,html/dns-shop.ru-run-none43.html,dns-shop.ru,ok,,,,,18.0,18.0,18.0,False,,,,True,1.0,0.0,f1a442de0ed189ce6ce323a603397606b614bd5d5d987be5b50fce22b6cf3aa3,0.0
20261003T183020Z-b6869124,industrial,llm_full_html,dind-dns-shop.ru-37f14821f393b029,dns-shop.ru-run-none44.html,html/dns-shop.ru-run-none44.html,dns-shop.ru,ok,,,,,18.0,18.0,18.0,False,,,,True,1.0,0.0,ce2e06e463c43a53b9a77d01e6fc6cc22300609b666871046ddb68a7e57f1e6f,0.0
20261003T183020Z-b6869124,industrial,llm_full_html,dind-dns-shop.ru-2c7a29d35d5d4eaf,dns-shop.ru-run-none45.html,html/dns-shop.ru-run-none45.html,dns-shop.ru,ok,,,,,18.0,18.0,18.0,False,,,,True,1.0,0.0,8f98c011ba0a6bf82c1e8bff046ffaf1944bcc80cb30df1792e30b71b83d4c1d,0.0
20261003T183020Z-b6869124,industrial,llm_full_html,dind-dns-shop.ru-9dd9c1645a03e017,dns-shop.ru-run-2fcceeba.html,html/dns-shop.ru-run-2fcceeba.html,dns-shop.ru,ok,,,,,18.0,18.0,18.0,False,,,,True,1.0,0.0,509a870e203e52237f87d61908e49810fbd02b2ac3f8cb6d1a0be897e9daa736,0.0
20261003T183020Z-b6869124,industrial,llm_full_html,dind-dns-shop.ru-7a35f41002832ba2,dns-shop.ru-run-4ae1c2e7.html,html/dns-shop.ru-run-4ae1c2e7.html,dns-shop.ru,ok,,,,,18.0,18.0,18.0,False,,,,True,1.0,0.0,bca7cb83fbf0fa4ca06989a1eccb638b6c6b90df0640651bcbd9cefb02986034,0.0
20261003T183020Z-b6869124,industrial,llm_full_html,dind-dns-shop.ru-b189120c5c34179d,dns-shop.ru-run-77ea1710.html,html/dns-shop.ru-run-77ea1710.html,dns-shop.ru,ok,,,,,18.0,18.0,18.0,False,,,,True,1.0,0.0,fa47cd1b020f6ccc0c03e46f00ea916fee76a6d451db78152ce45df8ab9bc4eb,0.0
20261003T183020Z-b6869124,industrial,llm_full_html,dind-dns-shop.ru-74d2e0772b88cccb,dns-shop.ru-run-94fca290.html,html/dns-shop.ru-run-94fca290.html,dns-shop.ru,ok,,,,,18.0,18.0,18.0,False,,,,True,1.0,0.0,40c650aa4d37d9cfa87126a37d4bec78bcfc9e048356cb6bace00d9abb4d1b8e,0.0
20261003T183020Z-b6869124,industrial,llm_full_html,dind-dns-shop.ru-8b9ca76d14a1d9e1,dns-shop.ru-run-b346efa2.html,html/dns-shop.ru-run-b346efa2.html,dns-shop.ru,ok,,,,,18.0,18.0,18.0,False,,,,True,1.0,0.0,c25473b5800a9a03cfa49d80e8008b9450cf842d283e65baca9d0e426e3cb9a4,0.0
20261003T183020Z-b6869124,industrial,llm_full_html,dind-etm.ru-5ec13e2b305fa590,etm.ru-run-8dd91d0f.html,html/etm.ru-run-8dd91d0f.html,etm.ru,ok,,,,,24.0,24.0,24.0,False,,,,True,1.0,0.0,45ca6aa61c2ec80a31403097dc2d607b56072ffff1aec63e8008bd640161f098,0.0
20261003T183020Z-b6869124,industrial,llm_full_html,dind-etm.ru-ce65bfbecd538b17,etm.ru-run-b609a8c6.html,html/etm.ru-run-b609a8c6.html,etm.ru,ok,,,,,24.0,24.0,24.0,False,,,,True,1.0,0.0,f72ded14daa88d0a85df6efda3adf7415f5006b41f1215a7a530f9fa53f20361,0.0
20261003T183020Z-b6869124,industrial,llm_full_html,dind-hahn-kolb.ru-0b2260cfa1d12dea,hahn-kolb.ru-run-8238baa5.html,html/hahn-kolb.ru-run-8238baa5.html,hahn-kolb.ru,skipped,missing_html,,,,,,,,,,,,,,,
20261003T183020Z-b6869124,industrial,llm_full_html,dind-komus.ru-b05effd6532b7f9b,komus.ru-run-none1.html,html/komus.ru-run-none1.html,komus.ru,ok,,,,,30.0,30.0,30.0,False,,,,True,1.0,0.0,91168dec105a7dda23de54e55a05544c393a18b0d7018dbdffa10bedcdd59a3c,0.0
20261003T183020Z-b6869124,industrial,llm_full_html,dind-komus.ru-11490b3dd28bfa7d,komus.ru-run-none2.html,html/komus.ru-run-none2.html,komus.ru,ok,,,,,30.0,30.0,30.0,False,,,,True,1.0,0.0,a9e8cd94c5860ed54ec5c2a0c48a11762645247a7856f88f83dca73729355860,0.0
20261003T183020Z-b6869124,industrial,llm_full_html,dind-komus.ru-6ab2c63743e80fe2,komus.ru-run-none3.html,html/komus.ru-run-none3.html,komus.ru,ok,,,,,30.0,30.0,30.0,False,,,,True,1.0,0.0,0e635da191223e4572622ce065ba6c5a5cbff838c293827aecb79824c7dafce9,0.0
20261003T183020Z-b6869124,industrial,llm_full_html,dind-komus.ru-6f7eb9ea777697b3,komus.ru-run-none4.html,html/komus.ru-run-none4.html,komus.ru,ok,,,,,30.0,30.0,30.0,False,,,,True,1.0,0.0,3ece49898541a93ea9531b1c3ea8c2f0825915fd32008e8ba0dc39cad61cee5a,0.0
20261003T183020Z-b6869124,industrial,llm_full_html,dind-komus.ru-2cf9855072dedf49,komus.ru-run-none5.html,html/komus.ru-run-none5.html,komus.ru,ok,,,,,30.0,30.0,30.0,False,,,,True,1.0,0.0,0178397b60f1b4bf03ef3f8acd63a2916cbe95815e185b7456290b5c9f4c2be2,0.0
20261003T183020Z-b6869124,industrial,llm_full_html,dind-komus.ru-023e5ca676225909,komus.ru-run-none6.html,html/komus.ru-run-none6.html,komus.ru,ok,,,,,30.0,30.0,30.0,False,,,,True,1.0,0.0,1525827c6e34b6a38f36008d472de01a3a4c4559c4b029bbfa24d6c2ff7dfc7a,0.0
20261003T183020Z-b6869124,industrial,llm_full_html,dind-komus.ru-58c1a96dda4c3778,komus.ru-run-none7.html,html/komus.ru-run-none7.html,komus.ru,ok,,,,,30.0,30.0,30.0,False,,,,True,1.0,0.0,ef182ef26304f2b6118d2924fe993a645161d4f150676ff94a941bcfa472b01a,0.0
20261003T183020Z-b6869124,industrial,llm_full_html,dind-komus.ru-c0e90dc894a3f454,komus.ru-run-none8.html,html/komus.ru-run-none8.html,komus.ru,ok,,,,,0.0,0.0,0.0,False,,,,True,1.0,0.0,31a7ade2831f96ac8a39400dc2aad125d1ea53cc91d7d28fe6cda4fb4adb7a12,0.0
20261003T183020Z-b6869124,industrial,llm_full_html,dind-komus.ru-41d20e640e2f54ca,komus.ru-run-none9.html,html/komus.ru-run-none9.html,komus.ru,ok,,,,,30.0,30.0,30.0,False,,,,True,1.0,0.0,0d1e6406615ac6acb42c1c1378a1795f3ce0073b46c8191767b16317ad309cc8,0.0
20261003T183020Z-b6869124,industrial,llm_full_html,dind-komus.ru-607c4231e49e9843,komus.ru-run-none10.html,html/komus.ru-run-none10.html,komus.ru,ok,,,,,30.0,30.0,30.0,False,,,,True,1.0,0.0,f109b950ac67750d61d03a490580c14882660ad50b83ab4c35bd6f33ebac28e0,0.0
20261003T183020Z-b6869124,industrial,llm_full_html,dind-komus.ru-cee4656ff9fe75f8,komus.ru-run-none11.html,html/komus.ru-run-none11.html,komus.ru,ok,,,,,30.0,30.0,30.0,False,,,,True,1.0,0.0,a35d17052488c3acf75ae71527139a285643d93e5cb7df3cd35c5db1a503c6be,0.0
20261003T183020Z-b6869124,industrial,llm_full_html,dind-komus.ru-329f550a6d3b95ff,komus.ru-run-none12.html,html/komus.ru-run-none12.html,komus.ru,ok,,,,,30.0,30.0,30.0,False,,,,True,1.0,0.0,c4a78a7ac97431c4c9f9409a099452dd0f65a2900b77ea9108b3133c17ab52ce,0.0
20261003T183020Z-b6869124,industrial,llm_full_html,dind-komus.ru-6f947666964b40f8,komus.ru-run-none13.html,html/komus.ru-run-none13.html,komus.ru,ok,,,,,30.0,30.0,30.0,False,,,,True,1.0,0.0,8f1883c00f0934239e303fc2c11a0b9b4b6c6bb0225d3dbf45148cc970907638,0.0
20261003T183020Z-b6869124,industrial,llm_full_html,dind-komus.ru-84cbf3c2771d2ecd,komus.ru-run-none14.html,html/komus.ru-run-none14.html,komus.ru,ok,,,,,30.0,30.0,30.0,False,,,,True,1.0,0.0,41d21cf348a8a6e6a3d4141946f414d92586728e1239a5ced0b71a7e00930298,0.0
20261003T183020Z-b6869124,industrial,llm_full_html,dind-komus.ru-c4ec811f50b580fc,komus.ru-run-none15.html,html/komus.ru-run-none15.html,komus.ru,ok,,,,,30.0,30.0,30.0,False,,,,True,1.0,0.0,5a9366018f4b0c3eafbf8670c61e6c757e8159447eaa0ec068c3b3ea79fbc3f8,0.0
20261003T183020Z-b6869124,industrial,llm_full_html,dind-komus.ru-7a31877560a20352,komus.ru-run-none16.html,html/komus.ru-run-none16.html,komus.ru,ok,,,,,30.0,30.0,30.0,False,,,,True,1.0,0.0,3773df168f4822bb4fdd78475f18004967226cf7eb346a7cb91b4cc0d41499dd,0.0
20261003T183020Z-b6869124,industrial,llm_full_html,dind-komus.ru-31fd7c045fb2ea41,komus.ru-run-none17.html,html/komus.ru-run-none17.html,komus.ru,ok,,,,,30.0,30.0,30.0,False,,,,True,1.0,0.0,c83d9b8611a24904a7fa7e13b25532fdbab84c8c6109660eba65d51c0ea64165,0.0
20261003T183020Z-b6869124,industrial,llm_full_html,dind-komus.ru-d35e011b185be0a6,komus.ru-run-none18.html,html/komus.ru-run-none18.html,komus.ru,ok,,,,,0.0,0.0,0.0,False,,,,True,1.0,0.0,0a06fed415b6ee99c9948f8d22d495cc514323be7685dab5b582d68048924d8d,0.0
20261003T183020Z-b6869124,industrial,llm_full_html,dind-komus.ru-4ec3512b66f59759,komus.ru-run-none19.html,html/komus.ru-run-none19.html,komus.ru,ok,,,,,0.0,0.0,0.0,False,,,,True,1.0,0.0,8c7bed5f4281f2f458657a60e238ed3b4fcea95838f608abfd9e7543c952dd53,0.0
20261003T183020Z-b6869124,industrial,llm_full_html,dind-komus.ru-f83a8cdb85dbe548,komus.ru-run-none20.html,html/komus.ru-run-none20.html,komus.ru,ok,,,,,30.0,30.0,30.0,False,,,,True,1.0,0.0,c3ec27b262e2a87ee4da3ec8e47493968382c5aefb38c9399f6c3960d68344df,0.0
20261003T183020Z-b6869124,industrial,llm_full_html,dind-komus.ru-fd526265f9a93c7c,komus.ru-run-437fc902.html,html/komus.ru-run-437fc902.html,komus.ru,ok,,,,,30.0,30.0,30.0,False,,,,True,1.0,0.0,15cc14655cab8904a821037006a91df4f74360e6a038f6f6d482ac49a473ef43,0.0
20261003T183020Z-b6869124,industrial,llm_full_html,dind-komus.ru-45e1fc98edfd6da1,komus.ru-run-6628d12b.html,html/komus.ru-run-6628d12b.html,komus.ru,ok,,,,,30.0,30.0,30.0,False,,,,True,1.0,0.0,ad51d9eaf3353c2cc16a84a8158f3714f4d2638a186e5dee15393dd5471d9e78,0.0
20261003T183020Z-b6869124,industrial,llm_full_html,dind-komus.ru-e44491f1d0a00d59,komus.ru-run-98da06df.html,html/komus.ru-run-98da06df.html,komus.ru,ok,,,,,30.0,30.0,30.0,False,,,,True,1.0,0.0,21555264b763e66476ca7dc511e60f9c55c36197a6fafe52cc98c3624172e2b7,0.0
20261003T183020Z-b6869124,industrial,llm_full_html,dind-komus.ru-d039da717f66c987,komus.ru-run-daa9251b.html,html/komus.ru-run-daa9251b.html,komus.ru,ok,,,,,30.0,30.0,30.0,False,,,,True,1.0,0.0,33a31edc0680b81ca613f7749dac39b11dbf0d2688d03db676a04587189e9ec3,0.0
20261003T183020Z-b6869124,industrial,llm_full_html,dind-komus.ru-e25d8f2aebb53e9c,komus.ru-run-db327323.html,html/komus.ru-run-db327323.html,komus.ru,ok,,,,,0.0,0.0,0.0,False,,,,True,1.0,0.0,d7ee6b092bebc1f4c017f395495a395ec0367fcb60f6d1dc87d41e4364cd0074,0.0
20261003T183020Z-b6869124,industrial,llm_full_html,dind-labirint.ru-21ac626ea371bd49,labirint.ru-run-168d58c6.html,html/labirint.ru-run-168d58c6.html,labirint.ru,ok,,,,,60.0,60.0,60.0,False,,,,True,1.0,0.0,508624aaf49c3448032fc591da1969204f5accec33a7ef059133ea8aee8f3c40,0.0
20261003T183020Z-b6869124,industrial,llm_full_html,dind-labirint.ru-4eb2fb8b1b347b32,labirint.ru-run-787cdb0e.html,html/labirint.ru-run-787cdb0e.html,labirint.ru,ok,,,,,60.0,60.0,60.0,False,,,,True,1.0,0.0,600e9d475d258d9ddb187fe12432a2f98bfd3116567c468af8b52a46bef9ccb7,0.0
20261003T183020Z-b6869124,industrial,llm_full_html,dind-labirint.ru-04ccf5be83eaa6ce,labirint.ru-run-99e5ac15.html,html/labirint.ru-run-99e5ac15.html,labirint.ru,ok,,,,,60.0,60.0,60.0,False,,,,True,1.0,0.0,e3ba4521eef9003a451876ddcd75caabf38374036fd5e276009c5554a92b3013,0.0
20261003T183020Z-b6869124,industrial,llm_full_html,dind-labirint.ru-017ca7137cd84dc1,labirint.ru-run-9e372646.html,html/labirint.ru-run-9e372646.html,labirint.ru,ok,,,,,60.0,60.0,60.0,False,,,,True,1.0,0.0,3135b82ddea895715ed27a251cb514b1a7d2fefbca3ef264d9ee18939848f944,0.0
20261003T183020Z-b6869124,industrial,llm_full_html,dind-labirint.ru-d92a0991b3f5fccd,labirint.ru-run-c23cbd90.html,html/labirint.ru-run-c23cbd90.html,labirint.ru,ok,,,,,60.0,60.0,60.0,False,,,,True,1.0,0.0,8e95768b8b06f4dcd9d099b695fc5e0ab20e00c89d62701a1f17767eeb804f63,0.0
20261003T183020Z-b6869124,industrial,llm_full_html,dind-labirint.ru-186be25179ff4d2f,labirint.ru-run-d035826a.html,html/labirint.ru-run-d035826a.html,labirint.ru,ok,,,,,60.0,60.0,60.0,False,,,,True,1.0,0.0,9645baac7077d3e58fe31e527951c7a41d49e8b8dfb99a1ff3f09e8c9543c811,0.0
20261003T183020Z-b6869124,industrial,llm_full_html,dind-labirint.ru-b5d7e810e7ca116a,labirint.ru-run-e4163107.html,html/labirint.ru-run-e4163107.html,labirint.ru,ok,,,,,60.0,60.0,60.0,False,,,,True,1.0,0.0,09ca9ea31e8f62cd26b250c7e3e10729f399c602eda53fbd59bd32d03271856a,0.0
20261003T183020Z-b6869124,industrial,llm_full_html,dind-labirint.ru-a54655182aa1fecc,labirint.ru-run-ec02639a.html,html/labirint.ru-run-ec02639a.html,labirint.ru,ok,,,,,60.0,60.0,60.0,False,,,,True,1.0,0.0,bcdb9d80b8f4f34f2a4ecedb618c31561c18776a6209c13191fc84ce35318376,0.0
20261003T183020Z-b6869124,industrial,llm_full_html,dind-lemanapro.ru-f0cfe5397616c775,lemanapro.ru-run-none1.html,html/lemanapro.ru-run-none1.html,lemanapro.ru,ok,,,,,60.0,60.0,60.0,False,,,,True,1.0,0.0,53e93c2351ff6495cfb36987346e6c97e6f3493ed24f6d61fe03d11dc2ba4ee3,0.0
20261003T183020Z-b6869124,industrial,llm_full_html,dind-lemanapro.ru-cf598f1239ed8afe,lemanapro.ru-run-none2.html,html/lemanapro.ru-run-none2.html,lemanapro.ru,ok,,,,,60.0,60.0,60.0,False,,,,True,1.0,0.0,a1f00af6accf81cf63416def23f44ecf81ee9db9bd17fb10fde58d80bd23ef1a,0.0
20261003T183020Z-b6869124,industrial,llm_full_html,dind-lemanapro.ru-fc39977cfc7e6c73,lemanapro.ru-run-none3.html,html/lemanapro.ru-run-none3.html,lemanapro.ru,ok,,,,,60.0,60.0,60.0,False,,,,True,1.0,0.0,dad4252956198cd66086cb7553fcbcbc944a1d80c7d6db7bb6e91e626f9b205e,0.0
20261003T183020Z-b6869124,industrial,llm_full_html,dind-lemanapro.ru-4acdbb9eae290779,lemanapro.ru-run-none4.html,html/lemanapro.ru-run-none4.html,lemanapro.ru,ok,,,,,60.0,60.0,60.0,False,,,,True,1.0,0.0,69ff2e945a904ea25b3b2f25514b999c15114bccb29c441e959e04f0724ef565,0.0
20261003T183020Z-b6869124,industrial,llm_full_html,dind-lemanapro.ru-fab71c309af5505b,lemanapro.ru-run-none5.html,html/lemanapro.ru-run-none5.html,lemanapro.ru,ok,,,,,0.0,0.0,0.0,False,,,,True,1.0,0.0,fdd29050d7da7cb94f24dd8d48af70670c305fc759d7f47ff91d79dbbdd71733,0.0
20261003T183020Z-b6869124,industrial,llm_full_html,dind-lemanapro.ru-486c6fb5ef917f2b,lemanapro.ru-run-none6.html,html/lemanapro.ru-run-none6.html,lemanapro.ru,ok,,,,,60.0,60.0,60.0,False,,,,True,1.0,0.0,7814bd4f1cadb00b331a1239eabb24f054a1866394789c715a2fecfbbb3832f8,0.0
20261003T183020Z-b6869124,industrial,llm_full_html,dind-lemanapro.ru-09c3ea7e145206b2,lemanapro.ru-run-2e839b74.html,html/lemanapro.ru-run-2e839b74.html,lemanapro.ru,ok,,,,,60.0,60.0,60.0,False,,,,True,1.0,0.0,c56420a95cc719afaa7f465ca71b5e61316605bc2b7448e5b04be934fe9b298d,0.0
20261003T183020Z-b6869124,industrial,llm_full_html,dind-lemanapro.ru-f525d96c96aaf6dc,lemanapro.ru-run-99b5ac8f.html,html/lemanapro.ru-run-99b5ac8f.html,lemanapro.ru,ok,,,,,60.0,60.0,60.0,False,,,,True,1.0,0.0,8587f9dd7446cee9b999566815f159270c22279199ffc87e0095db49a93cb893,0.0
20261003T183020Z-b6869124,industrial,llm_full_html,dind-lemanapro.ru-df1069562cd0eec0,lemanapro.ru-run-ecee459d.html,html/lemanapro.ru-run-ecee459d.html,lemanapro.ru,ok,,,,,0.0,0.0,0.0,False,,,,True,1.0,0.0,c2170b65ced65a89ec69b6b9d9cfd6defb23eb3d0f81648b45abf82cd052dddd,0.0
20261003T183020Z-b6869124,industrial,llm_full_html,dind-lemanapro.ru-b9b4d6ef071bd3cd,lemanapro.ru-run-fac98328.html,html/lemanapro.ru-run-fac98328.html,lemanapro.ru,ok,,,,,60.0,60.0,60.0,False,,,,True,1.0,0.0,08b9648fc5fd0f1b5d52a6f1c0494c7bab305543fa763b4d7682f47d562efad3,0.0
20261003T183020Z-b6869124,industrial,llm_full_html,dind-lemanapro.ru-ecf8fe1428f45043,lemanapro.ru-run-fe1a35c2.html,html/lemanapro.ru-run-fe1a35c2.html,lemanapro.ru,ok,,,,,60.0,60.0,60.0,False,,,,True,1.0,0.0,00077334922b6c0b7a8faafecf6ad1aa195ddc120b7ae2436f143fa8e79706e4,0.0
20261003T183020Z-b6869124,industrial,llm_full_html,dind-market.yandex.ru-1b519c43e22aa033,market.yandex.ru-run-8d5e2489.html,html/market.yandex.ru-run-8d5e2489.html,market.yandex.ru,api_error,,,,17284.803799993824,0.0,0.0,0.0,False,api_error,,,False,2.0,1.0,6d44b0ae51742bcfebf63ee17bb7745011f77912864ef6240892d7ac8f3625c7,0.0
20261003T183020Z-b6869124,industrial,llm_full_html,dind-market.yandex.ru-4a073eb1b3d67309,market.yandex.ru-run-a52ccc6b.html,html/market.yandex.ru-run-a52ccc6b.html,market.yandex.ru,api_error,,,,10804.473800002597,0.0,0.0,0.0,False,api_error,,,False,2.0,1.0,5fd2f8936403fe6963194a5623059efc276b2c54e6c555aa149fcc31a74e8596,0.0
20261003T183020Z-b6869124,industrial,llm_full_html,dind-mvideo.ru-397d20ee85741495,mvideo.ru-run-none1.html,html/mvideo.ru-run-none1.html,mvideo.ru,ok,,,,,40.0,40.0,40.0,False,,,,True,1.0,0.0,d04c7403a6211a4cea3212c1be840fa8b7ebdb7b405b2a2e4f005bb9911e077d,0.0
20261003T183020Z-b6869124,industrial,llm_full_html,dind-mvideo.ru-c492b59ab5a30f12,mvideo.ru-run-none2.html,html/mvideo.ru-run-none2.html,mvideo.ru,ok,,,,,57.0,57.0,57.0,False,,,,True,1.0,0.0,f2c45a4f1677fd797a37c55412657493374f57f1781e5d35a417591e9cb1a302,0.0
20261003T183020Z-b6869124,industrial,llm_full_html,dind-mvideo.ru-151bf8cc328c4ddc,mvideo.ru-run-none3.html,html/mvideo.ru-run-none3.html,mvideo.ru,ok,,,,,57.0,57.0,57.0,False,,,,True,1.0,0.0,f706e9d56d4f5c4177a93449b3101ccc736cfc912a74b6e45ee1f524e8259e4e,0.0
20261003T183020Z-b6869124,industrial,llm_full_html,dind-mvideo.ru-9b0cc1e81b38d9de,mvideo.ru-run-none4.html,html/mvideo.ru-run-none4.html,mvideo.ru,ok,,,,,53.0,53.0,53.0,False,,,,True,1.0,0.0,8961023eb2da9f4e1ddf80aaf1a09ad2b7384a6dc71c7b91169518a19f922800,0.0
20261003T183020Z-b6869124,industrial,llm_full_html,dind-mvideo.ru-e426af76efa6c0dd,mvideo.ru-run-none5.html,html/mvideo.ru-run-none5.html,mvideo.ru,ok,,,,,53.0,53.0,53.0,False,,,,True,1.0,0.0,210a743bc89a50c15457e265d0a319a5c83f8c87bfccc51a0255bed10e2540e9,0.0
20261003T183020Z-b6869124,industrial,llm_full_html,dind-mvideo.ru-f4739083601ea838,mvideo.ru-run-none6.html,html/mvideo.ru-run-none6.html,mvideo.ru,ok,,,,,53.0,53.0,53.0,False,,,,True,1.0,0.0,94ea28c5dd63e2c1bc75799b6eefcfe15add2c92ba17de096b0c1d6412a85b1a,0.0
20261003T183020Z-b6869124,industrial,llm_full_html,dind-mvideo.ru-3e76af37ea2ac7ed,mvideo.ru-run-none7.html,html/mvideo.ru-run-none7.html,mvideo.ru,ok,,,,,53.0,53.0,53.0,False,,,,True,1.0,0.0,7d7f0115ef56ee9668e269c1a4fb03e9999083330cadcca5627a25e5787cb720,0.0
20261003T183020Z-b6869124,industrial,llm_full_html,dind-mvideo.ru-e3c8a4d018d42c79,mvideo.ru-run-none8.html,html/mvideo.ru-run-none8.html,mvideo.ru,ok,,,,,0.0,0.0,0.0,False,,,,True,1.0,0.0,f650121bb73e292de7c9487c86ab98df22f9ab4da4533bba4dbc5d7506ccf23b,0.0
20261003T183020Z-b6869124,industrial,llm_full_html,dind-mvideo.ru-c964db29d85851de,mvideo.ru-run-none9.html,html/mvideo.ru-run-none9.html,mvideo.ru,ok,,,,,0.0,0.0,0.0,False,,,,True,1.0,0.0,5176b1ccaec917662d0190e572d33be153b41d944cdb37c0b8f63cc133159b48,0.0
20261003T183020Z-b6869124,industrial,llm_full_html,dind-mvideo.ru-4c97407a7ea4c65d,mvideo.ru-run-none10.html,html/mvideo.ru-run-none10.html,mvideo.ru,ok,,,,,0.0,0.0,0.0,False,,,,True,1.0,0.0,aeb61fe8607e25324553f7efa4413103d871c209c5ffb2da456bbd7205b8fb0d,0.0
20261003T183020Z-b6869124,industrial,llm_full_html,dind-mvideo.ru-1dc9556f176f49b3,mvideo.ru-run-none11.html,html/mvideo.ru-run-none11.html,mvideo.ru,ok,,,,,0.0,0.0,0.0,False,,,,True,1.0,0.0,09114ab8496af71a390dfd7c4b5712685b22faaade8bd33a338b8f91339e0676,0.0
20261003T183020Z-b6869124,industrial,llm_full_html,dind-mvideo.ru-79ce14d153c633c2,mvideo.ru-run-82a41131.html,html/mvideo.ru-run-82a41131.html,mvideo.ru,ok,,,,,53.0,53.0,53.0,False,,,,True,1.0,0.0,cf8eaa95b6ea6b2d2d1951b05f732e5d1bb389853ab3f077e66c95a05b16fca1,0.0
20261003T183020Z-b6869124,industrial,llm_full_html,dind-mvideo.ru-57409058dc51841b,mvideo.ru-run-bd396f4d.html,html/mvideo.ru-run-bd396f4d.html,mvideo.ru,ok,,,,,120.0,120.0,120.0,False,,,,True,1.0,0.0,dac2dd47835ca8d7c7c8e254ca608b7377b4ac2b03f653e9c6bfcb354f96a0fd,0.0
20261003T183020Z-b6869124,industrial,llm_full_html,dind-mvideo.ru-be793df4ca32b36e,mvideo.ru-run-f3583847.html,html/mvideo.ru-run-f3583847.html,mvideo.ru,ok,,,,,114.0,114.0,114.0,False,,,,True,1.0,0.0,57ca30122f9e5f9120b4bfb65a686051b57a09c2af051ab5c05e0dd32d656eb8,0.0
20261003T183020Z-b6869124,industrial,llm_full_html,dind-oaopolimer.ru-b10d46a99fe3b34d,oaopolimer.ru-run-none1.html,html/oaopolimer.ru-run-none1.html,oaopolimer.ru,ok,,,,,18.0,18.0,18.0,False,,,,True,1.0,0.0,5ae6d99634f4afb44dfab305ee1ba0d62ef6a9f599778bb1fdfe2279636dbeb9,0.0
20261003T183020Z-b6869124,industrial,llm_full_html,dind-oaopolimer.ru-5b318217a3a3222c,oaopolimer.ru-run-none2.html,html/oaopolimer.ru-run-none2.html,oaopolimer.ru,ok,,,,,18.0,18.0,18.0,False,,,,True,1.0,0.0,b2e52f291042f5e00753f669bebeac292e325ebd2b350dcbf4229984d8e32667,0.0
20261003T183020Z-b6869124,industrial,llm_full_html,dind-oaopolimer.ru-c8d55d81cc904ea3,oaopolimer.ru-run-none3.html,html/oaopolimer.ru-run-none3.html,oaopolimer.ru,ok,,,,,18.0,18.0,18.0,False,,,,True,1.0,0.0,57784ee38c5f96c267faf4ff12048ed6ea2717676ab97a88cd8a2b6820721ca1,0.0
20261003T183020Z-b6869124,industrial,llm_full_html,dind-oaopolimer.ru-8109f11938b71aeb,oaopolimer.ru-run-none4.html,html/oaopolimer.ru-run-none4.html,oaopolimer.ru,ok,,,,,18.0,18.0,18.0,False,,,,True,1.0,0.0,75db7f66e73f24ad08135c684b8d1a5c45d31ebf7f275a558c16b5c47820c0cf,0.0
20261003T183020Z-b6869124,industrial,llm_full_html,dind-oaopolimer.ru-2a0003d60012b8a6,oaopolimer.ru-run-none5.html,html/oaopolimer.ru-run-none5.html,oaopolimer.ru,ok,,,,,18.0,18.0,18.0,False,,,,True,1.0,0.0,8dff768c7c05ec632f6336fa79ff00d58aba0ce81debfe0ba6e10a265a5eb1a7,0.0
20261003T183020Z-b6869124,industrial,llm_full_html,dind-oaopolimer.ru-02558b82bd865b0f,oaopolimer.ru-run-99bb6904.html,html/oaopolimer.ru-run-99bb6904.html,oaopolimer.ru,ok,,,,,18.0,18.0,18.0,False,,,,True,1.0,0.0,00ae66e158d4858974e710428d3522cd563db44968ed8b234e9bc8d1a7ec63ba,0.0
20261003T183020Z-b6869124,industrial,llm_full_html,dind-oaopolimer.ru-a7c041cf2a18af01,oaopolimer.ru-run-bc19d776.html,html/oaopolimer.ru-run-bc19d776.html,oaopolimer.ru,ok,,,,,18.0,18.0,18.0,False,,,,True,1.0,0.0,50efb1c650bbdf154b021088b070edb457bfe940cb5ce4de9fc13ca8ed5e8ae9,0.0
20261003T183020Z-b6869124,industrial,llm_full_html,dind-officemag.ru-00d53e795579eb90,officemag.ru-run-none1.html,html/officemag.ru-run-none1.html,officemag.ru,ok,,,,34015.667700005,12.0,12.0,12.0,False,,,,False,2.0,1.0,a414ce16d110d32678e8f3a576338a445573b16ed0a81641b435693ede2779e0,0.0
20261003T183020Z-b6869124,industrial,llm_full_html,dind-officemag.ru-5e08817729b9c1b0,officemag.ru-run-none2.html,html/officemag.ru-run-none2.html,officemag.ru,ok,,,,13740.557500015711,4.0,4.0,4.0,False,,,,False,1.0,1.0,65959dda10e7486e433e756f7d88b2fa2e9f583d1b4550b41c15d017ac8ab603,0.0
20261003T183020Z-b6869124,industrial,llm_full_html,dind-officemag.ru-beec12f6c9b66652,officemag.ru-run-none3.html,html/officemag.ru-run-none3.html,officemag.ru,ok,,,,33083.90920000966,12.0,12.0,12.0,False,,,,False,1.0,1.0,0e56c88b9fd7aad4dfc41393a1814bfb20f223e9ce8a054c04888e49c1602bcd,0.0
20261003T183020Z-b6869124,industrial,llm_full_html,dind-officemag.ru-b0ddf2fa010706d1,officemag.ru-run-none4.html,html/officemag.ru-run-none4.html,officemag.ru,ok,,,,46783.46429998055,20.0,20.0,20.0,False,,,,False,1.0,1.0,bb535b53fe3c669aae17027f5693fa904996b4dd0d2a36956f777be07abb8ac3,0.0
20261003T183020Z-b6869124,industrial,llm_full_html,dind-officemag.ru-40809b5312781d55,officemag.ru-run-none5.html,html/officemag.ru-run-none5.html,officemag.ru,ok,,,,46704.14789998904,20.0,20.0,20.0,False,,,,False,1.0,1.0,70d6d4862e2b237a0a518cf5e0518701a06ad0877d089228cafdb2bcea1a2174,0.0
20261003T183020Z-b6869124,industrial,llm_full_html,dind-officemag.ru-00c674729dcaa4ea,officemag.ru-run-2eca7e5f.html,html/officemag.ru-run-2eca7e5f.html,officemag.ru,ok,,,,36072.47600000119,12.0,12.0,12.0,False,,,,False,1.0,1.0,d13e2e249930082aa46dae2a09e14074254abbbee8a61b74bea59cdb5f5ac6ae,0.0
20261003T183020Z-b6869124,industrial,llm_full_html,dind-officemag.ru-1bea9ed185f4b328,officemag.ru-run-3d0f801a.html,html/officemag.ru-run-3d0f801a.html,officemag.ru,ok,,,,13535.70160001982,4.0,4.0,4.0,False,,,,False,1.0,1.0,2dcc60205d084be1d21df83f22b364c77d05b069dfaacac2b0fc7ee5dc5bbb97,0.0
20261003T183020Z-b6869124,industrial,llm_full_html,dind-officemag.ru-892e0a35c31b5746,officemag.ru-run-ac6cc526.html,html/officemag.ru-run-ac6cc526.html,officemag.ru,ok,,,,31959.062899986748,12.0,12.0,12.0,False,,,,False,1.0,1.0,a6389549a834e144a873ab0e83ea76e85f58411c4487dc35773ce455ef5229f7,0.0
20261003T183020Z-b6869124,industrial,llm_full_html,dind-ozon.ru-bef199bc4e3cafc8,ozon.ru-run-none1.html,html/ozon.ru-run-none1.html,ozon.ru,ok,,,,57213.68529999745,24.0,24.0,24.0,False,,,,False,1.0,1.0,90f7383e61db1cca638d8145d2e8152e0aa679504de741db434380e82ce629e8,0.0
20261003T183020Z-b6869124,industrial,llm_full_html,dind-ozon.ru-7b0cb8482987d4b1,ozon.ru-run-none2.html,html/ozon.ru-run-none2.html,ozon.ru,ok,,,,87588.76290000626,24.0,24.0,24.0,False,,,,False,1.0,1.0,c718a12349bcdcdc33c660b61647520a6e1f4c930bb73e64192e4087aab1e7ae,0.0
20261003T183020Z-b6869124,industrial,llm_full_html,dind-ozon.ru-4db869312af5e423,ozon.ru-run-none3.html,html/ozon.ru-run-none3.html,ozon.ru,ok,,,,57464.86619999632,24.0,24.0,24.0,False,,,,False,1.0,1.0,8ea00a4f16eee6164ee3935e78d997728747a277d878a778ae42c691122daf49,0.0
20261003T183020Z-b6869124,industrial,llm_full_html,dind-ozon.ru-d2cfdfef86ed8cff,ozon.ru-run-none4.html,html/ozon.ru-run-none4.html,ozon.ru,ok,,,,63913.044200016884,24.0,24.0,24.0,False,,,,False,1.0,1.0,199d5167d68b12fd7b889571a39c87020410922a34a91213d7c8bc32217a4862,0.0
20261003T183020Z-b6869124,industrial,llm_full_html,dind-ozon.ru-0f7383450d9788c2,ozon.ru-run-none5.html,html/ozon.ru-run-none5.html,ozon.ru,ok,,,,69163.43970000162,24.0,24.0,24.0,False,,,,False,1.0,1.0,b817163d431ed207fdbed7b86ed172b77473e7a25d6816c40c1e11c78d166dfc,0.0
20261003T183020Z-b6869124,industrial,llm_full_html,dind-ozon.ru-ff95e1b297ba3635,ozon.ru-run-none6.html,html/ozon.ru-run-none6.html,ozon.ru,ok,,,,78113.06579998927,24.0,24.0,24.0,False,,,,False,1.0,1.0,bb8ed85de9e11582da4852676bc6ed47de9c33d5bda3f9373c8e2baa9faa6e08,0.0
20261003T183020Z-b6869124,industrial,llm_full_html,dind-ozon.ru-1ed0c2b94bc03684,ozon.ru-run-none7.html,html/ozon.ru-run-none7.html,ozon.ru,ok,,,,52255.727899988415,16.0,16.0,16.0,False,,,,False,1.0,1.0,6587738ad1b1ea070f6218ee0cb447f7f578e88421122f1b1fbc2f576b8d5414,0.0
20261003T183020Z-b6869124,industrial,llm_full_html,dind-ozon.ru-00fd247071d4b382,ozon.ru-run-none8.html,html/ozon.ru-run-none8.html,ozon.ru,ok,,,,51294.92119999486,24.0,24.0,24.0,False,,,,False,1.0,1.0,9f981dc132eeb33ba6b1e3fe88dd017d1d14b44bea20d89cbe446b813023df2c,0.0
20261003T183020Z-b6869124,industrial,llm_full_html,dind-ozon.ru-7c09464ecd40c35c,ozon.ru-run-none9.html,html/ozon.ru-run-none9.html,ozon.ru,ok,,,,57509.60130000021,24.0,24.0,24.0,False,,,,False,1.0,1.0,d89005cabae83c5a74d997336cd172a3ceddb73e1332c68e5779aef1850d356f,0.0
20261003T183020Z-b6869124,industrial,llm_full_html,dind-ozon.ru-bc3414059b042541,ozon.ru-run-none10.html,html/ozon.ru-run-none10.html,ozon.ru,ok,,,,59829.3197999883,24.0,24.0,24.0,False,,,,False,1.0,1.0,f30a13ce0ce4427d13feb129454b2fb471eb0621b44d7e6090251ed6d9c66df6,0.0
20261003T183020Z-b6869124,industrial,llm_full_html,dind-ozon.ru-0af467e962767537,ozon.ru-run-none11.html,html/ozon.ru-run-none11.html,ozon.ru,ok,,,,60139.66220000293,24.0,24.0,24.0,False,,,,False,1.0,1.0,578a34162ac21a0474e3b371643db71bbc6b67cda1a16f4e2b1a43896b3d3c1d,0.0
20261003T183020Z-b6869124,industrial,llm_full_html,dind-ozon.ru-f0ada4e5d68779a7,ozon.ru-run-none12.html,html/ozon.ru-run-none12.html,ozon.ru,ok,,,,60243.95519998507,24.0,24.0,24.0,False,,,,False,1.0,1.0,2e232c56e223965984434dba754eef9f70cc86207fdbde7224316988f7f8836b,0.0
20261003T183020Z-b6869124,industrial,llm_full_html,dind-ozon.ru-0893ebc9dae9a0b6,ozon.ru-run-none13.html,html/ozon.ru-run-none13.html,ozon.ru,ok,,,,64745.633999991696,24.0,24.0,24.0,False,,,,False,1.0,1.0,4dbd6ae0b53fd27355eabb4cb36c208530db234b5f3541e9705a32b4e1e72c73,0.0
20261003T183020Z-b6869124,industrial,llm_full_html,dind-ozon.ru-9912b1cd9743ff61,ozon.ru-run-none14.html,html/ozon.ru-run-none14.html,ozon.ru,ok,,,,114610.07959998096,24.0,24.0,24.0,False,,,,False,1.0,1.0,a7d570d02c5534a2c04d88ffe8d948487e9420112bf2a4e3a01b6773d474f4d9,0.0
20261003T183020Z-b6869124,industrial,llm_full_html,dind-ozon.ru-c1c4d36f73fb1884,ozon.ru-run-none15.html,html/ozon.ru-run-none15.html,ozon.ru,ok,,,,55322.28779999423,24.0,24.0,24.0,False,,,,False,1.0,1.0,85119f35e5966577c56c7e7285bf91a692fb61a353a4e4bc17382f451b067c3f,0.0
20261003T183020Z-b6869124,industrial,llm_full_html,dind-ozon.ru-8cf713849b5ae916,ozon.ru-run-none16.html,html/ozon.ru-run-none16.html,ozon.ru,ok,,,,54675.4612000077,24.0,24.0,24.0,False,,,,False,1.0,1.0,a39dfa8441aa0d45c1ea85b35fa6e27b7d990fbf1e10790f020c08bee8cdd133,0.0
20261003T183020Z-b6869124,industrial,llm_full_html,dind-ozon.ru-ff68223ce1cea753,ozon.ru-run-none17.html,html/ozon.ru-run-none17.html,ozon.ru,ok,,,,78880.74660001439,39.0,39.0,39.0,False,,,,False,1.0,1.0,7ef2961aac511ede630d1ffa0bf122fecf530f03c0a768416c76e050aa159f6c,0.0
20261003T183020Z-b6869124,industrial,llm_full_html,dind-ozon.ru-af96b2643001265b,ozon.ru-run-none18.html,html/ozon.ru-run-none18.html,ozon.ru,ok,,,,53584.522199991625,24.0,24.0,24.0,False,,,,False,1.0,1.0,c08854a48cf10dbe168497da59ce07b5a24e1c94894681f26d4841feccf388c7,0.0
20261003T183020Z-b6869124,industrial,llm_full_html,dind-ozon.ru-b36c824831b3255e,ozon.ru-run-none19.html,html/ozon.ru-run-none19.html,ozon.ru,ok,,,,57155.28530001757,24.0,24.0,24.0,False,,,,False,1.0,1.0,d1b5294e075194c9adfa236d55abebee6c5a8bf0bd79abceca498b434f027ba6,0.0
20261003T183020Z-b6869124,industrial,llm_full_html,dind-ozon.ru-c0e19b1385e2c08d,ozon.ru-run-none20.html,html/ozon.ru-run-none20.html,ozon.ru,ok,,,,56157.1738999919,24.0,24.0,24.0,False,,,,False,1.0,1.0,7789ca3200d748b69e4b3fa25bca374d061d2389db6f88136f36cc04aa13ea46,0.0
20261003T183020Z-b6869124,industrial,llm_full_html,dind-ozon.ru-14349728faeae495,ozon.ru-run-none21.html,html/ozon.ru-run-none21.html,ozon.ru,ok,,,,68202.08799999091,32.0,32.0,32.0,False,,,,False,1.0,1.0,fc35e5b311a97caf9f440ebf2678cf8477c3b2df017c32e49f2d4797e8a16be6,0.0
20261003T183020Z-b6869124,industrial,llm_full_html,dind-ozon.ru-7fc3cd29b958b570,ozon.ru-run-none22.html,html/ozon.ru-run-none22.html,ozon.ru,ok,,,,58540.54750001524,24.0,24.0,24.0,False,,,,False,1.0,1.0,0649822060a12dab2038782b45106a7cad71c42a810e61bee7e350cc617b5308,0.0
20261003T183020Z-b6869124,industrial,llm_full_html,dind-ozon.ru-17ea1a246cc5c852,ozon.ru-run-none23.html,html/ozon.ru-run-none23.html,ozon.ru,ok,,,,57010.148400004255,24.0,24.0,24.0,False,,,,False,1.0,1.0,a94c52451679b182fe6293d9e5019280604504623bba9eda6577400876f89821,0.0
20261003T183020Z-b6869124,industrial,llm_full_html,dind-ozon.ru-664876f2c1bfe726,ozon.ru-run-none24.html,html/ozon.ru-run-none24.html,ozon.ru,ok,,,,48189.462900016224,20.0,20.0,20.0,False,,,,False,1.0,1.0,996585f0ac8481b66c4717ad89dc546901001ce52b94022e7cffefe7e0630bcf,0.0
20261003T183020Z-b6869124,industrial,llm_full_html,dind-ozon.ru-030d0fbe4dcf938f,ozon.ru-run-none25.html,html/ozon.ru-run-none25.html,ozon.ru,ok,,,,69629.99539999873,24.0,24.0,24.0,False,,,,False,1.0,1.0,ed76210a217c366d7e4d4a322db9165251b029b116d1660871a56059cdbb4b90,0.0
20261003T183020Z-b6869124,industrial,llm_full_html,dind-ozon.ru-2aee48801f977b0f,ozon.ru-run-none26.html,html/ozon.ru-run-none26.html,ozon.ru,ok,,,,56560.55110000307,24.0,24.0,24.0,False,,,,False,1.0,1.0,71c495fa138e27c69ee9e64e36cbdb1ab9b326a46572995ca3ed50fb367e207d,0.0
20261003T183020Z-b6869124,industrial,llm_full_html,dind-ozon.ru-981504bdf6f0c850,ozon.ru-run-none27.html,html/ozon.ru-run-none27.html,ozon.ru,ok,,,,57257.477000006475,24.0,24.0,24.0,False,,,,False,1.0,1.0,3e2ad936744cadc98e821c665941932360c0681a05f9bd6fcfe2e4965f43edab,0.0
20261003T183020Z-b6869124,industrial,llm_full_html,dind-ozon.ru-309ec1587fa9ccca,ozon.ru-run-none28.html,html/ozon.ru-run-none28.html,ozon.ru,ok,,,,56659.845100017264,24.0,24.0,24.0,False,,,,False,1.0,1.0,35e352693a7065d78ebd81e581a907675ba53260a518f0da8d65cfcc2a1ae177,0.0
20261003T183020Z-b6869124,industrial,llm_full_html,dind-ozon.ru-f0c4de7b7d4ddccc,ozon.ru-run-none29.html,html/ozon.ru-run-none29.html,ozon.ru,ok,,,,56952.00449999538,24.0,24.0,24.0,False,,,,False,1.0,1.0,350b0f7f4815b8660a566cba90d794a69ec4b10c3765a71c915eac82e3299e9d,0.0
20261003T183020Z-b6869124,industrial,llm_full_html,dind-ozon.ru-801ca96b303e9c70,ozon.ru-run-none30.html,html/ozon.ru-run-none30.html,ozon.ru,ok,,,,54514.821899996605,30.0,30.0,30.0,False,,,,False,1.0,1.0,cc687a097406f8e73a12c19c8a67a786ba180ee1cd3cdcbbcac4a75d48950e9a,0.0
20261003T183020Z-b6869124,industrial,llm_full_html,dind-ozon.ru-adcd554f73025799,ozon.ru-run-none31.html,html/ozon.ru-run-none31.html,ozon.ru,ok,,,,55941.55469999532,24.0,24.0,24.0,False,,,,False,1.0,1.0,a984071c35627517c6f58b55387fab91545fd5044fc88fbdb1b8da91262b9ec7,0.0
20261003T183020Z-b6869124,industrial,llm_full_html,dind-ozon.ru-0f3fe0ffc5075f97,ozon.ru-run-none32.html,html/ozon.ru-run-none32.html,ozon.ru,ok,,,,57644.61979997577,24.0,24.0,24.0,False,,,,False,1.0,1.0,85c5300d3bdbccb399cfd2c470bd75e96bb07017fba5b2febeef2a8c2947051d,0.0
20261003T183020Z-b6869124,industrial,llm_full_html,dind-ozon.ru-89cacbfd8e2ec95b,ozon.ru-run-none33.html,html/ozon.ru-run-none33.html,ozon.ru,ok,,,,56753.30809998559,24.0,24.0,24.0,False,,,,False,1.0,1.0,92ec27e35c751194bd07567d451a9f19659a13a66ba87c9ffd186f61f8392a48,0.0
20261003T183020Z-b6869124,industrial,llm_full_html,dind-ozon.ru-6574195d5864256d,ozon.ru-run-4f3eb2b3.html,html/ozon.ru-run-4f3eb2b3.html,ozon.ru,ok,,,,52149.65099998517,24.0,24.0,24.0,False,,,,False,1.0,1.0,64bf052b484985b976b3f7cb0b2a81b9f6caf9bc5e3c73b4a8f4ec4940405a68,0.0
20261003T183020Z-b6869124,industrial,llm_full_html,dind-ozon.ru-40d639e4db2530b7,ozon.ru-run-5df0fc85.html,html/ozon.ru-run-5df0fc85.html,ozon.ru,ok,,,,57578.89229999273,24.0,24.0,24.0,False,,,,False,1.0,1.0,41a37bf3f217f602e36d8e5cfd3560156702345f46173da61d3e806a37e515bb,0.0
20261003T183020Z-b6869124,industrial,llm_full_html,dind-ozon.ru-9eaf36f7f4aa57b5,ozon.ru-run-7a5dc852.html,html/ozon.ru-run-7a5dc852.html,ozon.ru,ok,,,,52862.770800013095,24.0,24.0,24.0,False,,,,False,1.0,1.0,afe55f4daa090f821a42698a1f00453fb02b839558ba974679821887e827a0e4,0.0
20261003T183020Z-b6869124,industrial,llm_full_html,dind-petrovich.ru-f5694ceb95402903,petrovich.ru-run-7ab9dec2.html,html/petrovich.ru-run-7ab9dec2.html,petrovich.ru,api_error,,,,12389.81779999449,0.0,0.0,0.0,False,api_error,,,False,1.0,1.0,b0ce2ef001b81a1a770c532a7b6e3fc8bf7d969c2f59553b7dcee2f3f5c49a5f,0.0
20261003T183020Z-b6869124,industrial,llm_full_html,dind-petrovich.ru-b70961cbdb8bd1e9,petrovich.ru-run-f37ca1e3.html,html/petrovich.ru-run-f37ca1e3.html,petrovich.ru,api_error,,,,11380.679099995177,0.0,0.0,0.0,False,api_error,,,False,1.0,1.0,f750978e43620f2e2865197d6c6de2afbd5dddb40336396931f568da22560ca8,0.0
20261003T183020Z-b6869124,industrial,llm_full_html,dind-rs24.ru-e37f5e34d947d094,rs24.ru-run-none1.html,html/rs24.ru-run-none1.html,rs24.ru,ok,,,,62059.20360001619,25.0,25.0,25.0,False,,,,False,1.0,1.0,6ddc9e5a4ee9dc703a00f877d9dd0fb84a566810b85f277656258d0cb98046c9,0.0
20261003T183020Z-b6869124,industrial,llm_full_html,dind-rs24.ru-1dae74c7261482fe,rs24.ru-run-none2.html,html/rs24.ru-run-none2.html,rs24.ru,ok,,,,58120.58919999981,25.0,25.0,25.0,False,,,,False,1.0,1.0,b1e067c3bd62651bf46e1f34af9b5138b68de1cdc124b8ad12f1e5762211a8e5,0.0
20261003T183020Z-b6869124,industrial,llm_full_html,dind-rs24.ru-a5509d4fda3f76ea,rs24.ru-run-none3.html,html/rs24.ru-run-none3.html,rs24.ru,ok,,,,51118.24759998126,22.0,22.0,22.0,False,,,,False,1.0,1.0,1d8fe2868cf02a209969c37cb3586682d950eff8d1cdd63d15ed23c5ede13751,0.0
20261003T183020Z-b6869124,industrial,llm_full_html,dind-rs24.ru-7f6c61bab65e335f,rs24.ru-run-none4.html,html/rs24.ru-run-none4.html,rs24.ru,ok,,,,27856.48700001184,1.0,1.0,1.0,False,,,,False,1.0,1.0,eade7291f79a58e7ade28257d880bec705829aaba52541c4972b029f02117755,0.0
20261003T183020Z-b6869124,industrial,llm_full_html,dind-rs24.ru-04d8d106bd9c940f,rs24.ru-run-none5.html,html/rs24.ru-run-none5.html,rs24.ru,ok,,,,59258.2512999943,25.0,25.0,25.0,False,,,,False,1.0,1.0,648fbf69407b265e7504dbe84f8b286b14d0eda9b5f31fb96287c6540eda94c0,0.0
20261003T183020Z-b6869124,industrial,llm_full_html,dind-rs24.ru-eef846de51e83979,rs24.ru-run-none6.html,html/rs24.ru-run-none6.html,rs24.ru,ok,,,,57587.99710002495,1.0,1.0,1.0,False,,,,False,1.0,1.0,7d9c848b718d0763539a1d866edfaa1bf3d8b8ac0a27c519e950f9d027d2773c,0.0
20261003T183020Z-b6869124,industrial,llm_full_html,dind-rs24.ru-675bf99e5b73b9d3,rs24.ru-run-none7.html,html/rs24.ru-run-none7.html,rs24.ru,ok,,,,28162.32500001206,1.0,1.0,1.0,False,,,,False,1.0,1.0,6f5596742a213b86c3896251b3b873cd5abc6e4ccb22220ef4ebcef120cc01e7,0.0
20261003T183020Z-b6869124,industrial,llm_full_html,dind-rs24.ru-c08b8e40b58e9b34,rs24.ru-run-none8.html,html/rs24.ru-run-none8.html,rs24.ru,ok,,,,11317.44680000702,1.0,1.0,1.0,False,,,,False,1.0,1.0,fab32b4f7f3ca29f09fd5843f5c7d6661659fc410ef61b43cceab403cf10469b,0.0
20261003T183020Z-b6869124,industrial,llm_full_html,dind-rs24.ru-f0ddc824358ea6a4,rs24.ru-run-none9.html,html/rs24.ru-run-none9.html,rs24.ru,ok,,,,29770.430500007933,1.0,1.0,1.0,False,,,,False,1.0,1.0,0f0392141f823395936070b7172b3da7eb9e84bc85172865e7d8a1cd0115b5d2,0.0
20261003T183020Z-b6869124,industrial,llm_full_html,dind-rs24.ru-9efe2cd0d7d6ad25,rs24.ru-run-04db4a0c.html,html/rs24.ru-run-04db4a0c.html,rs24.ru,ok,,,,87032.69689998706,25.0,25.0,25.0,False,,,,False,1.0,1.0,ead6fbb837aa903862da5e9fc7c3229198ceee91ef86cd78de1a8d46e00d403d,0.0
20261003T183020Z-b6869124,industrial,llm_full_html,dind-rs24.ru-5f1e642e572bd9cd,rs24.ru-run-80a083d9.html,html/rs24.ru-run-80a083d9.html,rs24.ru,ok,,,,59592.08279999439,25.0,25.0,25.0,False,,,,False,1.0,1.0,9dea714f7ee341e3e1497e58f5e7c1353987c02b9987ba7a94e391cd1bb065da,0.0
20261003T183020Z-b6869124,industrial,llm_full_html,dind-spb.kuvalda.ru-766cff99f79845f2,spb.kuvalda.ru-run-none1.html,html/spb.kuvalda.ru-run-none1.html,spb.kuvalda.ru,ok,,,,40904.14110000711,0.0,0.0,0.0,False,,,,False,1.0,1.0,bf3ea7cd620dc2564a142db89767e2dca8a0238a6df97ba99c22aefcccf95f7c,0.0
20261003T183020Z-b6869124,industrial,llm_full_html,dind-spb.tara.ru-c058547a7f8a948e,spb.tara.ru-run-none1.html,html/spb.tara.ru-run-none1.html,spb.tara.ru,ok,,,,11592.614599998342,0.0,0.0,0.0,False,,,,False,1.0,1.0,dc228c87e8d0d501f91ee590619d9ae43f1d04252b2d875c30a512e3eb348fa8,0.0
20261003T183020Z-b6869124,industrial,llm_full_html,dind-spb.tara.ru-eb7917756d3e38ce,spb.tara.ru-run-none2.html,html/spb.tara.ru-run-none2.html,spb.tara.ru,ok,,,,53783.892299979925,20.0,20.0,20.0,False,,,,False,1.0,1.0,447f01a87857bfbc1623efcc84d87037facd8c00f9e90a658c9e5ff0ce933c7e,0.0
20261003T183020Z-b6869124,industrial,llm_full_html,dind-spb.tara.ru-b247ce637fbd5bab,spb.tara.ru-run-none3.html,html/spb.tara.ru-run-none3.html,spb.tara.ru,ok,,,,9875.532499980181,0.0,0.0,0.0,False,,,,False,1.0,1.0,1f90ac440ad8d9d99cac9da834543439797cfaabc94485cfe182c134679212d1,0.0
20261003T183020Z-b6869124,industrial,llm_full_html,dind-spb.tara.ru-a5b72707164fdaac,spb.tara.ru-run-none4.html,html/spb.tara.ru-run-none4.html,spb.tara.ru,ok,,,,10395.715299993753,0.0,0.0,0.0,False,,,,False,1.0,1.0,5e60acc45bb3042982250e50cef861511ee998f68facdd0b26c93b0c420dcd37,0.0
20261003T183020Z-b6869124,industrial,llm_full_html,dind-spb.tara.ru-e38223cfffcc86d0,spb.tara.ru-run-none5.html,html/spb.tara.ru-run-none5.html,spb.tara.ru,ok,,,,54823.75599999796,20.0,20.0,20.0,False,,,,False,1.0,1.0,84fd5925e3cd8519cd2c768f6571ed25baea88aa8ec64ff5a7918f355bac1e5c,0.0
20261003T183020Z-b6869124,industrial,llm_full_html,dind-spb.tara.ru-6339f71a84c7fe3f,spb.tara.ru-run-none6.html,html/spb.tara.ru-run-none6.html,spb.tara.ru,ok,,,,97690.02090001595,20.0,20.0,20.0,False,,,,False,1.0,1.0,b5fb75d6d63c1fb294c42d8da69fb0d1428040b33f1fd5a69aef34eede7fcda9,0.0
20261003T183020Z-b6869124,industrial,llm_full_html,dind-tara.ru-29a986a694d3d56c,tara.ru-run-08e7e74c.html,html/tara.ru-run-08e7e74c.html,tara.ru,ok,,,,52355.7029000076,20.0,20.0,20.0,False,,,,False,1.0,1.0,ee88cd0ffd9ec209c9ac05fad4797bfc5f42b5148422905611c87848dab0d858,0.0
20261003T183020Z-b6869124,industrial,llm_full_html,dind-tara.ru-79d24cb7a3d97e32,tara.ru-run-26e00e9e.html,html/tara.ru-run-26e00e9e.html,tara.ru,ok,,,,52659.809700009646,20.0,20.0,20.0,False,,,,False,1.0,1.0,c6cfeaa4a45c9f345d7ce2d9c869f06c3dbb7dee03c4b525ad1f22ce4cc076d8,0.0
20261003T183020Z-b6869124,industrial,llm_full_html,dind-tara.ru-5dd436ea3dedcde3,tara.ru-run-6b43fab8.html,html/tara.ru-run-6b43fab8.html,tara.ru,ok,,,,40708.39700000943,0.0,0.0,0.0,False,,,,False,1.0,1.0,1ed921bfe53fac8f012e9901d490c957be16f3caab7a55fa18ede2821ca39241,0.0
20261003T183020Z-b6869124,industrial,llm_full_html,dind-tara.ru-996aa6565fe64523,tara.ru-run-a9c88d00.html,html/tara.ru-run-a9c88d00.html,tara.ru,ok,,,,10190.635800012387,0.0,0.0,0.0,False,,,,False,1.0,1.0,11947e2465c2cc3844105db107adf32c7c0fd1473f5a48eedc373ccac50384ff,0.0
20261003T183020Z-b6869124,industrial,llm_full_html,dind-vseinstrumenti.ru-f1a5402edd7ade81,vseinstrumenti.ru-run-8d52f5c4.html,html/vseinstrumenti.ru-run-8d52f5c4.html,vseinstrumenti.ru,output_truncated,,,,70208.92069998081,0.0,0.0,0.0,False,output_truncated,,,False,1.0,1.0,3a54a19c470489b8e1f716fafde0986e2318d3c750a16de1ba9d308f601d6212,0.0
20261003T183020Z-b6869124,industrial,llm_full_html,dind-wildberries.ru-ef3f50265721d3c2,wildberries.ru-run-none1.html,html/wildberries.ru-run-none1.html,wildberries.ru,ok,,,,101032.51739998814,39.0,39.0,39.0,False,,,,False,1.0,1.0,395a929631ad857c89e6b06e40984b409fb860e0c6fffc65403ade73c6d4b0da,0.0
20261003T183020Z-b6869124,industrial,llm_full_html,dind-wildberries.ru-70b945be0d4bf26a,wildberries.ru-run-none2.html,html/wildberries.ru-run-none2.html,wildberries.ru,ok,,,,67539.96799999732,0.0,0.0,0.0,False,,,,False,1.0,1.0,3c1bc85217fef208cccd04a08d099291fdd7f28204d07f58b892b98fcb082879,0.0
20261003T183020Z-b6869124,industrial,llm_full_html,dind-ximtek.ru-98dac1b01cd67510,ximtek.ru-run-none1.html,html/ximtek.ru-run-none1.html,ximtek.ru,ok,,,,34009.99680001405,12.0,12.0,12.0,False,,,,False,1.0,1.0,7ac088033a3b642bc55c9d22b08a865c980e7cf80c7b91f8b52f15876cead3df,0.0
20261003T183020Z-b6869124,industrial,llm_full_html,dind-ximtek.ru-f97bddb789d6b997,ximtek.ru-run-none2.html,html/ximtek.ru-run-none2.html,ximtek.ru,ok,,,,36566.04070001049,12.0,12.0,12.0,False,,,,False,1.0,1.0,186c61e76330c0280adfb19ba1c395a2043ae3456a9355f585e6a0b085c3c46b,0.0
20261003T183020Z-b6869124,industrial,llm_full_html,dind-ximtek.ru-abe2b1a972996824,ximtek.ru-run-none3.html,html/ximtek.ru-run-none3.html,ximtek.ru,ok,,,,24144.295999984024,0.0,0.0,0.0,False,,,,False,1.0,1.0,b536c5f859550441690cff864dab9efdcfebd93b370cb7f72dbf4efb447f4876,0.0
20261003T183020Z-b6869124,industrial,llm_full_html,dind-ximtek.ru-940ff623d7a49c34,ximtek.ru-run-none4.html,html/ximtek.ru-run-none4.html,ximtek.ru,ok,,,,28173.180500016315,0.0,0.0,0.0,False,,,,False,1.0,1.0,2be14a058cbdd52ae60db6a76ca2e2d64846f986684dd3c5ce3d92a8c1387ba1,0.0
20261003T183020Z-b6869124,industrial,llm_full_html,dind-ximtek.ru-c35012c3b47572b1,ximtek.ru-run-60625fbe.html,html/ximtek.ru-run-60625fbe.html,ximtek.ru,ok,,,,66675.03209999995,12.0,12.0,12.0,False,,,,False,1.0,1.0,5d4fb87fa88fc10f94ddad92287b5e7867dd7c83d21f635cfadb348cc62d309b,0.0
20261003T183020Z-b6869124,industrial,llm_full_html,dind-ximtek.ru-a6bdec3f9b446bd1,ximtek.ru-run-8572df63.html,html/ximtek.ru-run-8572df63.html,ximtek.ru,ok,,,,33214.615700009745,12.0,12.0,12.0,False,,,,False,1.0,1.0,9cfbe90cac63fe689024eb1eb50e7ef6bfd63f75ff5637efdd670dc8476da8eb,0.0
20261003T183020Z-b6869124,industrial,llm_full_html,dind-xn----7sbbnaebi2cxajxwo0b.xn--p1ai-20db32191ce1e849,xn----7sbbnaebi2cxajxwo0b.xn--p1ai-run-none1.html,html/xn----7sbbnaebi2cxajxwo0b.xn--p1ai-run-none1.html,xn----7sbbnaebi2cxajxwo0b.xn--p1ai,ok,,,,152456.044999999,106.0,106.0,106.0,False,,,,False,1.0,1.0,5591859057a6b23e4f0ccc893781aac95bb4728d79cbc5c55267efa8fc3bae3c,0.0
20261003T183020Z-b6869124,industrial,llm_full_html,dind-xn----7sbbnaebi2cxajxwo0b.xn--p1ai-fa2a381a67d4ba03,xn----7sbbnaebi2cxajxwo0b.xn--p1ai-run-none2.html,html/xn----7sbbnaebi2cxajxwo0b.xn--p1ai-run-none2.html,xn----7sbbnaebi2cxajxwo0b.xn--p1ai,ok,,,,117543.41380001279,102.0,102.0,102.0,False,,,,False,1.0,1.0,6a89ec09d060eb4d768bebde3e3dacf1ab3e0a02d2827ae48a1799ee90a81735,0.0
20261003T183020Z-b6869124,industrial,llm_full_html,dind-xn----7sbbnaebi2cxajxwo0b.xn--p1ai-a714f745fc2dada6,xn----7sbbnaebi2cxajxwo0b.xn--p1ai-run-none3.html,html/xn----7sbbnaebi2cxajxwo0b.xn--p1ai-run-none3.html,xn----7sbbnaebi2cxajxwo0b.xn--p1ai,ok,,,,122687.96410001232,106.0,106.0,106.0,False,,,,False,1.0,1.0,3e4026c908b44e09c615fd77a30f08d8ccd908d11a0bee119581d0a77a184f67,0.0
20261003T183020Z-b6869124,industrial,llm_full_html,dind-.-e142c05b90bdf168,unknown-run-7839236e.html,html/unknown-run-7839236e.html,спецодежда-тула.рф,ok,,,,134917.51460000523,102.0,102.0,102.0,False,,,,False,1.0,1.0,744d0482edae0ed8745d06791a9582423138d2b89b5cb00dd0ce3bf4ffe556e4,0.0
20261003T183020Z-b6869124,industrial,llm_full_html,dind-.-1c84d53a2c5b20ea,unknown-run-af7893e6.html,html/unknown-run-af7893e6.html,спецодежда-тула.рф,ok,,,,105527.43889999692,102.0,102.0,102.0,False,,,,False,1.0,1.0,fe9a791cfde6b1b1293496aaf1f015617f1dc5ef9f815a7e6bd74232446d188c,0.0
