page_id,entity_id,category,subcategory,name_gt,price_gt,product_url_gt,in_stock_gt,rating_gt,delivery_time_gt,region_gt,sku_gt,base_page_id,base_entity_id,html_file,mutation_axis
syn-0001,syn-0001-e01,construction_instruments,construction_instruments,Лазерный уровень ЛУ-360 Pro,12990,https://synthetic-shop.local/product/laser-level-01-01,0,4.1,1–3 дня,Москва,SYN-01-01,syn-0001,syn-0001-e01,html/syn-0001.html,clean
syn-0001,syn-0001-e02,construction_instruments,construction_instruments,Дальномер лазерный DM-80,7039,https://synthetic-shop.local/product/laser-rangefinder-01-02,1,4.2,2–4 дня,Москва,SYN-01-02,syn-0001,syn-0001-e02,html/syn-0001.html,clean
syn-0001,syn-0001-e03,construction_instruments,construction_instruments,Мультиметр цифровой M830 Pro,1916,https://synthetic-shop.local/product/multimeter-01-03,1,4.3,3–5 дня,Москва,SYN-01-03,syn-0001,syn-0001-e03,html/syn-0001.html,clean
syn-0001,syn-0001-e04,construction_instruments,construction_instruments,Тепловизор строительный IR-256,43800,https://synthetic-shop.local/product/thermal-camera-01-04,1,4.4,1–6 дня,Москва,SYN-01-04,syn-0001,syn-0001-e04,html/syn-0001.html,clean
syn-0001,syn-0001-e05,construction_instruments,construction_instruments,Нивелир оптический N-32,21490,https://synthetic-shop.local/product/optical-level-01-05,1,4.5,2–3 дня,Москва,SYN-01-05,syn-0001,syn-0001-e05,html/syn-0001.html,clean
syn-0002,syn-0002-e01,construction_instruments,construction_instruments,Тепловизор строительный IR-256,43200,https://synthetic-shop.local/product/thermal-camera-02-01,1,4.2,2–4 дня,Москва,SYN-02-01,syn-0002,syn-0002-e01,html/syn-0002.html,clean
syn-0002,syn-0002-e02,construction_instruments,construction_instruments,Нивелир оптический N-32,21790,https://synthetic-shop.local/product/optical-level-02-02,1,4.3,3–5 дня,Москва,SYN-02-02,syn-0002,syn-0002-e02,html/syn-0002.html,clean
syn-0002,syn-0002-e03,construction_instruments,construction_instruments,Детектор скрытой проводки WallScan 5,4686,https://synthetic-shop.local/product/wall-scanner-02-03,1,4.4,1–6 дня,Москва,SYN-02-03,syn-0002,syn-0002-e03,html/syn-0002.html,clean
syn-0002,syn-0002-e04,construction_instruments,construction_instruments,Анемометр цифровой AM-30,5290,https://synthetic-shop.local/product/anemometer-02-04,1,4.5,2–3 дня,Москва,SYN-02-04,syn-0002,syn-0002-e04,html/syn-0002.html,clean
syn-0002,syn-0002-e05,construction_instruments,construction_instruments,Пирометр инфракрасный IR-900,3514,https://synthetic-shop.local/product/pyrometer-02-05,1,4.6,3–4 дня,Москва,SYN-02-05,syn-0002,syn-0002-e05,html/syn-0002.html,clean
syn-0003,syn-0003-e01,construction_instruments,construction_instruments,Анемометр цифровой AM-30,5364,https://synthetic-shop.local/product/anemometer-03-01,1,4.3,3–5 дня,Москва,SYN-03-01,syn-0003,syn-0003-e01,html/syn-0003.html,clean
syn-0003,syn-0003-e02,construction_instruments,construction_instruments,Пирометр инфракрасный IR-900,3562,https://synthetic-shop.local/product/pyrometer-03-02,1,4.4,1–6 дня,Москва,SYN-03-02,syn-0003,syn-0003-e02,html/syn-0003.html,clean
syn-0003,syn-0003-e03,construction_instruments,construction_instruments,Толщиномер покрытий CT-1200,8990,https://synthetic-shop.local/product/coating-gauge-03-03,1,4.5,2–3 дня,Москва,SYN-03-03,syn-0003,syn-0003-e03,html/syn-0003.html,clean
syn-0003,syn-0003-e04,construction_instruments,construction_instruments,Мегаомметр цифровой MI-1000,16102,https://synthetic-shop.local/product/megohmmeter-03-04,1,4.6,3–4 дня,Москва,SYN-03-04,syn-0003,syn-0003-e04,html/syn-0003.html,clean
syn-0003,syn-0003-e05,construction_instruments,construction_instruments,Тестер розеток и УЗО ST-8,1816,https://synthetic-shop.local/product/socket-tester-03-05,1,4.7,1–5 дня,Москва,SYN-03-05,syn-0003,syn-0003-e05,html/syn-0003.html,clean
syn-0004,syn-0004-e01,construction_instruments,construction_instruments,Мегаомметр цифровой MI-1000,16326,https://synthetic-shop.local/product/megohmmeter-04-01,1,4.4,1–6 дня,Москва,SYN-04-01,syn-0004,syn-0004-e01,html/syn-0004.html,clean
syn-0004,syn-0004-e02,construction_instruments,construction_instruments,Тестер розеток и УЗО ST-8,1790,https://synthetic-shop.local/product/socket-tester-04-02,1,4.5,2–3 дня,Москва,SYN-04-02,syn-0004,syn-0004-e02,html/syn-0004.html,clean
syn-0004,syn-0004-e03,construction_instruments,construction_instruments,Люксметр LX-1010,3011,https://synthetic-shop.local/product/luxmeter-04-03,1,4.6,3–4 дня,Москва,SYN-04-03,syn-0004,syn-0004-e03,html/syn-0004.html,clean
syn-0004,syn-0004-e04,construction_instruments,construction_instruments,Влагомер древесины WM-2,3234,https://synthetic-shop.local/product/moisture-meter-04-04,1,4.7,1–5 дня,Москва,SYN-04-04,syn-0004,syn-0004-e04,html/syn-0004.html,clean
syn-0004,syn-0004-e05,construction_instruments,construction_instruments,Клещи токовые CM-600,6625,https://synthetic-shop.local/product/clamp-meter-04-05,0,4.8,2–6 дня,Москва,SYN-04-05,syn-0004,syn-0004-e05,html/syn-0004.html,clean
syn-0005,syn-0005-e01,construction_instruments,construction_instruments,Влагомер древесины WM-2,3190,https://synthetic-shop.local/product/moisture-meter-05-01,1,4.5,2–3 дня,Москва,SYN-05-01,syn-0005,syn-0005-e01,html/syn-0005.html,clean
syn-0005,syn-0005-e02,construction_instruments,construction_instruments,Клещи токовые CM-600,6535,https://synthetic-shop.local/product/clamp-meter-05-02,1,4.6,3–4 дня,Москва,SYN-05-02,syn-0005,syn-0005-e02,html/syn-0005.html,clean
syn-0005,syn-0005-e03,construction_instruments,construction_instruments,Угломер электронный AG-360,3844,https://synthetic-shop.local/product/angle-meter-05-03,1,4.7,1–5 дня,Москва,SYN-05-03,syn-0005,syn-0005-e03,html/syn-0005.html,clean
syn-0005,syn-0005-e04,construction_instruments,construction_instruments,Лазерный уровень ЛУ-360 Pro,13263,https://synthetic-shop.local/product/laser-level-05-04,0,4.8,2–6 дня,Москва,SYN-05-04,syn-0005,syn-0005-e04,html/syn-0005.html,clean
syn-0005,syn-0005-e05,construction_instruments,construction_instruments,Дальномер лазерный DM-80,6990,https://synthetic-shop.local/product/laser-rangefinder-05-05,1,4.9,3–3 дня,Москва,SYN-05-05,syn-0005,syn-0005-e05,html/syn-0005.html,clean
syn-0006,syn-0006-e01,construction_instruments,construction_instruments,Лазерный уровень ЛУ-360 Pro,13081,https://synthetic-shop.local/product/laser-level-06-01,1,4.6,3–4 дня,Москва,SYN-06-01,syn-0006,syn-0006-e01,html/syn-0006.html,clean
syn-0006,syn-0006-e02,construction_instruments,construction_instruments,Дальномер лазерный DM-80,7088,https://synthetic-shop.local/product/laser-rangefinder-06-02,1,4.7,1–5 дня,Москва,SYN-06-02,syn-0006,syn-0006-e02,html/syn-0006.html,clean
syn-0006,syn-0006-e03,construction_instruments,construction_instruments,Мультиметр цифровой M830 Pro,1929,https://synthetic-shop.local/product/multimeter-06-03,0,4.8,2–6 дня,Москва,SYN-06-03,syn-0006,syn-0006-e03,html/syn-0006.html,clean
syn-0006,syn-0006-e04,construction_instruments,construction_instruments,Тепловизор строительный IR-256,42900,https://synthetic-shop.local/product/thermal-camera-06-04,1,4.9,3–3 дня,Москва,SYN-06-04,syn-0006,syn-0006-e04,html/syn-0006.html,clean
syn-0006,syn-0006-e05,construction_instruments,construction_instruments,Нивелир оптический N-32,21640,https://synthetic-shop.local/product/optical-level-06-05,1,4.1,1–4 дня,Москва,SYN-06-05,syn-0006,syn-0006-e05,html/syn-0006.html,clean
syn-0007,syn-0007-e01,construction_instruments,construction_instruments,Тепловизор строительный IR-256,43500,https://synthetic-shop.local/product/thermal-camera-07-01,1,4.7,1–5 дня,Москва,SYN-07-01,syn-0007,syn-0007-e01,html/syn-0007.html,clean
syn-0007,syn-0007-e02,construction_instruments,construction_instruments,Нивелир оптический N-32,21940,https://synthetic-shop.local/product/optical-level-07-02,0,4.8,2–6 дня,Москва,SYN-07-02,syn-0007,syn-0007-e02,html/syn-0007.html,clean
syn-0007,syn-0007-e03,construction_instruments,construction_instruments,Детектор скрытой проводки WallScan 5,4590,https://synthetic-shop.local/product/wall-scanner-07-03,1,4.9,3–3 дня,Москва,SYN-07-03,syn-0007,syn-0007-e03,html/syn-0007.html,clean
syn-0007,syn-0007-e04,construction_instruments,construction_instruments,Анемометр цифровой AM-30,5327,https://synthetic-shop.local/product/anemometer-07-04,1,4.1,1–4 дня,Москва,SYN-07-04,syn-0007,syn-0007-e04,html/syn-0007.html,clean
syn-0007,syn-0007-e05,construction_instruments,construction_instruments,Пирометр инфракрасный IR-900,3538,https://synthetic-shop.local/product/pyrometer-07-05,1,4.2,2–5 дня,Москва,SYN-07-05,syn-0007,syn-0007-e05,html/syn-0007.html,clean
syn-0008,syn-0008-e01,construction_instruments,construction_instruments,Анемометр цифровой AM-30,5401,https://synthetic-shop.local/product/anemometer-08-01,0,4.8,2–6 дня,Москва,SYN-08-01,syn-0008,syn-0008-e01,html/syn-0008.html,clean
syn-0008,syn-0008-e02,construction_instruments,construction_instruments,Пирометр инфракрасный IR-900,3490,https://synthetic-shop.local/product/pyrometer-08-02,1,4.9,3–3 дня,Москва,SYN-08-02,syn-0008,syn-0008-e02,html/syn-0008.html,clean
syn-0008,syn-0008-e03,construction_instruments,construction_instruments,Толщиномер покрытий CT-1200,9053,https://synthetic-shop.local/product/coating-gauge-08-03,1,4.1,1–4 дня,Москва,SYN-08-03,syn-0008,syn-0008-e03,html/syn-0008.html,clean
syn-0008,syn-0008-e04,construction_instruments,construction_instruments,Мегаомметр цифровой MI-1000,16214,https://synthetic-shop.local/product/megohmmeter-08-04,1,4.2,2–5 дня,Москва,SYN-08-04,syn-0008,syn-0008-e04,html/syn-0008.html,clean
syn-0008,syn-0008-e05,construction_instruments,construction_instruments,Тестер розеток и УЗО ST-8,1829,https://synthetic-shop.local/product/socket-tester-08-05,1,4.3,3–6 дня,Москва,SYN-08-05,syn-0008,syn-0008-e05,html/syn-0008.html,clean
syn-0009,syn-0009-e01,construction_instruments,construction_instruments,Мегаомметр цифровой MI-1000,15990,https://synthetic-shop.local/product/megohmmeter-09-01,1,4.9,3–3 дня,Москва,SYN-09-01,syn-0009,syn-0009-e01,html/syn-0009.html,clean
syn-0009,syn-0009-e02,construction_instruments,construction_instruments,Тестер розеток и УЗО ST-8,1803,https://synthetic-shop.local/product/socket-tester-09-02,1,4.1,1–4 дня,Москва,SYN-09-02,syn-0009,syn-0009-e02,html/syn-0009.html,clean
syn-0009,syn-0009-e03,construction_instruments,construction_instruments,Люксметр LX-1010,3032,https://synthetic-shop.local/product/luxmeter-09-03,1,4.2,2–5 дня,Москва,SYN-09-03,syn-0009,syn-0009-e03,html/syn-0009.html,clean
syn-0009,syn-0009-e04,construction_instruments,construction_instruments,Влагомер древесины WM-2,3256,https://synthetic-shop.local/product/moisture-meter-09-04,1,4.3,3–6 дня,Москва,SYN-09-04,syn-0009,syn-0009-e04,html/syn-0009.html,clean
syn-0009,syn-0009-e05,construction_instruments,construction_instruments,Клещи токовые CM-600,6490,https://synthetic-shop.local/product/clamp-meter-09-05,1,4.4,1–3 дня,Москва,SYN-09-05,syn-0009,syn-0009-e05,html/syn-0009.html,clean
syn-0010,syn-0010-e01,construction_instruments,construction_instruments,Влагомер древесины WM-2,3212,https://synthetic-shop.local/product/moisture-meter-10-01,1,4.1,1–4 дня,Москва,SYN-10-01,syn-0010,syn-0010-e01,html/syn-0010.html,clean
syn-0010,syn-0010-e02,construction_instruments,construction_instruments,Клещи токовые CM-600,6580,https://synthetic-shop.local/product/clamp-meter-10-02,1,4.2,2–5 дня,Москва,SYN-10-02,syn-0010,syn-0010-e02,html/syn-0010.html,clean
syn-0010,syn-0010-e03,construction_instruments,construction_instruments,Угломер электронный AG-360,3871,https://synthetic-shop.local/product/angle-meter-10-03,1,4.3,3–6 дня,Москва,SYN-10-03,syn-0010,syn-0010-e03,html/syn-0010.html,clean
syn-0010,syn-0010-e04,construction_instruments,construction_instruments,Лазерный уровень ЛУ-360 Pro,12990,https://synthetic-shop.local/product/laser-level-10-04,1,4.4,1–3 дня,Москва,SYN-10-04,syn-0010,syn-0010-e04,html/syn-0010.html,clean
syn-0010,syn-0010-e05,construction_instruments,construction_instruments,Дальномер лазерный DM-80,7039,https://synthetic-shop.local/product/laser-rangefinder-10-05,1,4.5,2–4 дня,Москва,SYN-10-05,syn-0010,syn-0010-e05,html/syn-0010.html,clean
syn-0011,syn-0011-e01,stationery,stationery,Бумага офисная A4 80 г/м² 500 листов,599,https://synthetic-shop.local/product/a4-paper-11-01,1,4.2,2–5 дня,Москва,SYN-11-01,syn-0011,syn-0011-e01,html/syn-0011.html,clean
syn-0011,syn-0011-e02,stationery,stationery,Папка-регистратор 75 мм синяя,379,https://synthetic-shop.local/product/lever-arch-11-02,1,4.3,3–6 дня,Москва,SYN-11-02,syn-0011,syn-0011-e02,html/syn-0011.html,clean
syn-0011,syn-0011-e03,stationery,stationery,Маркер перманентный чёрный 2 мм,89,https://synthetic-shop.local/product/permanent-marker-11-03,1,4.4,1–3 дня,Москва,SYN-11-03,syn-0011,syn-0011-e03,html/syn-0011.html,clean
syn-0011,syn-0011-e04,stationery,stationery,Ручка гелевая синяя 0.5 мм,89,https://synthetic-shop.local/product/gel-pen-11-04,1,4.5,2–4 дня,Москва,SYN-11-04,syn-0011,syn-0011-e04,html/syn-0011.html,clean
syn-0011,syn-0011-e05,stationery,stationery,Скобы для степлера №24/6 1000 шт,139,https://synthetic-shop.local/product/staples-11-05,0,4.6,3–5 дня,Москва,SYN-11-05,syn-0011,syn-0011-e05,html/syn-0011.html,clean
syn-0012,syn-0012-e01,stationery,stationery,Ручка гелевая синяя 0.5 мм,109,https://synthetic-shop.local/product/gel-pen-12-01,1,4.3,3–6 дня,Москва,SYN-12-01,syn-0012,syn-0012-e01,html/syn-0012.html,clean
syn-0012,syn-0012-e02,stationery,stationery,Скобы для степлера №24/6 1000 шт,119,https://synthetic-shop.local/product/staples-12-02,1,4.4,1–3 дня,Москва,SYN-12-02,syn-0012,syn-0012-e02,html/syn-0012.html,clean
syn-0012,syn-0012-e03,stationery,stationery,Блокнот A5 96 листов клетка,299,https://synthetic-shop.local/product/notebook-a5-12-03,1,4.5,2–4 дня,Москва,SYN-12-03,syn-0012,syn-0012-e03,html/syn-0012.html,clean
syn-0012,syn-0012-e04,stationery,stationery,Этикетки самоклеящиеся 70×37 мм,669,https://synthetic-shop.local/product/labels-12-04,0,4.6,3–5 дня,Москва,SYN-12-04,syn-0012,syn-0012-e04,html/syn-0012.html,clean
syn-0012,syn-0012-e05,stationery,stationery,Клей-карандаш 21 г,169,https://synthetic-shop.local/product/glue-stick-12-05,1,4.7,1–6 дня,Москва,SYN-12-05,syn-0012,syn-0012-e05,html/syn-0012.html,clean
syn-0013,syn-0013-e01,stationery,stationery,Этикетки самоклеящиеся 70×37 мм,649,https://synthetic-shop.local/product/labels-13-01,1,4.4,1–3 дня,Москва,SYN-13-01,syn-0013,syn-0013-e01,html/syn-0013.html,clean
syn-0013,syn-0013-e02,stationery,stationery,Клей-карандаш 21 г,149,https://synthetic-shop.local/product/glue-stick-13-02,1,4.5,2–4 дня,Москва,SYN-13-02,syn-0013,syn-0013-e02,html/syn-0013.html,clean
syn-0013,syn-0013-e03,stationery,stationery,Файл-вкладыш A4 100 шт,519,https://synthetic-shop.local/product/sheet-protectors-13-03,0,4.6,3–5 дня,Москва,SYN-13-03,syn-0013,syn-0013-e03,html/syn-0013.html,clean
syn-0013,syn-0013-e04,stationery,stationery,Корректирующая лента 5 мм × 8 м,209,https://synthetic-shop.local/product/correction-tape-13-04,1,4.7,1–6 дня,Москва,SYN-13-04,syn-0013,syn-0013-e04,html/syn-0013.html,clean
syn-0013,syn-0013-e05,stationery,stationery,Бумага офисная A4 80 г/м² 500 листов,579,https://synthetic-shop.local/product/a4-paper-13-05,1,4.8,2–3 дня,Москва,SYN-13-05,syn-0013,syn-0013-e05,html/syn-0013.html,clean
syn-0014,syn-0014-e01,stationery,stationery,Корректирующая лента 5 мм × 8 м,189,https://synthetic-shop.local/product/correction-tape-14-01,1,4.5,2–4 дня,Москва,SYN-14-01,syn-0014,syn-0014-e01,html/syn-0014.html,clean
syn-0014,syn-0014-e02,stationery,stationery,Бумага офисная A4 80 г/м² 500 листов,599,https://synthetic-shop.local/product/a4-paper-14-02,0,4.6,3–5 дня,Москва,SYN-14-02,syn-0014,syn-0014-e02,html/syn-0014.html,clean
syn-0014,syn-0014-e03,stationery,stationery,Папка-регистратор 75 мм синяя,379,https://synthetic-shop.local/product/lever-arch-14-03,1,4.7,1–6 дня,Москва,SYN-14-03,syn-0014,syn-0014-e03,html/syn-0014.html,clean
syn-0014,syn-0014-e04,stationery,stationery,Маркер перманентный чёрный 2 мм,89,https://synthetic-shop.local/product/permanent-marker-14-04,1,4.8,2–3 дня,Москва,SYN-14-04,syn-0014,syn-0014-e04,html/syn-0014.html,clean
syn-0014,syn-0014-e05,stationery,stationery,Ручка гелевая синяя 0.5 мм,89,https://synthetic-shop.local/product/gel-pen-14-05,1,4.9,3–4 дня,Москва,SYN-14-05,syn-0014,syn-0014-e05,html/syn-0014.html,clean
syn-0015,syn-0015-e01,electronics,electronics,Монитор 27″ IPS QHD 165 Гц,29396,https://synthetic-shop.local/product/monitor-27-15-01,0,4.6,3–5 дня,Москва,SYN-15-01,syn-0015,syn-0015-e01,html/syn-0015.html,clean
syn-0015,syn-0015-e02,electronics,electronics,Источник бесперебойного питания 1000 ВА,12242,https://synthetic-shop.local/product/ups-1000-15-02,1,4.7,1–6 дня,Москва,SYN-15-02,syn-0015,syn-0015-e02,html/syn-0015.html,clean
syn-0015,syn-0015-e03,electronics,electronics,Клавиатура механическая USB,6490,https://synthetic-shop.local/product/mechanical-keyboard-15-03,1,4.8,2–3 дня,Москва,SYN-15-03,syn-0015,syn-0015-e03,html/syn-0015.html,clean
syn-0015,syn-0015-e04,electronics,electronics,Внешний SSD 2 ТБ USB-C,17109,https://synthetic-shop.local/product/portable-ssd-15-04,1,4.9,3–4 дня,Москва,SYN-15-04,syn-0015,syn-0015-e04,html/syn-0015.html,clean
syn-0015,syn-0015-e05,electronics,electronics,Веб-камера Full HD 1080p,4046,https://synthetic-shop.local/product/webcam-15-05,1,4.1,1–5 дня,Москва,SYN-15-05,syn-0015,syn-0015-e05,html/syn-0015.html,clean
syn-0016,syn-0016-e01,electronics,electronics,Внешний SSD 2 ТБ USB-C,17347,https://synthetic-shop.local/product/portable-ssd-16-01,1,4.7,1–6 дня,Москва,SYN-16-01,syn-0016,syn-0016-e01,html/syn-0016.html,clean
syn-0016,syn-0016-e02,electronics,electronics,Веб-камера Full HD 1080p,3990,https://synthetic-shop.local/product/webcam-16-02,1,4.8,2–3 дня,Москва,SYN-16-02,syn-0016,syn-0016-e02,html/syn-0016.html,clean
syn-0016,syn-0016-e03,electronics,electronics,Коммутатор 8-портовый Gigabit,4622,https://synthetic-shop.local/product/switch-8p-16-03,1,4.9,3–4 дня,Москва,SYN-16-03,syn-0016,syn-0016-e03,html/syn-0016.html,clean
syn-0016,syn-0016-e04,electronics,electronics,Мини-ПК 16 ГБ / 512 ГБ,36494,https://synthetic-shop.local/product/mini-pc-16-04,1,4.1,1–5 дня,Москва,SYN-16-04,syn-0016,syn-0016-e04,html/syn-0016.html,clean
syn-0016,syn-0016-e05,electronics,electronics,Наушники USB с микрофоном,3053,https://synthetic-shop.local/product/usb-headset-16-05,1,4.2,2–6 дня,Москва,SYN-16-05,syn-0016,syn-0016-e05,html/syn-0016.html,clean
syn-0017,syn-0017-e01,electronics,electronics,Мини-ПК 16 ГБ / 512 ГБ,35990,https://synthetic-shop.local/product/mini-pc-17-01,1,4.8,2–3 дня,Москва,SYN-17-01,syn-0017,syn-0017-e01,html/syn-0017.html,clean
syn-0017,syn-0017-e02,electronics,electronics,Наушники USB с микрофоном,3011,https://synthetic-shop.local/product/usb-headset-17-02,1,4.9,3–4 дня,Москва,SYN-17-02,syn-0017,syn-0017-e02,html/syn-0017.html,clean
syn-0017,syn-0017-e03,electronics,electronics,SSD накопитель 1 ТБ NVMe PCIe 4.0,8608,https://synthetic-shop.local/product/ssd-1tb-17-03,1,4.1,1–5 дня,Москва,SYN-17-03,syn-0017,syn-0017-e03,html/syn-0017.html,clean
syn-0017,syn-0017-e04,electronics,electronics,Маршрутизатор Wi‑Fi 6 AX3000,7137,https://synthetic-shop.local/product/wifi-router-17-04,1,4.2,2–6 дня,Москва,SYN-17-04,syn-0017,syn-0017-e04,html/syn-0017.html,clean
syn-0017,syn-0017-e05,electronics,electronics,Монитор 27″ IPS QHD 165 Гц,28990,https://synthetic-shop.local/product/monitor-27-17-05,1,4.3,3–3 дня,Москва,SYN-17-05,syn-0017,syn-0017-e05,html/syn-0017.html,clean
syn-0018,syn-0018-e01,electronics,electronics,Маршрутизатор Wi‑Fi 6 AX3000,7039,https://synthetic-shop.local/product/wifi-router-18-01,1,4.9,3–4 дня,Москва,SYN-18-01,syn-0018,syn-0018-e01,html/syn-0018.html,clean
syn-0018,syn-0018-e02,electronics,electronics,Монитор 27″ IPS QHD 165 Гц,29396,https://synthetic-shop.local/product/monitor-27-18-02,1,4.1,1–5 дня,Москва,SYN-18-02,syn-0018,syn-0018-e02,html/syn-0018.html,clean
syn-0018,syn-0018-e03,electronics,electronics,Источник бесперебойного питания 1000 ВА,12242,https://synthetic-shop.local/product/ups-1000-18-03,1,4.2,2–6 дня,Москва,SYN-18-03,syn-0018,syn-0018-e03,html/syn-0018.html,clean
syn-0018,syn-0018-e04,electronics,electronics,Клавиатура механическая USB,6490,https://synthetic-shop.local/product/mechanical-keyboard-18-04,1,4.3,3–3 дня,Москва,SYN-18-04,syn-0018,syn-0018-e04,html/syn-0018.html,clean
syn-0018,syn-0018-e05,electronics,electronics,Внешний SSD 2 ТБ USB-C,17109,https://synthetic-shop.local/product/portable-ssd-18-05,0,4.4,1–4 дня,Москва,SYN-18-05,syn-0018,syn-0018-e05,html/syn-0018.html,clean
syn-0019,syn-0019-e01,other,household_chemicals,Средство для очистки поверхностей 5 л,1310,https://synthetic-shop.local/product/surface-cleaner-19-01,1,4.1,1–5 дня,Москва,SYN-19-01,syn-0019,syn-0019-e01,html/syn-0019.html,clean
syn-0019,syn-0019-e02,other,household_chemicals,Мыло жидкое профессиональное 5 л,1020,https://synthetic-shop.local/product/liquid-soap-19-02,1,4.2,2–6 дня,Москва,SYN-19-02,syn-0019,syn-0019-e02,html/syn-0019.html,clean
syn-0019,syn-0019-e03,other,household_chemicals,Очиститель стекол концентрат 1 л,690,https://synthetic-shop.local/product/glass-cleaner-19-03,1,4.3,3–3 дня,Москва,SYN-19-03,syn-0019,syn-0019-e03,html/syn-0019.html,clean
syn-0019,syn-0019-e04,other,ppe,Перчатки защитные нитриловые 100 шт,1500,https://synthetic-shop.local/product/nitrile-gloves-19-04,0,4.4,1–4 дня,Москва,SYN-19-04,syn-0019,syn-0019-e04,html/syn-0019.html,clean
syn-0019,syn-0019-e05,other,ppe,Респиратор складной FFP2 10 шт,1210,https://synthetic-shop.local/product/respirator-ffp2-19-05,1,4.5,2–5 дня,Москва,SYN-19-05,syn-0019,syn-0019-e05,html/syn-0019.html,clean
syn-0020,syn-0020-e01,other,ppe,Очки защитные прозрачные,620,https://synthetic-shop.local/product/safety-glasses-20-01,1,4.2,2–6 дня,Москва,SYN-20-01,syn-0020,syn-0020-e01,html/syn-0020.html,clean
syn-0020,syn-0020-e02,other,containers,Контейнер пластиковый 45 л с крышкой,1890,https://synthetic-shop.local/product/container-45l-20-02,1,4.3,3–3 дня,Москва,SYN-20-02,syn-0020,syn-0020-e02,html/syn-0020.html,clean
syn-0020,syn-0020-e03,other,containers,Ящик складской 600×400×220 мм,2507,https://synthetic-shop.local/product/warehouse-box-20-03,0,4.4,1–4 дня,Москва,SYN-20-03,syn-0020,syn-0020-e03,html/syn-0020.html,clean
syn-0020,syn-0020-e04,other,containers,Канистра 20 л пищевая,1110,https://synthetic-shop.local/product/canister-20l-20-04,1,4.5,2–5 дня,Москва,SYN-20-04,syn-0020,syn-0020-e04,html/syn-0020.html,clean
syn-0020,syn-0020-e05,other,containers,Ведро пластиковое 12 л с крышкой,520,https://synthetic-shop.local/product/bucket-12l-20-05,1,4.6,3–6 дня,Москва,SYN-20-05,syn-0020,syn-0020-e05,html/syn-0020.html,clean
