relative_path,bytes
artifact_manifest.csv,2731
figures\01_entity_f1_by_dataset.png,65313
figures\02_entity_recall_by_dataset.png,69211
figures\03_entity_precision_by_dataset.png,73130
figures\04_precision_recall_scatter.png,98306
figures\04b_precision_recall_scatter_zoom_090_100.png,100803
figures\05_field_f1_industrial.png,52844
figures\05_field_f1_robustness.png,54228
figures\05_field_f1_synthetic.png,53221
figures\06_development_group_entity_f1.png,57017
figures\06_development_group_entity_p.png,57447
figures\06_development_group_entity_r.png,57786
figures\07_per_domain_f1_heatmap.png,152630
figures\08_hybrid_delta_f1_by_domain.png,158108
figures\09_entity_fn_counts.png,65367
figures\09_entity_fp_counts.png,59118
figures\10_error_label_taxonomy.png,97601
figures\11_name_similarity_distribution.png,68146
figures\12_price_relative_error_distribution.png,82955
figures\13_robustness_f1_by_mutation_axis.png,111006
figures\14_page_level_f1_distribution.png,59536
figures\15_candidate_count_vs_false_negatives.png,127498
figures\16_industrial_f1_by_html_size.png,123585
figures\17_cost_quality_pareto.png,90348
figures\18_token_quality_pareto.png,99381
figures\19_industrial_f1_bootstrap_ci.png,66464
figures\20_hybrid_fn_recovery_by_page.png,78842
figures\21_cost_quality_token_bubble.png,117963
figures\22_domain_hybrid_vs_deterministic_bubble.png,169230
figures\23_domain_precision_recall_delta_bubble.png,130146
figures\24_page_hybrid_vs_deterministic_bubble.png,136271
figures\25_html_size_vs_page_f1_scatter.png,165891
figures\26_candidate_count_vs_page_f1_bubble.png,202045
figures\27_llm_api_latency_min_mean_max.png,58310
figures\28_llm_api_latency_ecdf.png,106767
figures\29_llm_latency_vs_accuracy.png,92287
figures\30_local_extraction_latency_vs_accuracy.png,95390
tables\bootstrap_page_f1_ci.csv,1344
tables\comparability_counts.csv,376
tables\cost_quality_summary.csv,808
tables\development_split_metrics.csv,684
tables\domain_macro_metrics.csv,438
tables\error_label_counts.csv,846
tables\hybrid_error_type_counts.csv,182
tables\hybrid_extraction_status_counts.csv,243
tables\hybrid_recovery_by_page.csv,27483
tables\hybrid_recovery_summary.csv,166
tables\hybrid_routing_summary.csv,501
tables\hybrid_vs_full_llm_efficiency.csv,313
tables\industrial_by_html_size_bin.csv,1378
tables\latency_summary.csv,2074
tables\overall_metrics.csv,1826
tables\paired_page_effects_industrial.csv,553
tables\paper_domain_shift_table.csv,582
tables\paper_main_quality_table.csv,886
tables\per_domain_f1_deltas.csv,1927
tables\per_domain_metrics.csv,5838
tables\robustness_by_mutation_axis.csv,895
tables\saved_llm_api_latency_by_page.csv,81825
tables\saved_llm_api_latency_summary.csv,789
