benchmark_run_id,dataset,variant,page_id,html_file,query,page_status,is_scored,gt_positive_count,prediction_count,matched_gt,missing_prediction,unmatched_prediction,page_has_products_ok,entity_TP,entity_FP,entity_FN,name_TP,name_FP,name_FN,price_TP,price_FP,price_FN,manifest__dataset,manifest__html_file,manifest__html_key,manifest__run_id,manifest__source,manifest__html_path,manifest__page_url,manifest__source_url,manifest__query,manifest__location,manifest__route,manifest__artifact_kind,manifest__skip_reason,manifest__content_sha256,manifest__expected_sha256,page_meta__artifact_path,page_meta__base_page_id,page_meta__base_template,page_meta__benchmark_html_file,page_meta__category,page_meta__dataset_version,page_meta__mutation_axis,page_meta__n_entities,page_meta__page_id,page_meta__page_url,page_meta__sha256,page_meta__source,page_meta__variant_idx,source,run_id,location,route,extraction_status,html_read_ms,html_parse_ms,extract_ms,candidate_count,deduplicated_count,returned_count,candidate_limit_hit,error_type,error_message,error_traceback,replay_cached,llm_attempts,new_llm_attempts,request_sha256,rejected_count,gt_price_present_count,gt_price_absent_count,gt_price_unannotated_count,matched_name_similarity_mean,matched_price_MAE,matched_price_MAPE,unexpected_price_FP,page_TP,page_FP,page_FN,page_TN,entity_P,entity_R,entity_F1,name_P,name_R,name_F1,price_P,price_R,price_F1
20261003T183020Z-b6869124,synthetic,llm_full_html,syn-0001,html/syn-0001.html,,positive,True,12,12,12,0,0,1,12,0,0,12,0,0,12,0,0,synthetic,html/syn-0001.html,syn-0001.html,run-none1,synthetic-shop.local,D:\Pet_Codes\science\article-price-tracker\synthetic\html\syn-0001.html,https://synthetic-shop.local/search/syn-0001,https://synthetic-shop.local/search/syn-0001,,,,raw_html,,2d4bdcdb4963e720995958dc786d3e224b8a64be58fa44a8fd74fba27415435a,2d4bdcdb4963e720995958dc786d3e224b8a64be58fa44a8fd74fba27415435a,html/syn-0001.html,syn-0001,jsonld_cards,html/syn-0001.html,construction_instruments,synthetic-v2-12to30,clean,12,syn-0001,https://synthetic-shop.local/search/syn-0001,2d4bdcdb4963e720995958dc786d3e224b8a64be58fa44a8fd74fba27415435a,synthetic-shop.local,0,synthetic-shop.local,run-none1,,,ok,,,,12,12,12,False,,,,True,1,0,c0a96e8f6c67feb177ef363f02bc9950a65c0cfc49967c809f179c10e35c5f47,0,12,0,0,1.0,0.0,0.0,0,1,0,0,0,1.0,1.0,1.0,1.0,1.0,1.0,1.0,1.0,1.0
20261003T183020Z-b6869124,synthetic,llm_full_html,syn-0002,html/syn-0002.html,,positive,True,30,30,30,0,0,1,30,0,0,30,0,0,30,0,0,synthetic,html/syn-0002.html,syn-0002.html,run-none2,synthetic-shop.local,D:\Pet_Codes\science\article-price-tracker\synthetic\html\syn-0002.html,https://synthetic-shop.local/search/syn-0002,https://synthetic-shop.local/search/syn-0002,,,,raw_html,,a39bcf301c232227a02a6e20995e9ffaecc142b03873da3757c52115ad7ee6c5,a39bcf301c232227a02a6e20995e9ffaecc142b03873da3757c52115ad7ee6c5,html/syn-0002.html,syn-0002,microdata_cards,html/syn-0002.html,construction_instruments,synthetic-v2-12to30,clean,30,syn-0002,https://synthetic-shop.local/search/syn-0002,a39bcf301c232227a02a6e20995e9ffaecc142b03873da3757c52115ad7ee6c5,synthetic-shop.local,0,synthetic-shop.local,run-none2,,,ok,,,,30,30,30,False,,,,True,1,0,2e54812cb9de751c0493d6a7554b05d6d9e2f323f322681491201c926cf22247,0,30,0,0,1.0,0.0,0.0,0,1,0,0,0,1.0,1.0,1.0,1.0,1.0,1.0,1.0,1.0,1.0
20261003T183020Z-b6869124,synthetic,llm_full_html,syn-0003,html/syn-0003.html,,positive,True,16,16,16,0,0,1,16,0,0,16,0,0,16,0,0,synthetic,html/syn-0003.html,syn-0003.html,run-none3,synthetic-shop.local,D:\Pet_Codes\science\article-price-tracker\synthetic\html\syn-0003.html,https://synthetic-shop.local/search/syn-0003,https://synthetic-shop.local/search/syn-0003,,,,raw_html,,6d6ec5b9b3699f55416d31d83e697dcbb666923331b40e689d78bd1e7683f851,6d6ec5b9b3699f55416d31d83e697dcbb666923331b40e689d78bd1e7683f851,html/syn-0003.html,syn-0003,plain_cards,html/syn-0003.html,construction_instruments,synthetic-v2-12to30,clean,16,syn-0003,https://synthetic-shop.local/search/syn-0003,6d6ec5b9b3699f55416d31d83e697dcbb666923331b40e689d78bd1e7683f851,synthetic-shop.local,0,synthetic-shop.local,run-none3,,,ok,,,,16,16,16,False,,,,True,1,0,5c7f33503818ad6a390669e113ed143ff8b9c4ec7103a61a1ec04e061e09b67a,0,16,0,0,1.0,0.0,0.0,0,1,0,0,0,1.0,1.0,1.0,1.0,1.0,1.0,1.0,1.0,1.0
20261003T183020Z-b6869124,synthetic,llm_full_html,syn-0004,html/syn-0004.html,,positive,True,26,26,26,0,0,1,26,0,0,26,0,0,26,0,0,synthetic,html/syn-0004.html,syn-0004.html,run-none4,synthetic-shop.local,D:\Pet_Codes\science\article-price-tracker\synthetic\html\syn-0004.html,https://synthetic-shop.local/search/syn-0004,https://synthetic-shop.local/search/syn-0004,,,,raw_html,,d20b46b9f7be422a2aabd626e1c2f9cdf1be0fc7aa871002fac4f2f9ea32ae83,d20b46b9f7be422a2aabd626e1c2f9cdf1be0fc7aa871002fac4f2f9ea32ae83,html/syn-0004.html,syn-0004,embedded_state,html/syn-0004.html,construction_instruments,synthetic-v2-12to30,clean,26,syn-0004,https://synthetic-shop.local/search/syn-0004,d20b46b9f7be422a2aabd626e1c2f9cdf1be0fc7aa871002fac4f2f9ea32ae83,synthetic-shop.local,0,synthetic-shop.local,run-none4,,,ok,,,,26,26,26,False,,,,True,1,0,36a6b628acae6803633d8c67d6d492d8004adf2dd862d4abd52910436e21a6cb,0,26,0,0,1.0,0.0,0.0,0,1,0,0,0,1.0,1.0,1.0,1.0,1.0,1.0,1.0,1.0,1.0
20261003T183020Z-b6869124,synthetic,llm_full_html,syn-0005,html/syn-0005.html,,positive,True,14,14,14,0,0,1,14,0,0,14,0,0,14,0,0,synthetic,html/syn-0005.html,syn-0005.html,run-none5,synthetic-shop.local,D:\Pet_Codes\science\article-price-tracker\synthetic\html\syn-0005.html,https://synthetic-shop.local/search/syn-0005,https://synthetic-shop.local/search/syn-0005,,,,raw_html,,bb672f6bd3b95803a813d4c08f80212df2ec968dcc732f2b08d9a5087510aeb9,bb672f6bd3b95803a813d4c08f80212df2ec968dcc732f2b08d9a5087510aeb9,html/syn-0005.html,syn-0005,detail_grid,html/syn-0005.html,construction_instruments,synthetic-v2-12to30,clean,14,syn-0005,https://synthetic-shop.local/search/syn-0005,bb672f6bd3b95803a813d4c08f80212df2ec968dcc732f2b08d9a5087510aeb9,synthetic-shop.local,0,synthetic-shop.local,run-none5,,,ok,,,,14,14,14,False,,,,True,1,0,a81d1115f7cfc45d862cb011f5f53bb9dfa5e4ac0f5953030b09495f539a7970,0,14,0,0,1.0,0.0,0.0,0,1,0,0,0,1.0,1.0,1.0,1.0,1.0,1.0,1.0,1.0,1.0
20261003T183020Z-b6869124,synthetic,llm_full_html,syn-0006,html/syn-0006.html,,positive,True,28,28,28,0,0,1,28,0,0,28,0,0,28,0,0,synthetic,html/syn-0006.html,syn-0006.html,run-none6,synthetic-shop.local,D:\Pet_Codes\science\article-price-tracker\synthetic\html\syn-0006.html,https://synthetic-shop.local/search/syn-0006,https://synthetic-shop.local/search/syn-0006,,,,raw_html,,f87f133a29b1b6e889cea9bcf82116157bb3c226a0fd0ad8c1d065bcc9175c45,f87f133a29b1b6e889cea9bcf82116157bb3c226a0fd0ad8c1d065bcc9175c45,html/syn-0006.html,syn-0006,table_listing,html/syn-0006.html,construction_instruments,synthetic-v2-12to30,clean,28,syn-0006,https://synthetic-shop.local/search/syn-0006,f87f133a29b1b6e889cea9bcf82116157bb3c226a0fd0ad8c1d065bcc9175c45,synthetic-shop.local,0,synthetic-shop.local,run-none6,,,ok,,,,28,28,28,False,,,,True,1,0,ff501f1b2aaa00005be24871d1925fb2fcc59e4bb172ac3370106627025e2fa5,0,28,0,0,1.0,0.0,0.0,0,1,0,0,0,1.0,1.0,1.0,1.0,1.0,1.0,1.0,1.0,1.0
20261003T183020Z-b6869124,synthetic,llm_full_html,syn-0007,html/syn-0007.html,,positive,True,18,18,18,0,0,1,18,0,0,18,0,0,18,0,0,synthetic,html/syn-0007.html,syn-0007.html,run-none7,synthetic-shop.local,D:\Pet_Codes\science\article-price-tracker\synthetic\html\syn-0007.html,https://synthetic-shop.local/search/syn-0007,https://synthetic-shop.local/search/syn-0007,,,,raw_html,,a9c1a50a5dd52caa17ff9928e5ffee0ca83a95a149f3f63eb130c5dbee1964a0,a9c1a50a5dd52caa17ff9928e5ffee0ca83a95a149f3f63eb130c5dbee1964a0,html/syn-0007.html,syn-0007,semantic_articles,html/syn-0007.html,construction_instruments,synthetic-v2-12to30,clean,18,syn-0007,https://synthetic-shop.local/search/syn-0007,a9c1a50a5dd52caa17ff9928e5ffee0ca83a95a149f3f63eb130c5dbee1964a0,synthetic-shop.local,0,synthetic-shop.local,run-none7,,,ok,,,,18,18,18,False,,,,True,1,0,8052430a569ae20911513a91ff5bcb3afcf22eceb416d05230125e8708322944,0,18,0,0,1.0,0.0,0.0,0,1,0,0,0,1.0,1.0,1.0,1.0,1.0,1.0,1.0,1.0,1.0
20261003T183020Z-b6869124,synthetic,llm_full_html,syn-0008,html/syn-0008.html,,positive,True,24,24,24,0,0,1,24,0,0,24,0,0,24,0,0,synthetic,html/syn-0008.html,syn-0008.html,run-none8,synthetic-shop.local,D:\Pet_Codes\science\article-price-tracker\synthetic\html\syn-0008.html,https://synthetic-shop.local/search/syn-0008,https://synthetic-shop.local/search/syn-0008,,,,raw_html,,53f2ef720158e326c4f2392d1093d55dba8197d42c99b73054f84495977ae35c,53f2ef720158e326c4f2392d1093d55dba8197d42c99b73054f84495977ae35c,html/syn-0008.html,syn-0008,data_attrs,html/syn-0008.html,construction_instruments,synthetic-v2-12to30,clean,24,syn-0008,https://synthetic-shop.local/search/syn-0008,53f2ef720158e326c4f2392d1093d55dba8197d42c99b73054f84495977ae35c,synthetic-shop.local,0,synthetic-shop.local,run-none8,,,ok,,,,24,24,24,False,,,,True,1,0,37b44553dd2740aef14df34d197797e21c2c51c3b2e8d798aa1137f82d255303,0,24,0,0,1.0,0.0,0.0,0,1,0,0,0,1.0,1.0,1.0,1.0,1.0,1.0,1.0,1.0,1.0
20261003T183020Z-b6869124,synthetic,llm_full_html,syn-0009,html/syn-0009.html,,positive,True,20,20,20,0,0,1,20,0,0,20,0,0,20,0,0,synthetic,html/syn-0009.html,syn-0009.html,run-none9,synthetic-shop.local,D:\Pet_Codes\science\article-price-tracker\synthetic\html\syn-0009.html,https://synthetic-shop.local/search/syn-0009,https://synthetic-shop.local/search/syn-0009,,,,raw_html,,bc815a27f76fa64759808dd32a941f000681dab58b9b5d972853d82ebb48d1ad,bc815a27f76fa64759808dd32a941f000681dab58b9b5d972853d82ebb48d1ad,html/syn-0009.html,syn-0009,nested_cards,html/syn-0009.html,construction_instruments,synthetic-v2-12to30,clean,20,syn-0009,https://synthetic-shop.local/search/syn-0009,bc815a27f76fa64759808dd32a941f000681dab58b9b5d972853d82ebb48d1ad,synthetic-shop.local,0,synthetic-shop.local,run-none9,,,ok,,,,20,20,20,False,,,,True,1,0,ed1ff87ab725c26190edf5ece5a303c8c0b8c8527e4d146927427e1667e0b4ad,0,20,0,0,1.0,0.0,0.0,0,1,0,0,0,1.0,1.0,1.0,1.0,1.0,1.0,1.0,1.0,1.0
20261003T183020Z-b6869124,synthetic,llm_full_html,syn-0010,html/syn-0010.html,,positive,True,22,22,22,0,0,1,22,0,0,22,0,0,22,0,0,synthetic,html/syn-0010.html,syn-0010.html,run-none10,synthetic-shop.local,D:\Pet_Codes\science\article-price-tracker\synthetic\html\syn-0010.html,https://synthetic-shop.local/search/syn-0010,https://synthetic-shop.local/search/syn-0010,,,,raw_html,,bfcbb14602e7c105122610f1a3fc6350277a154800b841565c8411afd61012e0,bfcbb14602e7c105122610f1a3fc6350277a154800b841565c8411afd61012e0,html/syn-0010.html,syn-0010,mixed_markup,html/syn-0010.html,construction_instruments,synthetic-v2-12to30,clean,22,syn-0010,https://synthetic-shop.local/search/syn-0010,bfcbb14602e7c105122610f1a3fc6350277a154800b841565c8411afd61012e0,synthetic-shop.local,0,synthetic-shop.local,run-none10,,,ok,,,,22,22,22,False,,,,True,1,0,8f6617a6fd61bf3062bbeb5318c75bc551e1a84fdcd394c35a1735b7b990c9d2,0,22,0,0,1.0,0.0,0.0,0,1,0,0,0,1.0,1.0,1.0,1.0,1.0,1.0,1.0,1.0,1.0
20261003T183020Z-b6869124,synthetic,llm_full_html,syn-0011,html/syn-0011.html,,positive,True,30,30,30,0,0,1,30,0,0,30,0,0,30,0,0,synthetic,html/syn-0011.html,syn-0011.html,run-none11,synthetic-shop.local,D:\Pet_Codes\science\article-price-tracker\synthetic\html\syn-0011.html,https://synthetic-shop.local/search/syn-0011,https://synthetic-shop.local/search/syn-0011,,,,raw_html,,7aafe5fc640d6267c54476ff6e182446ccc95f330bc6e2d02e5d86319cd37f47,7aafe5fc640d6267c54476ff6e182446ccc95f330bc6e2d02e5d86319cd37f47,html/syn-0011.html,syn-0011,jsonld_cards,html/syn-0011.html,stationery,synthetic-v2-12to30,clean,30,syn-0011,https://synthetic-shop.local/search/syn-0011,7aafe5fc640d6267c54476ff6e182446ccc95f330bc6e2d02e5d86319cd37f47,synthetic-shop.local,0,synthetic-shop.local,run-none11,,,ok,,,,30,30,30,False,,,,True,1,0,1aca6a6f3037bc81a4045bc13c290f5f9cd741c79a93fcd5f9733ff3d4708517,0,30,0,0,1.0,0.0,0.0,0,1,0,0,0,1.0,1.0,1.0,1.0,1.0,1.0,1.0,1.0,1.0
20261003T183020Z-b6869124,synthetic,llm_full_html,syn-0012,html/syn-0012.html,,positive,True,12,12,12,0,0,1,12,0,0,12,0,0,12,0,0,synthetic,html/syn-0012.html,syn-0012.html,run-none12,synthetic-shop.local,D:\Pet_Codes\science\article-price-tracker\synthetic\html\syn-0012.html,https://synthetic-shop.local/search/syn-0012,https://synthetic-shop.local/search/syn-0012,,,,raw_html,,bdee06f39b8b2d8b513b2dcd1a90888034095c435cf8ece5eabad99896bfed3f,bdee06f39b8b2d8b513b2dcd1a90888034095c435cf8ece5eabad99896bfed3f,html/syn-0012.html,syn-0012,microdata_cards,html/syn-0012.html,stationery,synthetic-v2-12to30,clean,12,syn-0012,https://synthetic-shop.local/search/syn-0012,bdee06f39b8b2d8b513b2dcd1a90888034095c435cf8ece5eabad99896bfed3f,synthetic-shop.local,0,synthetic-shop.local,run-none12,,,ok,,,,12,12,12,False,,,,True,1,0,1caa6aa9fb8e865ea0809956c81fda9a7d27caa18bd142bedc10847e861508f3,0,12,0,0,1.0,0.0,0.0,0,1,0,0,0,1.0,1.0,1.0,1.0,1.0,1.0,1.0,1.0,1.0
20261003T183020Z-b6869124,synthetic,llm_full_html,syn-0013,html/syn-0013.html,,positive,True,26,26,26,0,0,1,26,0,0,26,0,0,26,0,0,synthetic,html/syn-0013.html,syn-0013.html,run-none13,synthetic-shop.local,D:\Pet_Codes\science\article-price-tracker\synthetic\html\syn-0013.html,https://synthetic-shop.local/search/syn-0013,https://synthetic-shop.local/search/syn-0013,,,,raw_html,,6c6e1e6725fa02a944a5e9ba1aedc3602a00823b7cd1619a4262bfb60f21d56c,6c6e1e6725fa02a944a5e9ba1aedc3602a00823b7cd1619a4262bfb60f21d56c,html/syn-0013.html,syn-0013,plain_cards,html/syn-0013.html,stationery,synthetic-v2-12to30,clean,26,syn-0013,https://synthetic-shop.local/search/syn-0013,6c6e1e6725fa02a944a5e9ba1aedc3602a00823b7cd1619a4262bfb60f21d56c,synthetic-shop.local,0,synthetic-shop.local,run-none13,,,ok,,,,26,26,26,False,,,,True,1,0,d1bc79e32b49f57ebe4d975f0eaf5ce1d1dd8edf757797fef879ec465b72b08d,0,26,0,0,1.0,0.0,0.0,0,1,0,0,0,1.0,1.0,1.0,1.0,1.0,1.0,1.0,1.0,1.0
20261003T183020Z-b6869124,synthetic,llm_full_html,syn-0014,html/syn-0014.html,,positive,True,16,16,16,0,0,1,16,0,0,16,0,0,16,0,0,synthetic,html/syn-0014.html,syn-0014.html,run-none14,synthetic-shop.local,D:\Pet_Codes\science\article-price-tracker\synthetic\html\syn-0014.html,https://synthetic-shop.local/search/syn-0014,https://synthetic-shop.local/search/syn-0014,,,,raw_html,,24fb24963b487d08d62502f6c5d50b04b17ecd28414569d077f308c860a8207e,24fb24963b487d08d62502f6c5d50b04b17ecd28414569d077f308c860a8207e,html/syn-0014.html,syn-0014,embedded_state,html/syn-0014.html,stationery,synthetic-v2-12to30,clean,16,syn-0014,https://synthetic-shop.local/search/syn-0014,24fb24963b487d08d62502f6c5d50b04b17ecd28414569d077f308c860a8207e,synthetic-shop.local,0,synthetic-shop.local,run-none14,,,ok,,,,16,16,16,False,,,,True,1,0,6d036775baf0f18784d3c109f84099f5a4e230727cd3fc86ed46c8d3808ade3f,0,16,0,0,1.0,0.0,0.0,0,1,0,0,0,1.0,1.0,1.0,1.0,1.0,1.0,1.0,1.0,1.0
20261003T183020Z-b6869124,synthetic,llm_full_html,syn-0015,html/syn-0015.html,,positive,True,28,28,28,0,0,1,28,0,0,28,0,0,28,0,0,synthetic,html/syn-0015.html,syn-0015.html,run-none15,synthetic-shop.local,D:\Pet_Codes\science\article-price-tracker\synthetic\html\syn-0015.html,https://synthetic-shop.local/search/syn-0015,https://synthetic-shop.local/search/syn-0015,,,,raw_html,,f8aad12df10b3434b07835ecd10c22108a74873318c492ae7149d0a0940c61d9,f8aad12df10b3434b07835ecd10c22108a74873318c492ae7149d0a0940c61d9,html/syn-0015.html,syn-0015,detail_grid,html/syn-0015.html,electronics,synthetic-v2-12to30,clean,28,syn-0015,https://synthetic-shop.local/search/syn-0015,f8aad12df10b3434b07835ecd10c22108a74873318c492ae7149d0a0940c61d9,synthetic-shop.local,0,synthetic-shop.local,run-none15,,,ok,,,,28,28,28,False,,,,True,1,0,9cb8d72898d4360e4ab828815da58ef43417fcc0a51d8219a652dd8aac605c25,0,28,0,0,1.0,0.0,0.0,0,1,0,0,0,1.0,1.0,1.0,1.0,1.0,1.0,1.0,1.0,1.0
20261003T183020Z-b6869124,synthetic,llm_full_html,syn-0016,html/syn-0016.html,,positive,True,14,14,14,0,0,1,14,0,0,14,0,0,14,0,0,synthetic,html/syn-0016.html,syn-0016.html,run-none16,synthetic-shop.local,D:\Pet_Codes\science\article-price-tracker\synthetic\html\syn-0016.html,https://synthetic-shop.local/search/syn-0016,https://synthetic-shop.local/search/syn-0016,,,,raw_html,,ec5fc711049a5db88b9ea00d7330526dcd35c58928f78132d1ccedc473a0feeb,ec5fc711049a5db88b9ea00d7330526dcd35c58928f78132d1ccedc473a0feeb,html/syn-0016.html,syn-0016,table_listing,html/syn-0016.html,electronics,synthetic-v2-12to30,clean,14,syn-0016,https://synthetic-shop.local/search/syn-0016,ec5fc711049a5db88b9ea00d7330526dcd35c58928f78132d1ccedc473a0feeb,synthetic-shop.local,0,synthetic-shop.local,run-none16,,,ok,,,,14,14,14,False,,,,True,1,0,53e3016746ea9378ae8e2f97736287b17c863d2e33599c5f1cadae8fdf3fe16b,0,14,0,0,1.0,0.0,0.0,0,1,0,0,0,1.0,1.0,1.0,1.0,1.0,1.0,1.0,1.0,1.0
20261003T183020Z-b6869124,synthetic,llm_full_html,syn-0017,html/syn-0017.html,,positive,True,24,24,24,0,0,1,24,0,0,24,0,0,24,0,0,synthetic,html/syn-0017.html,syn-0017.html,run-none17,synthetic-shop.local,D:\Pet_Codes\science\article-price-tracker\synthetic\html\syn-0017.html,https://synthetic-shop.local/search/syn-0017,https://synthetic-shop.local/search/syn-0017,,,,raw_html,,4a3ba36f2c7f8a9341d165d0a9d7fa51d62cd758ecfc290949078c92784be346,4a3ba36f2c7f8a9341d165d0a9d7fa51d62cd758ecfc290949078c92784be346,html/syn-0017.html,syn-0017,semantic_articles,html/syn-0017.html,electronics,synthetic-v2-12to30,clean,24,syn-0017,https://synthetic-shop.local/search/syn-0017,4a3ba36f2c7f8a9341d165d0a9d7fa51d62cd758ecfc290949078c92784be346,synthetic-shop.local,0,synthetic-shop.local,run-none17,,,ok,,,,24,24,24,False,,,,True,1,0,665bc7900dd61a0f1d6ec1b62dcd4e6da5324daa69a99ccad497f902d38c39f4,0,24,0,0,1.0,0.0,0.0,0,1,0,0,0,1.0,1.0,1.0,1.0,1.0,1.0,1.0,1.0,1.0
20261003T183020Z-b6869124,synthetic,llm_full_html,syn-0018,html/syn-0018.html,,positive,True,18,18,18,0,0,1,18,0,0,18,0,0,18,0,0,synthetic,html/syn-0018.html,syn-0018.html,run-none18,synthetic-shop.local,D:\Pet_Codes\science\article-price-tracker\synthetic\html\syn-0018.html,https://synthetic-shop.local/search/syn-0018,https://synthetic-shop.local/search/syn-0018,,,,raw_html,,92e3ab94d9b9a7bf76ed063c6b6884aa72f7896b1a442bcf9f0ae6c3ae61fc9e,92e3ab94d9b9a7bf76ed063c6b6884aa72f7896b1a442bcf9f0ae6c3ae61fc9e,html/syn-0018.html,syn-0018,data_attrs,html/syn-0018.html,electronics,synthetic-v2-12to30,clean,18,syn-0018,https://synthetic-shop.local/search/syn-0018,92e3ab94d9b9a7bf76ed063c6b6884aa72f7896b1a442bcf9f0ae6c3ae61fc9e,synthetic-shop.local,0,synthetic-shop.local,run-none18,,,ok,,,,18,18,18,False,,,,True,1,0,e0d2df464d5e0f895d94a38564f4f182b6262e7aac1d9486824c9c7f640c2a2b,0,18,0,0,1.0,0.0,0.0,0,1,0,0,0,1.0,1.0,1.0,1.0,1.0,1.0,1.0,1.0,1.0
20261003T183020Z-b6869124,synthetic,llm_full_html,syn-0019,html/syn-0019.html,,positive,True,22,22,22,0,0,1,22,0,0,22,0,0,22,0,0,synthetic,html/syn-0019.html,syn-0019.html,run-none19,synthetic-shop.local,D:\Pet_Codes\science\article-price-tracker\synthetic\html\syn-0019.html,https://synthetic-shop.local/search/syn-0019,https://synthetic-shop.local/search/syn-0019,,,,raw_html,,28b4bc693ea1e513b64aac361b8749b1836f5fd6d8ea62525f4691d75b392a31,28b4bc693ea1e513b64aac361b8749b1836f5fd6d8ea62525f4691d75b392a31,html/syn-0019.html,syn-0019,nested_cards,html/syn-0019.html,other,synthetic-v2-12to30,clean,22,syn-0019,https://synthetic-shop.local/search/syn-0019,28b4bc693ea1e513b64aac361b8749b1836f5fd6d8ea62525f4691d75b392a31,synthetic-shop.local,0,synthetic-shop.local,run-none19,,,ok,,,,22,22,22,False,,,,True,1,0,0ece6742699d055d8575e7ece3fc7d740eba1ee1a04a3ceed3f343aed2e5aa74,0,22,0,0,1.0,0.0,0.0,0,1,0,0,0,1.0,1.0,1.0,1.0,1.0,1.0,1.0,1.0,1.0
20261003T183020Z-b6869124,synthetic,llm_full_html,syn-0020,html/syn-0020.html,,positive,True,20,20,20,0,0,1,20,0,0,20,0,0,20,0,0,synthetic,html/syn-0020.html,syn-0020.html,run-none20,synthetic-shop.local,D:\Pet_Codes\science\article-price-tracker\synthetic\html\syn-0020.html,https://synthetic-shop.local/search/syn-0020,https://synthetic-shop.local/search/syn-0020,,,,raw_html,,36a8824df8186ed156e93a595c7372a2c810d12b4fd1a20b719ee475dc6927a1,36a8824df8186ed156e93a595c7372a2c810d12b4fd1a20b719ee475dc6927a1,html/syn-0020.html,syn-0020,mixed_markup,html/syn-0020.html,other,synthetic-v2-12to30,clean,20,syn-0020,https://synthetic-shop.local/search/syn-0020,36a8824df8186ed156e93a595c7372a2c810d12b4fd1a20b719ee475dc6927a1,synthetic-shop.local,0,synthetic-shop.local,run-none20,,,ok,,,,20,20,20,False,,,,True,1,0,3f991f4ba144db7d11e2db2df2056b94bcc218ce15364f87228161302b4edcf7,0,20,0,0,1.0,0.0,0.0,0,1,0,0,0,1.0,1.0,1.0,1.0,1.0,1.0,1.0,1.0,1.0
