dataset,variant,page_id,source,gt_count,predicted_count,acceptable_entities,extraction_status,psr_positive,psr_empty,page_exact,strict_name_TP,strict_name_FP,strict_name_FN,strict_price_TP,strict_price_FP,strict_price_FN,strict_product_url_TP,strict_product_url_FP,strict_product_url_FN
synthetic,llm_full_html,syn-0001,synthetic-shop.local,12,12,12,ok,1,,1,12,0,0,12,0,0,12,0,0
synthetic,llm_full_html,syn-0002,synthetic-shop.local,30,30,30,ok,1,,1,30,0,0,30,0,0,30,0,0
synthetic,llm_full_html,syn-0003,synthetic-shop.local,16,16,16,ok,1,,1,16,0,0,16,0,0,16,0,0
synthetic,llm_full_html,syn-0004,synthetic-shop.local,26,26,26,ok,1,,1,26,0,0,26,0,0,26,0,0
synthetic,llm_full_html,syn-0005,synthetic-shop.local,14,14,14,ok,1,,1,14,0,0,14,0,0,14,0,0
synthetic,llm_full_html,syn-0006,synthetic-shop.local,28,28,28,ok,1,,1,28,0,0,28,0,0,28,0,0
synthetic,llm_full_html,syn-0007,synthetic-shop.local,18,18,18,ok,1,,1,18,0,0,18,0,0,18,0,0
synthetic,llm_full_html,syn-0008,synthetic-shop.local,24,24,24,ok,1,,1,24,0,0,24,0,0,24,0,0
synthetic,llm_full_html,syn-0009,synthetic-shop.local,20,20,20,ok,1,,1,20,0,0,20,0,0,20,0,0
synthetic,llm_full_html,syn-0010,synthetic-shop.local,22,22,22,ok,1,,1,22,0,0,22,0,0,22,0,0
synthetic,llm_full_html,syn-0011,synthetic-shop.local,30,30,30,ok,1,,1,30,0,0,30,0,0,30,0,0
synthetic,llm_full_html,syn-0012,synthetic-shop.local,12,12,12,ok,1,,1,12,0,0,12,0,0,12,0,0
synthetic,llm_full_html,syn-0013,synthetic-shop.local,26,26,26,ok,1,,1,26,0,0,26,0,0,26,0,0
synthetic,llm_full_html,syn-0014,synthetic-shop.local,16,16,16,ok,1,,1,16,0,0,16,0,0,16,0,0
synthetic,llm_full_html,syn-0015,synthetic-shop.local,28,28,28,ok,1,,1,28,0,0,28,0,0,28,0,0
synthetic,llm_full_html,syn-0016,synthetic-shop.local,14,14,14,ok,1,,1,14,0,0,14,0,0,14,0,0
synthetic,llm_full_html,syn-0017,synthetic-shop.local,24,24,24,ok,1,,1,24,0,0,24,0,0,24,0,0
synthetic,llm_full_html,syn-0018,synthetic-shop.local,18,18,18,ok,1,,1,18,0,0,18,0,0,18,0,0
synthetic,llm_full_html,syn-0019,synthetic-shop.local,22,22,22,ok,1,,1,22,0,0,22,0,0,22,0,0
synthetic,llm_full_html,syn-0020,synthetic-shop.local,20,20,20,ok,1,,1,20,0,0,20,0,0,20,0,0
