dataset,page_id,html_file,html_key,run_id,source,html_path,page_url,source_url,query,location,route,artifact_kind,skip_reason,content_sha256,expected_sha256
synthetic,syn-0001,html/syn-0001.html,syn-0001.html,run-none1,synthetic-shop.local,D:\Pet_Codes\science\article-price-tracker\synthetic\html\syn-0001.html,https://synthetic-shop.local/search/syn-0015,https://synthetic-shop.local/search/syn-0015,,,,raw_html,,2c98b87c8d128dc6cca9f010f3843a723fd33ddec1bdab9c7a240dfffb49f4e5,
synthetic,syn-0001__class_rename__01,html/syn-0001__class_rename__01.html,syn-0001__class_rename__01.html,run-none2,synthetic-shop.local,D:\Pet_Codes\science\article-price-tracker\synthetic\html\syn-0001__class_rename__01.html,https://synthetic-shop.local/search/syn-0017,https://synthetic-shop.local/search/syn-0017,,,,raw_html,,22718fd147ce432c2a0d2a16e83e268104b86af1beb3bf2806151d15909f141a,
synthetic,syn-0001__class_rename__02,html/syn-0001__class_rename__02.html,syn-0001__class_rename__02.html,run-none3,synthetic-shop.local,D:\Pet_Codes\science\article-price-tracker\synthetic\html\syn-0001__class_rename__02.html,https://synthetic-shop.local/search/syn-0010,https://synthetic-shop.local/search/syn-0010,,,,raw_html,,22ee9da46925a09a9a9948f21103d335f1dc13ef4a616cbea2824d11a8f041d0,
synthetic,syn-0001__class_rename__03,html/syn-0001__class_rename__03.html,syn-0001__class_rename__03.html,run-none4,synthetic-shop.local,D:\Pet_Codes\science\article-price-tracker\synthetic\html\syn-0001__class_rename__03.html,https://synthetic-shop.local/search/syn-0004,https://synthetic-shop.local/search/syn-0004,,,,raw_html,,6fc077b4029bd63f2165e6effc7fba5a56750092681edfcddea9bf78230596bc,
synthetic,syn-0001__field_reorder__01,html/syn-0001__field_reorder__01.html,syn-0001__field_reorder__01.html,run-none5,synthetic-shop.local,D:\Pet_Codes\science\article-price-tracker\synthetic\html\syn-0001__field_reorder__01.html,https://synthetic-shop.local/search/syn-0016,https://synthetic-shop.local/search/syn-0016,,,,raw_html,,14c950383cf30d066871a0dea2069518f9ba1d31a977ed2932f739559d8915b8,
synthetic,syn-0001__field_reorder__02,html/syn-0001__field_reorder__02.html,syn-0001__field_reorder__02.html,run-none6,synthetic-shop.local,D:\Pet_Codes\science\article-price-tracker\synthetic\html\syn-0001__field_reorder__02.html,https://synthetic-shop.local/search/syn-0010,https://synthetic-shop.local/search/syn-0010,,,,raw_html,,7927370bcc46699811ee4fcda7d587a354b5548b676ac9fb2a663a1e71bc5c21,
synthetic,syn-0001__subtree_relocate__01,html/syn-0001__subtree_relocate__01.html,syn-0001__subtree_relocate__01.html,run-none7,synthetic-shop.local,D:\Pet_Codes\science\article-price-tracker\synthetic\html\syn-0001__subtree_relocate__01.html,https://synthetic-shop.local/search/syn-0014,https://synthetic-shop.local/search/syn-0014,,,,raw_html,,57a6c499b71f1fed9b656ca3dc93812ec99843c979e5aafdfce412df22a995ed,
synthetic,syn-0001__subtree_relocate__02,html/syn-0001__subtree_relocate__02.html,syn-0001__subtree_relocate__02.html,run-none8,synthetic-shop.local,D:\Pet_Codes\science\article-price-tracker\synthetic\html\syn-0001__subtree_relocate__02.html,https://synthetic-shop.local/search/syn-0002,https://synthetic-shop.local/search/syn-0002,,,,raw_html,,4a42433359efc7f0a3b50139ba832915d8042a84559245e37b316d737617bd39,
synthetic,syn-0001__wrapper_insert__01,html/syn-0001__wrapper_insert__01.html,syn-0001__wrapper_insert__01.html,run-none9,synthetic-shop.local,D:\Pet_Codes\science\article-price-tracker\synthetic\html\syn-0001__wrapper_insert__01.html,https://synthetic-shop.local/search/syn-0017,https://synthetic-shop.local/search/syn-0017,,,,raw_html,,d92be45e929a8a64b051a01ec9ced8daf05771a7873070cf8c744e68d58fc424,
synthetic,syn-0001__wrapper_insert__02,html/syn-0001__wrapper_insert__02.html,syn-0001__wrapper_insert__02.html,run-none10,synthetic-shop.local,D:\Pet_Codes\science\article-price-tracker\synthetic\html\syn-0001__wrapper_insert__02.html,https://synthetic-shop.local/search/syn-0006,https://synthetic-shop.local/search/syn-0006,,,,raw_html,,02ab2f793d52d08f09f9a25fd0aeeffd477db6a90c77762c513f57627f14ef9e,
synthetic,syn-0001__wrapper_insert__03,html/syn-0001__wrapper_insert__03.html,syn-0001__wrapper_insert__03.html,run-none11,synthetic-shop.local,D:\Pet_Codes\science\article-price-tracker\synthetic\html\syn-0001__wrapper_insert__03.html,https://synthetic-shop.local/search/syn-0014,https://synthetic-shop.local/search/syn-0014,,,,raw_html,,de70bd9ebffd506b1d980ee246a8c99e5b987581be3473752d334e81e062b2cd,
synthetic,syn-0002,html/syn-0002.html,syn-0002.html,run-none12,synthetic-shop.local,D:\Pet_Codes\science\article-price-tracker\synthetic\html\syn-0002.html,https://synthetic-shop.local/search/syn-0018,https://synthetic-shop.local/search/syn-0018,,,,raw_html,,bd41b7bb50eb5e91dfcc033bbd3f5f2b0b4e31ba5b40fd5ce1ce939709fc6070,
synthetic,syn-0002__class_rename__01,html/syn-0002__class_rename__01.html,syn-0002__class_rename__01.html,run-none13,synthetic-shop.local,D:\Pet_Codes\science\article-price-tracker\synthetic\html\syn-0002__class_rename__01.html,https://synthetic-shop.local/search/syn-0004,https://synthetic-shop.local/search/syn-0004,,,,raw_html,,6617a7e417a88292e66fb5b2b7df3e522576a60496fa88b39bb091a862ba96bd,
synthetic,syn-0002__class_rename__02,html/syn-0002__class_rename__02.html,syn-0002__class_rename__02.html,run-none14,synthetic-shop.local,D:\Pet_Codes\science\article-price-tracker\synthetic\html\syn-0002__class_rename__02.html,https://synthetic-shop.local/search/syn-0020,https://synthetic-shop.local/search/syn-0020,,,,raw_html,,99afc8e7df94f653e30252072754eb666b119b47b4a80dcc4d752ad6051bf6a3,
synthetic,syn-0002__class_rename__03,html/syn-0002__class_rename__03.html,syn-0002__class_rename__03.html,run-none15,synthetic-shop.local,D:\Pet_Codes\science\article-price-tracker\synthetic\html\syn-0002__class_rename__03.html,https://synthetic-shop.local/search/syn-0008,https://synthetic-shop.local/search/syn-0008,,,,raw_html,,6372243c9752f9e59fea4b0e74f29c698a8b9a198c5d204f5a88e9b154a72a92,
synthetic,syn-0002__field_reorder__01,html/syn-0002__field_reorder__01.html,syn-0002__field_reorder__01.html,run-none16,synthetic-shop.local,D:\Pet_Codes\science\article-price-tracker\synthetic\html\syn-0002__field_reorder__01.html,https://synthetic-shop.local/search/syn-0002,https://synthetic-shop.local/search/syn-0002,,,,raw_html,,aa4953710e08c1f827fb4722d071f64b4fe73c9d2a9b9de6c455ef31a0ad54b2,
synthetic,syn-0002__field_reorder__02,html/syn-0002__field_reorder__02.html,syn-0002__field_reorder__02.html,run-none17,synthetic-shop.local,D:\Pet_Codes\science\article-price-tracker\synthetic\html\syn-0002__field_reorder__02.html,https://synthetic-shop.local/search/syn-0009,https://synthetic-shop.local/search/syn-0009,,,,raw_html,,938c61ae6fdb8a6ba78fb315e99b420f79286b395aaf1ff7dc569bfdc6f8e26f,
synthetic,syn-0002__subtree_relocate__01,html/syn-0002__subtree_relocate__01.html,syn-0002__subtree_relocate__01.html,run-none18,synthetic-shop.local,D:\Pet_Codes\science\article-price-tracker\synthetic\html\syn-0002__subtree_relocate__01.html,https://synthetic-shop.local/search/syn-0004,https://synthetic-shop.local/search/syn-0004,,,,raw_html,,a79e2081fba554971a631f8e708f336fb76b9066284df2216a0b850011a612b5,
synthetic,syn-0002__subtree_relocate__02,html/syn-0002__subtree_relocate__02.html,syn-0002__subtree_relocate__02.html,run-none19,synthetic-shop.local,D:\Pet_Codes\science\article-price-tracker\synthetic\html\syn-0002__subtree_relocate__02.html,https://synthetic-shop.local/search/syn-0009,https://synthetic-shop.local/search/syn-0009,,,,raw_html,,a5b57d0c7a65ebcb0967bd491719060bcd873606bb0602888b314a0540b1e9a6,
synthetic,syn-0002__wrapper_insert__01,html/syn-0002__wrapper_insert__01.html,syn-0002__wrapper_insert__01.html,run-none20,synthetic-shop.local,D:\Pet_Codes\science\article-price-tracker\synthetic\html\syn-0002__wrapper_insert__01.html,https://synthetic-shop.local/search/syn-0003,https://synthetic-shop.local/search/syn-0003,,,,raw_html,,7569c5145e375beb7d20e5c2a36723a00a57266ed9f2cf61232a2510c8707eb1,
synthetic,syn-0002__wrapper_insert__02,html/syn-0002__wrapper_insert__02.html,syn-0002__wrapper_insert__02.html,run-none21,synthetic-shop.local,D:\Pet_Codes\science\article-price-tracker\synthetic\html\syn-0002__wrapper_insert__02.html,https://synthetic-shop.local/search/syn-0011,https://synthetic-shop.local/search/syn-0011,,,,raw_html,,e8b8e719c7e13acd8b4222841a84876eb0e1b1fedfd719c39163553482273e10,
synthetic,syn-0002__wrapper_insert__03,html/syn-0002__wrapper_insert__03.html,syn-0002__wrapper_insert__03.html,run-none22,synthetic-shop.local,D:\Pet_Codes\science\article-price-tracker\synthetic\html\syn-0002__wrapper_insert__03.html,https://synthetic-shop.local/search/syn-0016,https://synthetic-shop.local/search/syn-0016,,,,raw_html,,b4abc998a0cc93c4de0dc35bda7aa250224a839d214dd5a7a8ce91a63bafb1b8,
synthetic,syn-0003,html/syn-0003.html,syn-0003.html,run-none23,synthetic-shop.local,D:\Pet_Codes\science\article-price-tracker\synthetic\html\syn-0003.html,https://synthetic-shop.local/search/syn-0009,https://synthetic-shop.local/search/syn-0009,,,,raw_html,,cd74ad50c209da1e63b8cf432203de06e9f766c9925f9cb93ba74aac26309e91,
synthetic,syn-0003__class_rename__01,html/syn-0003__class_rename__01.html,syn-0003__class_rename__01.html,run-none24,synthetic-shop.local,D:\Pet_Codes\science\article-price-tracker\synthetic\html\syn-0003__class_rename__01.html,https://synthetic-shop.local/search/syn-0005,https://synthetic-shop.local/search/syn-0005,,,,raw_html,,5755d1ce758ff49c84e492e0b261377373ec5604d3322a240bf4b43982c8956d,
synthetic,syn-0003__class_rename__02,html/syn-0003__class_rename__02.html,syn-0003__class_rename__02.html,run-none25,synthetic-shop.local,D:\Pet_Codes\science\article-price-tracker\synthetic\html\syn-0003__class_rename__02.html,https://synthetic-shop.local/search/syn-0018,https://synthetic-shop.local/search/syn-0018,,,,raw_html,,5c30f8655459764a294619131d3219f616c81be35c54a3a9237846bcf03b5866,
synthetic,syn-0003__class_rename__03,html/syn-0003__class_rename__03.html,syn-0003__class_rename__03.html,run-none26,synthetic-shop.local,D:\Pet_Codes\science\article-price-tracker\synthetic\html\syn-0003__class_rename__03.html,https://synthetic-shop.local/search/syn-0011,https://synthetic-shop.local/search/syn-0011,,,,raw_html,,a13c0e36ac8ec633acd8280546322b540563a8a9899128e945b305c2ac78ccc6,
synthetic,syn-0003__field_reorder__01,html/syn-0003__field_reorder__01.html,syn-0003__field_reorder__01.html,run-none27,synthetic-shop.local,D:\Pet_Codes\science\article-price-tracker\synthetic\html\syn-0003__field_reorder__01.html,https://synthetic-shop.local/search/syn-0006,https://synthetic-shop.local/search/syn-0006,,,,raw_html,,00a060cc2fbbf98d97ebda388116279d78ce6cc3525a4a2396345c311e97f657,
synthetic,syn-0003__field_reorder__02,html/syn-0003__field_reorder__02.html,syn-0003__field_reorder__02.html,run-none28,synthetic-shop.local,D:\Pet_Codes\science\article-price-tracker\synthetic\html\syn-0003__field_reorder__02.html,https://synthetic-shop.local/search/syn-0001,https://synthetic-shop.local/search/syn-0001,,,,raw_html,,b8f03e4b226e7d2398f549f0396431110d54bddafe42aeaa0f0f9c2d3f045e3d,
synthetic,syn-0003__subtree_relocate__01,html/syn-0003__subtree_relocate__01.html,syn-0003__subtree_relocate__01.html,run-none29,synthetic-shop.local,D:\Pet_Codes\science\article-price-tracker\synthetic\html\syn-0003__subtree_relocate__01.html,https://synthetic-shop.local/search/syn-0016,https://synthetic-shop.local/search/syn-0016,,,,raw_html,,7fe7f639225bcb83dfbb968fe22a09093b1bc54ce14426b616f83baf250e88f4,
synthetic,syn-0003__subtree_relocate__02,html/syn-0003__subtree_relocate__02.html,syn-0003__subtree_relocate__02.html,run-none30,synthetic-shop.local,D:\Pet_Codes\science\article-price-tracker\synthetic\html\syn-0003__subtree_relocate__02.html,https://synthetic-shop.local/search/syn-0005,https://synthetic-shop.local/search/syn-0005,,,,raw_html,,30881b9b5a697a60cd11d1d83190b57fa150385587b5a9db3d93e99324970a97,
synthetic,syn-0003__wrapper_insert__01,html/syn-0003__wrapper_insert__01.html,syn-0003__wrapper_insert__01.html,run-none31,synthetic-shop.local,D:\Pet_Codes\science\article-price-tracker\synthetic\html\syn-0003__wrapper_insert__01.html,https://synthetic-shop.local/search/syn-0007,https://synthetic-shop.local/search/syn-0007,,,,raw_html,,f5a2136bf74e5e68776e140cd46a481e69a914d961f622d3927119fdb8d17bb4,
synthetic,syn-0003__wrapper_insert__02,html/syn-0003__wrapper_insert__02.html,syn-0003__wrapper_insert__02.html,run-none32,synthetic-shop.local,D:\Pet_Codes\science\article-price-tracker\synthetic\html\syn-0003__wrapper_insert__02.html,https://synthetic-shop.local/search/syn-0007,https://synthetic-shop.local/search/syn-0007,,,,raw_html,,c3ee3e4c676f216e75da7755b6ba88a3a868f943d5b614e7e088ae4384f0ffd1,
synthetic,syn-0003__wrapper_insert__03,html/syn-0003__wrapper_insert__03.html,syn-0003__wrapper_insert__03.html,run-none33,synthetic-shop.local,D:\Pet_Codes\science\article-price-tracker\synthetic\html\syn-0003__wrapper_insert__03.html,https://synthetic-shop.local/search/syn-0016,https://synthetic-shop.local/search/syn-0016,,,,raw_html,,dafb734de8b3cd2a16db915ed9344835fbdc816a812845d495a950c4c636ab30,
synthetic,syn-0004,html/syn-0004.html,syn-0004.html,run-none34,synthetic-shop.local,D:\Pet_Codes\science\article-price-tracker\synthetic\html\syn-0004.html,https://synthetic-shop.local/search/syn-0016,https://synthetic-shop.local/search/syn-0016,,,,raw_html,,9f64af28cc7b2bf8d3a866c6def7e77a3fd33ee48d10a84ce4be9ec6cee97d9d,
synthetic,syn-0004__class_rename__01,html/syn-0004__class_rename__01.html,syn-0004__class_rename__01.html,run-none35,synthetic-shop.local,D:\Pet_Codes\science\article-price-tracker\synthetic\html\syn-0004__class_rename__01.html,https://synthetic-shop.local/search/syn-0018,https://synthetic-shop.local/search/syn-0018,,,,raw_html,,196a22dda137ced259252ab5ccb26a1d9a2080575992357f7aba98458328cc68,
synthetic,syn-0004__class_rename__02,html/syn-0004__class_rename__02.html,syn-0004__class_rename__02.html,run-none36,synthetic-shop.local,D:\Pet_Codes\science\article-price-tracker\synthetic\html\syn-0004__class_rename__02.html,https://synthetic-shop.local/search/syn-0014,https://synthetic-shop.local/search/syn-0014,,,,raw_html,,2744c67e82b162cc66147346451de46551c37ad46177ce1045157effcd7e6218,
synthetic,syn-0004__class_rename__03,html/syn-0004__class_rename__03.html,syn-0004__class_rename__03.html,run-none37,synthetic-shop.local,D:\Pet_Codes\science\article-price-tracker\synthetic\html\syn-0004__class_rename__03.html,https://synthetic-shop.local/search/syn-0017,https://synthetic-shop.local/search/syn-0017,,,,raw_html,,a45ec58b544f089d8ed7a8da2f6a0a5418e922fd918735631135cd5150120b0f,
synthetic,syn-0004__field_reorder__01,html/syn-0004__field_reorder__01.html,syn-0004__field_reorder__01.html,run-none38,synthetic-shop.local,D:\Pet_Codes\science\article-price-tracker\synthetic\html\syn-0004__field_reorder__01.html,https://synthetic-shop.local/search/syn-0019,https://synthetic-shop.local/search/syn-0019,,,,raw_html,,19e49cf3671724b2a3a69123c3c1c8477a718a04efbdc5a94362e6e3d8ba2a5b,
synthetic,syn-0004__field_reorder__02,html/syn-0004__field_reorder__02.html,syn-0004__field_reorder__02.html,run-none39,synthetic-shop.local,D:\Pet_Codes\science\article-price-tracker\synthetic\html\syn-0004__field_reorder__02.html,https://synthetic-shop.local/search/syn-0006,https://synthetic-shop.local/search/syn-0006,,,,raw_html,,8e22cd3a0d04b3e5cb4582c9f21e7cc6db4d7cc3e5d2870afc08033a3307ce90,
synthetic,syn-0004__subtree_relocate__01,html/syn-0004__subtree_relocate__01.html,syn-0004__subtree_relocate__01.html,run-none40,synthetic-shop.local,D:\Pet_Codes\science\article-price-tracker\synthetic\html\syn-0004__subtree_relocate__01.html,https://synthetic-shop.local/search/syn-0002,https://synthetic-shop.local/search/syn-0002,,,,raw_html,,bfa6313db6b1bb78bcb96bf70be7d5ea8f00a01bf5019cb2b4d4f5305622069e,
synthetic,syn-0004__subtree_relocate__02,html/syn-0004__subtree_relocate__02.html,syn-0004__subtree_relocate__02.html,run-none41,synthetic-shop.local,D:\Pet_Codes\science\article-price-tracker\synthetic\html\syn-0004__subtree_relocate__02.html,https://synthetic-shop.local/search/syn-0015,https://synthetic-shop.local/search/syn-0015,,,,raw_html,,fef21c8c32b2ec2350678a7feebec596d92a2e1c123cb54a0f1e897a4ab32730,
synthetic,syn-0004__wrapper_insert__01,html/syn-0004__wrapper_insert__01.html,syn-0004__wrapper_insert__01.html,run-none42,synthetic-shop.local,D:\Pet_Codes\science\article-price-tracker\synthetic\html\syn-0004__wrapper_insert__01.html,https://synthetic-shop.local/search/syn-0014,https://synthetic-shop.local/search/syn-0014,,,,raw_html,,905349dd277ab8fcdeab6107017c323ac7d42e40194f7990804d387308c44882,
synthetic,syn-0004__wrapper_insert__02,html/syn-0004__wrapper_insert__02.html,syn-0004__wrapper_insert__02.html,run-none43,synthetic-shop.local,D:\Pet_Codes\science\article-price-tracker\synthetic\html\syn-0004__wrapper_insert__02.html,https://synthetic-shop.local/search/syn-0006,https://synthetic-shop.local/search/syn-0006,,,,raw_html,,fb7db2fd15ccfb0bf2f3755f66f13838cef5d5b27d117ad4a12a36409ae84316,
synthetic,syn-0004__wrapper_insert__03,html/syn-0004__wrapper_insert__03.html,syn-0004__wrapper_insert__03.html,run-none44,synthetic-shop.local,D:\Pet_Codes\science\article-price-tracker\synthetic\html\syn-0004__wrapper_insert__03.html,https://synthetic-shop.local/search/syn-0006,https://synthetic-shop.local/search/syn-0006,,,,raw_html,,6bd7eb6b3d9818e0c56de1821ae7b1dbcdc177c7a77145825bc546a132c97f9d,
synthetic,syn-0005,html/syn-0005.html,syn-0005.html,run-none45,synthetic-shop.local,D:\Pet_Codes\science\article-price-tracker\synthetic\html\syn-0005.html,https://synthetic-shop.local/search/syn-0001,https://synthetic-shop.local/search/syn-0001,,,,raw_html,,042bf11721a916f4b44823fa2c6e53c79792cdc67fd710d1a07a0d97015c13a2,
synthetic,syn-0005__class_rename__01,html/syn-0005__class_rename__01.html,syn-0005__class_rename__01.html,run-none46,synthetic-shop.local,D:\Pet_Codes\science\article-price-tracker\synthetic\html\syn-0005__class_rename__01.html,https://synthetic-shop.local/search/syn-0015,https://synthetic-shop.local/search/syn-0015,,,,raw_html,,e8fe4e0f8ccafd7d81b7e27ce2e1249e2f82907d0ace0c610a1d3b6d3b6f6be1,
synthetic,syn-0005__class_rename__02,html/syn-0005__class_rename__02.html,syn-0005__class_rename__02.html,run-none47,synthetic-shop.local,D:\Pet_Codes\science\article-price-tracker\synthetic\html\syn-0005__class_rename__02.html,https://synthetic-shop.local/search/syn-0016,https://synthetic-shop.local/search/syn-0016,,,,raw_html,,e05e0e0f94065c20dfbf1791637b21e3776ab3846b5dfe79f82ef50cacf587b1,
synthetic,syn-0005__class_rename__03,html/syn-0005__class_rename__03.html,syn-0005__class_rename__03.html,run-none48,synthetic-shop.local,D:\Pet_Codes\science\article-price-tracker\synthetic\html\syn-0005__class_rename__03.html,https://synthetic-shop.local/search/syn-0015,https://synthetic-shop.local/search/syn-0015,,,,raw_html,,35b4323a8e77db3d0ad7501332f42b5ba34f42581112626c7815116b660f0cd6,
synthetic,syn-0005__field_reorder__01,html/syn-0005__field_reorder__01.html,syn-0005__field_reorder__01.html,run-none49,synthetic-shop.local,D:\Pet_Codes\science\article-price-tracker\synthetic\html\syn-0005__field_reorder__01.html,https://synthetic-shop.local/search/syn-0014,https://synthetic-shop.local/search/syn-0014,,,,raw_html,,6b381e9a9130add254ad19370bb6120dc5e89ba35743a923a2d4697d5da51eca,
synthetic,syn-0005__field_reorder__02,html/syn-0005__field_reorder__02.html,syn-0005__field_reorder__02.html,run-none50,synthetic-shop.local,D:\Pet_Codes\science\article-price-tracker\synthetic\html\syn-0005__field_reorder__02.html,https://synthetic-shop.local/search/syn-0014,https://synthetic-shop.local/search/syn-0014,,,,raw_html,,7dd831de3e66dea59732995368c654a1f7f92eb697ca6acc4c4ff35da93d79cf,
synthetic,syn-0005__subtree_relocate__01,html/syn-0005__subtree_relocate__01.html,syn-0005__subtree_relocate__01.html,run-none51,synthetic-shop.local,D:\Pet_Codes\science\article-price-tracker\synthetic\html\syn-0005__subtree_relocate__01.html,https://synthetic-shop.local/search/syn-0020,https://synthetic-shop.local/search/syn-0020,,,,raw_html,,0708b74c4f6c3f2b6a3204f69ae46bf6704b1ae3b21438ed76ec8cef6c7ff671,
synthetic,syn-0005__subtree_relocate__02,html/syn-0005__subtree_relocate__02.html,syn-0005__subtree_relocate__02.html,run-none52,synthetic-shop.local,D:\Pet_Codes\science\article-price-tracker\synthetic\html\syn-0005__subtree_relocate__02.html,https://synthetic-shop.local/search/syn-0005,https://synthetic-shop.local/search/syn-0005,,,,raw_html,,c73c329a007a425997a4f386c8b3077500057191aa8b2621d71006b565710186,
synthetic,syn-0005__wrapper_insert__01,html/syn-0005__wrapper_insert__01.html,syn-0005__wrapper_insert__01.html,run-none53,synthetic-shop.local,D:\Pet_Codes\science\article-price-tracker\synthetic\html\syn-0005__wrapper_insert__01.html,https://synthetic-shop.local/search/syn-0007,https://synthetic-shop.local/search/syn-0007,,,,raw_html,,4ae24b60afd5bee3fa6c96b2cd737665bcba248fdd87b12e0c9f60eb3b614cb7,
synthetic,syn-0005__wrapper_insert__02,html/syn-0005__wrapper_insert__02.html,syn-0005__wrapper_insert__02.html,run-none54,synthetic-shop.local,D:\Pet_Codes\science\article-price-tracker\synthetic\html\syn-0005__wrapper_insert__02.html,https://synthetic-shop.local/search/syn-0020,https://synthetic-shop.local/search/syn-0020,,,,raw_html,,8cf76dd7b3e751753c6233e4e483b56223fbe2fb8e5ecbb0bc3a20cf0184059c,
synthetic,syn-0005__wrapper_insert__03,html/syn-0005__wrapper_insert__03.html,syn-0005__wrapper_insert__03.html,run-none55,synthetic-shop.local,D:\Pet_Codes\science\article-price-tracker\synthetic\html\syn-0005__wrapper_insert__03.html,https://synthetic-shop.local/search/syn-0019,https://synthetic-shop.local/search/syn-0019,,,,raw_html,,1b68b76413cda758a9b7e08dd9338b316b8272907251f0b6d7460cf0a2fa75f0,
synthetic,syn-0006,html/syn-0006.html,syn-0006.html,run-none56,synthetic-shop.local,D:\Pet_Codes\science\article-price-tracker\synthetic\html\syn-0006.html,https://synthetic-shop.local/search/syn-0002,https://synthetic-shop.local/search/syn-0002,,,,raw_html,,17171cd5fe8f684dba19ad574d83e75a9d92bf472d8e400e664e4d468aaab34e,
synthetic,syn-0006__class_rename__01,html/syn-0006__class_rename__01.html,syn-0006__class_rename__01.html,run-none57,synthetic-shop.local,D:\Pet_Codes\science\article-price-tracker\synthetic\html\syn-0006__class_rename__01.html,https://synthetic-shop.local/search/syn-0006,https://synthetic-shop.local/search/syn-0006,,,,raw_html,,725b0b7b27c761ae4a1b45e2ce814c9fd0f42acd0cb48b7c9458ac537981a6aa,
synthetic,syn-0006__class_rename__02,html/syn-0006__class_rename__02.html,syn-0006__class_rename__02.html,run-none58,synthetic-shop.local,D:\Pet_Codes\science\article-price-tracker\synthetic\html\syn-0006__class_rename__02.html,https://synthetic-shop.local/search/syn-0019,https://synthetic-shop.local/search/syn-0019,,,,raw_html,,6cede32d9868949a164a2f2d96418dcf381ba930abb9be44db3b2b827cabf99e,
synthetic,syn-0006__class_rename__03,html/syn-0006__class_rename__03.html,syn-0006__class_rename__03.html,run-none59,synthetic-shop.local,D:\Pet_Codes\science\article-price-tracker\synthetic\html\syn-0006__class_rename__03.html,https://synthetic-shop.local/search/syn-0018,https://synthetic-shop.local/search/syn-0018,,,,raw_html,,48d6aeb6ee8b9c1bb67c08ba80b25901c90a8d9bf665e516dab848e0aab8211f,
synthetic,syn-0006__field_reorder__01,html/syn-0006__field_reorder__01.html,syn-0006__field_reorder__01.html,run-none60,synthetic-shop.local,D:\Pet_Codes\science\article-price-tracker\synthetic\html\syn-0006__field_reorder__01.html,https://synthetic-shop.local/search/syn-0012,https://synthetic-shop.local/search/syn-0012,,,,raw_html,,5b9594ababd696369179c917aac0f6a7b66b2c8dcc51fdf782ea53d80d00492b,
synthetic,syn-0006__field_reorder__02,html/syn-0006__field_reorder__02.html,syn-0006__field_reorder__02.html,run-none61,synthetic-shop.local,D:\Pet_Codes\science\article-price-tracker\synthetic\html\syn-0006__field_reorder__02.html,https://synthetic-shop.local/search/syn-0020,https://synthetic-shop.local/search/syn-0020,,,,raw_html,,ca6d90cd22818896ce9f352fde1eed13e9926f921b07a4ab50a70b5976196968,
synthetic,syn-0006__subtree_relocate__01,html/syn-0006__subtree_relocate__01.html,syn-0006__subtree_relocate__01.html,run-none62,synthetic-shop.local,D:\Pet_Codes\science\article-price-tracker\synthetic\html\syn-0006__subtree_relocate__01.html,https://synthetic-shop.local/search/syn-0017,https://synthetic-shop.local/search/syn-0017,,,,raw_html,,61ebcb0f8cf4f38f2576077688f0e9a62309ccb91799bbe35747c71b413eb31a,
synthetic,syn-0006__subtree_relocate__02,html/syn-0006__subtree_relocate__02.html,syn-0006__subtree_relocate__02.html,run-none63,synthetic-shop.local,D:\Pet_Codes\science\article-price-tracker\synthetic\html\syn-0006__subtree_relocate__02.html,https://synthetic-shop.local/search/syn-0017,https://synthetic-shop.local/search/syn-0017,,,,raw_html,,b77e450361a6986f2e4a13d583389a9b03a33ded3bf549c23edd892267d1dc74,
synthetic,syn-0006__wrapper_insert__01,html/syn-0006__wrapper_insert__01.html,syn-0006__wrapper_insert__01.html,run-none64,synthetic-shop.local,D:\Pet_Codes\science\article-price-tracker\synthetic\html\syn-0006__wrapper_insert__01.html,https://synthetic-shop.local/search/syn-0005,https://synthetic-shop.local/search/syn-0005,,,,raw_html,,0c60d38a2bf57f9f02979dde6910f1f284688dbafc6ada5e67dfd2cb0a2c67ce,
synthetic,syn-0006__wrapper_insert__02,html/syn-0006__wrapper_insert__02.html,syn-0006__wrapper_insert__02.html,run-none65,synthetic-shop.local,D:\Pet_Codes\science\article-price-tracker\synthetic\html\syn-0006__wrapper_insert__02.html,https://synthetic-shop.local/search/syn-0015,https://synthetic-shop.local/search/syn-0015,,,,raw_html,,29b10624195c17c19db7b160421bd2317f7b0747a51af6b803f5e846a74a1360,
synthetic,syn-0006__wrapper_insert__03,html/syn-0006__wrapper_insert__03.html,syn-0006__wrapper_insert__03.html,run-none66,synthetic-shop.local,D:\Pet_Codes\science\article-price-tracker\synthetic\html\syn-0006__wrapper_insert__03.html,https://synthetic-shop.local/search/syn-0006,https://synthetic-shop.local/search/syn-0006,,,,raw_html,,b3d3c2c21c7a27447325a5d6e791080d200b17a490519d9110c1f5c623689c4e,
synthetic,syn-0007__class_rename__01,html/syn-0007__class_rename__01.html,syn-0007__class_rename__01.html,run-none67,synthetic-shop.local,D:\Pet_Codes\science\article-price-tracker\synthetic\html\syn-0007__class_rename__01.html,https://synthetic-shop.local/search/syn-0007,https://synthetic-shop.local/search/syn-0007,,,,raw_html,,4a458b078e48e7cfbcf5baa6c9fd3e1201eed8ada90a07f3adfff336545e4275,
synthetic,syn-0007__class_rename__02,html/syn-0007__class_rename__02.html,syn-0007__class_rename__02.html,run-none68,synthetic-shop.local,D:\Pet_Codes\science\article-price-tracker\synthetic\html\syn-0007__class_rename__02.html,https://synthetic-shop.local/search/syn-0001,https://synthetic-shop.local/search/syn-0001,,,,raw_html,,96d0682dfe3837926fba4433847b569bf174dfb9230d84a21199c96c05271285,
synthetic,syn-0007__class_rename__03,html/syn-0007__class_rename__03.html,syn-0007__class_rename__03.html,run-none69,synthetic-shop.local,D:\Pet_Codes\science\article-price-tracker\synthetic\html\syn-0007__class_rename__03.html,https://synthetic-shop.local/search/syn-0004,https://synthetic-shop.local/search/syn-0004,,,,raw_html,,f3f2aaae150e849c4990ed1628db2f1170470b2e576c53498e37e6ebfc5db290,
synthetic,syn-0007__field_reorder__01,html/syn-0007__field_reorder__01.html,syn-0007__field_reorder__01.html,run-none70,synthetic-shop.local,D:\Pet_Codes\science\article-price-tracker\synthetic\html\syn-0007__field_reorder__01.html,https://synthetic-shop.local/search/syn-0001,https://synthetic-shop.local/search/syn-0001,,,,raw_html,,cbc5e0a3e3250402c17b9911013cd3f7c7d9c765031a82e8fe676d08e6e9f448,
synthetic,syn-0007__field_reorder__02,html/syn-0007__field_reorder__02.html,syn-0007__field_reorder__02.html,run-none71,synthetic-shop.local,D:\Pet_Codes\science\article-price-tracker\synthetic\html\syn-0007__field_reorder__02.html,https://synthetic-shop.local/search/syn-0008,https://synthetic-shop.local/search/syn-0008,,,,raw_html,,741a334c98a8c37a6e5a113d5ecb8919453337c9bbe2fdf90303d7644ccdb400,
synthetic,syn-0007__subtree_relocate__01,html/syn-0007__subtree_relocate__01.html,syn-0007__subtree_relocate__01.html,run-none72,synthetic-shop.local,D:\Pet_Codes\science\article-price-tracker\synthetic\html\syn-0007__subtree_relocate__01.html,https://synthetic-shop.local/search/syn-0012,https://synthetic-shop.local/search/syn-0012,,,,raw_html,,caa300cdc2751d28bd81fa03af073c40e5ecd90ab1f671c712da97de4cd94dc7,
synthetic,syn-0007__subtree_relocate__02,html/syn-0007__subtree_relocate__02.html,syn-0007__subtree_relocate__02.html,run-none73,synthetic-shop.local,D:\Pet_Codes\science\article-price-tracker\synthetic\html\syn-0007__subtree_relocate__02.html,https://synthetic-shop.local/search/syn-0020,https://synthetic-shop.local/search/syn-0020,,,,raw_html,,46d02aaa4163386d003100abd88d4ad9f54d8f5df5c4100fc8b97d4929e3a924,
synthetic,syn-0007__wrapper_insert__01,html/syn-0007__wrapper_insert__01.html,syn-0007__wrapper_insert__01.html,run-none74,synthetic-shop.local,D:\Pet_Codes\science\article-price-tracker\synthetic\html\syn-0007__wrapper_insert__01.html,https://synthetic-shop.local/search/syn-0013,https://synthetic-shop.local/search/syn-0013,,,,raw_html,,b3cc71ea0d611feee0048f9433b2106502c0833674b8bc7b9c97f7dd3f3c7427,
synthetic,syn-0007__wrapper_insert__02,html/syn-0007__wrapper_insert__02.html,syn-0007__wrapper_insert__02.html,run-none75,synthetic-shop.local,D:\Pet_Codes\science\article-price-tracker\synthetic\html\syn-0007__wrapper_insert__02.html,https://synthetic-shop.local/search/syn-0015,https://synthetic-shop.local/search/syn-0015,,,,raw_html,,561ac509bda63694631a62451085fa736ad2332c6084ff8e1b822e0cf8c1b2b4,
synthetic,syn-0007__wrapper_insert__03,html/syn-0007__wrapper_insert__03.html,syn-0007__wrapper_insert__03.html,run-none76,synthetic-shop.local,D:\Pet_Codes\science\article-price-tracker\synthetic\html\syn-0007__wrapper_insert__03.html,https://synthetic-shop.local/search/syn-0012,https://synthetic-shop.local/search/syn-0012,,,,raw_html,,381f9eafb180fd48fee9c4d48b10b56109af3b181a44015f405dc3416a21086a,
synthetic,syn-0008,html/syn-0008.html,syn-0008.html,run-none77,synthetic-shop.local,D:\Pet_Codes\science\article-price-tracker\synthetic\html\syn-0008.html,https://synthetic-shop.local/search/syn-0020,https://synthetic-shop.local/search/syn-0020,,,,raw_html,,85aedb3ad9545a37caa15a2b67f2f85b84c9c0ee549b7fa030def253f77f2c13,
synthetic,syn-0008__class_rename__01,html/syn-0008__class_rename__01.html,syn-0008__class_rename__01.html,run-none78,synthetic-shop.local,D:\Pet_Codes\science\article-price-tracker\synthetic\html\syn-0008__class_rename__01.html,https://synthetic-shop.local/search/syn-0002,https://synthetic-shop.local/search/syn-0002,,,,raw_html,,abad8d23b8eaa1d5b46a9809be05e0925b8cb4fd69685870e5671bbe0bd5aef9,
synthetic,syn-0008__class_rename__02,html/syn-0008__class_rename__02.html,syn-0008__class_rename__02.html,run-none79,synthetic-shop.local,D:\Pet_Codes\science\article-price-tracker\synthetic\html\syn-0008__class_rename__02.html,https://synthetic-shop.local/search/syn-0004,https://synthetic-shop.local/search/syn-0004,,,,raw_html,,ac25ff1ac4ce347f1f8d5d6415c0923d78234f25b418eb014f1b1cd2c016a25e,
synthetic,syn-0008__class_rename__03,html/syn-0008__class_rename__03.html,syn-0008__class_rename__03.html,run-none80,synthetic-shop.local,D:\Pet_Codes\science\article-price-tracker\synthetic\html\syn-0008__class_rename__03.html,https://synthetic-shop.local/search/syn-0006,https://synthetic-shop.local/search/syn-0006,,,,raw_html,,99f59bc882717e2a433fb68d6d17daecde74d77a287e51aae3e85cd8f059db01,
synthetic,syn-0008__field_reorder__01,html/syn-0008__field_reorder__01.html,syn-0008__field_reorder__01.html,run-none81,synthetic-shop.local,D:\Pet_Codes\science\article-price-tracker\synthetic\html\syn-0008__field_reorder__01.html,https://synthetic-shop.local/search/syn-0016,https://synthetic-shop.local/search/syn-0016,,,,raw_html,,09857c61325abe21550adb7842fc321698deeab5aa614c0a282854077acdf9b4,
synthetic,syn-0008__field_reorder__02,html/syn-0008__field_reorder__02.html,syn-0008__field_reorder__02.html,run-none82,synthetic-shop.local,D:\Pet_Codes\science\article-price-tracker\synthetic\html\syn-0008__field_reorder__02.html,https://synthetic-shop.local/search/syn-0001,https://synthetic-shop.local/search/syn-0001,,,,raw_html,,ca5f0739f1ff7633facad56dc8636f736093fecea01d17200e87dd98ae77c9b4,
synthetic,syn-0008__subtree_relocate__01,html/syn-0008__subtree_relocate__01.html,syn-0008__subtree_relocate__01.html,run-none83,synthetic-shop.local,D:\Pet_Codes\science\article-price-tracker\synthetic\html\syn-0008__subtree_relocate__01.html,https://synthetic-shop.local/search/syn-0020,https://synthetic-shop.local/search/syn-0020,,,,raw_html,,9e6e1525559f19eaa83072719caf666db8948990e60911120ab5ee17b3389cc2,
synthetic,syn-0008__subtree_relocate__02,html/syn-0008__subtree_relocate__02.html,syn-0008__subtree_relocate__02.html,run-none84,synthetic-shop.local,D:\Pet_Codes\science\article-price-tracker\synthetic\html\syn-0008__subtree_relocate__02.html,https://synthetic-shop.local/search/syn-0019,https://synthetic-shop.local/search/syn-0019,,,,raw_html,,f2d7f56388963503957792f6cbdd31940ea3e213810046fb93b598a99c78c21e,
synthetic,syn-0008__wrapper_insert__01,html/syn-0008__wrapper_insert__01.html,syn-0008__wrapper_insert__01.html,run-none85,synthetic-shop.local,D:\Pet_Codes\science\article-price-tracker\synthetic\html\syn-0008__wrapper_insert__01.html,https://synthetic-shop.local/search/syn-0018,https://synthetic-shop.local/search/syn-0018,,,,raw_html,,24ec9d2c182c13bc5be521a10f9bdb334f38255185e46a59424a7b2c13fa2a16,
synthetic,syn-0008__wrapper_insert__02,html/syn-0008__wrapper_insert__02.html,syn-0008__wrapper_insert__02.html,run-none86,synthetic-shop.local,D:\Pet_Codes\science\article-price-tracker\synthetic\html\syn-0008__wrapper_insert__02.html,https://synthetic-shop.local/search/syn-0003,https://synthetic-shop.local/search/syn-0003,,,,raw_html,,da76433c40a334d7e4329b9b3856c91fd446c6be834c7fd7a4fe05482a0ae987,
synthetic,syn-0008__wrapper_insert__03,html/syn-0008__wrapper_insert__03.html,syn-0008__wrapper_insert__03.html,run-none87,synthetic-shop.local,D:\Pet_Codes\science\article-price-tracker\synthetic\html\syn-0008__wrapper_insert__03.html,https://synthetic-shop.local/search/syn-0006,https://synthetic-shop.local/search/syn-0006,,,,raw_html,,d8ccc8a7c5ee9dffd3743362965426cfcf3664bacd394bf325f7e16d4f2cef4a,
synthetic,syn-0009,html/syn-0009.html,syn-0009.html,run-none88,synthetic-shop.local,D:\Pet_Codes\science\article-price-tracker\synthetic\html\syn-0009.html,https://synthetic-shop.local/search/syn-0007,https://synthetic-shop.local/search/syn-0007,,,,raw_html,,c579269483f7ea8e2e5913c682f17dd9213c078160dd246a383e07d4ea7ba72b,
synthetic,syn-0009__class_rename__01,html/syn-0009__class_rename__01.html,syn-0009__class_rename__01.html,run-none89,synthetic-shop.local,D:\Pet_Codes\science\article-price-tracker\synthetic\html\syn-0009__class_rename__01.html,https://synthetic-shop.local/search/syn-0018,https://synthetic-shop.local/search/syn-0018,,,,raw_html,,88725868f11a3e7230789621911197d469ba4174ee90a083941b34edd49f02bd,
synthetic,syn-0009__class_rename__02,html/syn-0009__class_rename__02.html,syn-0009__class_rename__02.html,run-none90,synthetic-shop.local,D:\Pet_Codes\science\article-price-tracker\synthetic\html\syn-0009__class_rename__02.html,https://synthetic-shop.local/search/syn-0008,https://synthetic-shop.local/search/syn-0008,,,,raw_html,,6f03d5bcc9afe425450b09825f43a650a4543b00ecfd53723ad9989c23888407,
synthetic,syn-0009__class_rename__03,html/syn-0009__class_rename__03.html,syn-0009__class_rename__03.html,run-none91,synthetic-shop.local,D:\Pet_Codes\science\article-price-tracker\synthetic\html\syn-0009__class_rename__03.html,https://synthetic-shop.local/search/syn-0001,https://synthetic-shop.local/search/syn-0001,,,,raw_html,,ad268f00ea6a5e0673a0a10c9871f58c22f814ce944d6fbcab6926e56a4d026b,
synthetic,syn-0009__field_reorder__01,html/syn-0009__field_reorder__01.html,syn-0009__field_reorder__01.html,run-none92,synthetic-shop.local,D:\Pet_Codes\science\article-price-tracker\synthetic\html\syn-0009__field_reorder__01.html,https://synthetic-shop.local/search/syn-0011,https://synthetic-shop.local/search/syn-0011,,,,raw_html,,dd89619d0032bf37b8f315bd0999d065d326c21cc9b87ba385e6f0d234b8654e,
synthetic,syn-0009__field_reorder__02,html/syn-0009__field_reorder__02.html,syn-0009__field_reorder__02.html,run-none93,synthetic-shop.local,D:\Pet_Codes\science\article-price-tracker\synthetic\html\syn-0009__field_reorder__02.html,https://synthetic-shop.local/search/syn-0015,https://synthetic-shop.local/search/syn-0015,,,,raw_html,,aad90fb366841a3a1c3cd98e7690c45c58b79be689ee5fa38e9c28982265cf92,
synthetic,syn-0009__subtree_relocate__01,html/syn-0009__subtree_relocate__01.html,syn-0009__subtree_relocate__01.html,run-none94,synthetic-shop.local,D:\Pet_Codes\science\article-price-tracker\synthetic\html\syn-0009__subtree_relocate__01.html,https://synthetic-shop.local/search/syn-0002,https://synthetic-shop.local/search/syn-0002,,,,raw_html,,35189e9e47fd8b0791f435067bfa1f756e105f07c936067936d7acbb5cafcb99,
synthetic,syn-0009__subtree_relocate__02,html/syn-0009__subtree_relocate__02.html,syn-0009__subtree_relocate__02.html,run-none95,synthetic-shop.local,D:\Pet_Codes\science\article-price-tracker\synthetic\html\syn-0009__subtree_relocate__02.html,https://synthetic-shop.local/search/syn-0011,https://synthetic-shop.local/search/syn-0011,,,,raw_html,,543f4bed297dbe6fa0c142344168b72fdf34afe16aef20aa58981c14e494a98d,
synthetic,syn-0009__wrapper_insert__01,html/syn-0009__wrapper_insert__01.html,syn-0009__wrapper_insert__01.html,run-none96,synthetic-shop.local,D:\Pet_Codes\science\article-price-tracker\synthetic\html\syn-0009__wrapper_insert__01.html,https://synthetic-shop.local/search/syn-0012,https://synthetic-shop.local/search/syn-0012,,,,raw_html,,93d255878526f0b3a194348762f85f68f222cb1f33cb7ffa4af8bb89133280f9,
synthetic,syn-0009__wrapper_insert__02,html/syn-0009__wrapper_insert__02.html,syn-0009__wrapper_insert__02.html,run-none97,synthetic-shop.local,D:\Pet_Codes\science\article-price-tracker\synthetic\html\syn-0009__wrapper_insert__02.html,https://synthetic-shop.local/search/syn-0012,https://synthetic-shop.local/search/syn-0012,,,,raw_html,,3a436196ca22833c637542bc5c7fa494acb64fc716d6f0386173957eb8368447,
synthetic,syn-0009__wrapper_insert__03,html/syn-0009__wrapper_insert__03.html,syn-0009__wrapper_insert__03.html,run-none98,synthetic-shop.local,D:\Pet_Codes\science\article-price-tracker\synthetic\html\syn-0009__wrapper_insert__03.html,https://synthetic-shop.local/search/syn-0004,https://synthetic-shop.local/search/syn-0004,,,,raw_html,,8f78c84b4dcea2ea94faf3d1b580968356c7f1f7336813264d843fe20eb8558f,
synthetic,syn-0010,html/syn-0010.html,syn-0010.html,run-none99,synthetic-shop.local,D:\Pet_Codes\science\article-price-tracker\synthetic\html\syn-0010.html,https://synthetic-shop.local/search/syn-0017,https://synthetic-shop.local/search/syn-0017,,,,raw_html,,868e08818aa93ea36254f0981c9d22a965f12bc62a5d6b9c183210be8c4c64ee,
synthetic,syn-0010__class_rename__01,html/syn-0010__class_rename__01.html,syn-0010__class_rename__01.html,run-none100,synthetic-shop.local,D:\Pet_Codes\science\article-price-tracker\synthetic\html\syn-0010__class_rename__01.html,https://synthetic-shop.local/search/syn-0015,https://synthetic-shop.local/search/syn-0015,,,,raw_html,,2f9cfa32198568e93d2a29608a6b6908ab6708bdfb843f42473b75daa7a1fcf3,
synthetic,syn-0010__class_rename__02,html/syn-0010__class_rename__02.html,syn-0010__class_rename__02.html,run-none101,synthetic-shop.local,D:\Pet_Codes\science\article-price-tracker\synthetic\html\syn-0010__class_rename__02.html,https://synthetic-shop.local/search/syn-0006,https://synthetic-shop.local/search/syn-0006,,,,raw_html,,9b7b25c4281a844d83d16da90a89fbbe20097ece3cd07208317d741a79a41972,
synthetic,syn-0010__class_rename__03,html/syn-0010__class_rename__03.html,syn-0010__class_rename__03.html,run-none102,synthetic-shop.local,D:\Pet_Codes\science\article-price-tracker\synthetic\html\syn-0010__class_rename__03.html,https://synthetic-shop.local/search/syn-0011,https://synthetic-shop.local/search/syn-0011,,,,raw_html,,af1c606d7fb851987c6942f3c4ae4aeadcebe0bad5550b1b43ceb8ab3cd4af64,
synthetic,syn-0010__field_reorder__01,html/syn-0010__field_reorder__01.html,syn-0010__field_reorder__01.html,run-none103,synthetic-shop.local,D:\Pet_Codes\science\article-price-tracker\synthetic\html\syn-0010__field_reorder__01.html,https://synthetic-shop.local/search/syn-0005,https://synthetic-shop.local/search/syn-0005,,,,raw_html,,e4b37c67cc66476706932e1c3474b625441a996f98497ea3ac3e1fe975ca3649,
synthetic,syn-0010__field_reorder__02,html/syn-0010__field_reorder__02.html,syn-0010__field_reorder__02.html,run-none104,synthetic-shop.local,D:\Pet_Codes\science\article-price-tracker\synthetic\html\syn-0010__field_reorder__02.html,https://synthetic-shop.local/search/syn-0001,https://synthetic-shop.local/search/syn-0001,,,,raw_html,,0218434f7f78fd6217ebe04a267f3f675b5b5197c5e363c0366bd7e70517251a,
synthetic,syn-0010__subtree_relocate__01,html/syn-0010__subtree_relocate__01.html,syn-0010__subtree_relocate__01.html,run-none105,synthetic-shop.local,D:\Pet_Codes\science\article-price-tracker\synthetic\html\syn-0010__subtree_relocate__01.html,https://synthetic-shop.local/search/syn-0016,https://synthetic-shop.local/search/syn-0016,,,,raw_html,,6344efa4e7d7aad85dc6faa10a6090e4487edd9c7c5b0ab51c7743671fac27c6,
synthetic,syn-0010__subtree_relocate__02,html/syn-0010__subtree_relocate__02.html,syn-0010__subtree_relocate__02.html,run-none106,synthetic-shop.local,D:\Pet_Codes\science\article-price-tracker\synthetic\html\syn-0010__subtree_relocate__02.html,https://synthetic-shop.local/search/syn-0013,https://synthetic-shop.local/search/syn-0013,,,,raw_html,,78cecc7b7ce54bdd0754118242ddf6c5a5cfec8d32a1a20eff3d0719535ab9a2,
synthetic,syn-0010__wrapper_insert__01,html/syn-0010__wrapper_insert__01.html,syn-0010__wrapper_insert__01.html,run-none107,synthetic-shop.local,D:\Pet_Codes\science\article-price-tracker\synthetic\html\syn-0010__wrapper_insert__01.html,https://synthetic-shop.local/search/syn-0001,https://synthetic-shop.local/search/syn-0001,,,,raw_html,,a4cd57367a087f3577efe132252821eaf043d60f385a19956cde173c18e9b749,
synthetic,syn-0010__wrapper_insert__02,html/syn-0010__wrapper_insert__02.html,syn-0010__wrapper_insert__02.html,run-none108,synthetic-shop.local,D:\Pet_Codes\science\article-price-tracker\synthetic\html\syn-0010__wrapper_insert__02.html,https://synthetic-shop.local/search/syn-0012,https://synthetic-shop.local/search/syn-0012,,,,raw_html,,65ef43d8fb94e9e14cd8ab2d00f36173d079e29b6267a0f9232e0164245a06e9,
synthetic,syn-0010__wrapper_insert__03,html/syn-0010__wrapper_insert__03.html,syn-0010__wrapper_insert__03.html,run-none109,synthetic-shop.local,D:\Pet_Codes\science\article-price-tracker\synthetic\html\syn-0010__wrapper_insert__03.html,https://synthetic-shop.local/search/syn-0013,https://synthetic-shop.local/search/syn-0013,,,,raw_html,,6f55d694b45e83dc065b1b2f0f37be0ff0348e9d41ac3aad620dc0041c654ed9,
synthetic,syn-0011,html/syn-0011.html,syn-0011.html,run-none110,synthetic-shop.local,D:\Pet_Codes\science\article-price-tracker\synthetic\html\syn-0011.html,https://synthetic-shop.local/search/syn-0003,https://synthetic-shop.local/search/syn-0003,,,,raw_html,,2301e0f464903c9280169092611c0194aa8f79300de653a0b6005af1bf5eae85,
synthetic,syn-0011__class_rename__01,html/syn-0011__class_rename__01.html,syn-0011__class_rename__01.html,run-none111,synthetic-shop.local,D:\Pet_Codes\science\article-price-tracker\synthetic\html\syn-0011__class_rename__01.html,https://synthetic-shop.local/search/syn-0013,https://synthetic-shop.local/search/syn-0013,,,,raw_html,,f7c92409efc1a1208fe446c57bf58709f20937ad17dbccec7dfbee3755fae277,
synthetic,syn-0011__class_rename__02,html/syn-0011__class_rename__02.html,syn-0011__class_rename__02.html,run-none112,synthetic-shop.local,D:\Pet_Codes\science\article-price-tracker\synthetic\html\syn-0011__class_rename__02.html,https://synthetic-shop.local/search/syn-0007,https://synthetic-shop.local/search/syn-0007,,,,raw_html,,6e85dbbf23684e3f80c791d07c31f822fae08869e804aa19298c5fd1bdddd742,
synthetic,syn-0011__class_rename__03,html/syn-0011__class_rename__03.html,syn-0011__class_rename__03.html,run-none113,synthetic-shop.local,D:\Pet_Codes\science\article-price-tracker\synthetic\html\syn-0011__class_rename__03.html,https://synthetic-shop.local/search/syn-0014,https://synthetic-shop.local/search/syn-0014,,,,raw_html,,26b69b3d83af06a3db2097b31dd8c82d2a0e56033c0b0a8893636d51a3c5409c,
synthetic,syn-0011__field_reorder__01,html/syn-0011__field_reorder__01.html,syn-0011__field_reorder__01.html,run-none114,synthetic-shop.local,D:\Pet_Codes\science\article-price-tracker\synthetic\html\syn-0011__field_reorder__01.html,https://synthetic-shop.local/search/syn-0019,https://synthetic-shop.local/search/syn-0019,,,,raw_html,,f0ed327d0704b6f3b307fc08742929e8c0021d7c19bb45927d214978b85428fc,
synthetic,syn-0011__field_reorder__02,html/syn-0011__field_reorder__02.html,syn-0011__field_reorder__02.html,run-none115,synthetic-shop.local,D:\Pet_Codes\science\article-price-tracker\synthetic\html\syn-0011__field_reorder__02.html,https://synthetic-shop.local/search/syn-0003,https://synthetic-shop.local/search/syn-0003,,,,raw_html,,82af70687888330deae50ac6c1612c364e59c1e881aaa75f3b3be7a1ea4a25cb,
synthetic,syn-0011__subtree_relocate__01,html/syn-0011__subtree_relocate__01.html,syn-0011__subtree_relocate__01.html,run-none116,synthetic-shop.local,D:\Pet_Codes\science\article-price-tracker\synthetic\html\syn-0011__subtree_relocate__01.html,https://synthetic-shop.local/search/syn-0009,https://synthetic-shop.local/search/syn-0009,,,,raw_html,,261a6eeb7f75031de80791969ffc86a4128cbb6793fb43e7ecdf8b658c9ef1b3,
synthetic,syn-0011__subtree_relocate__02,html/syn-0011__subtree_relocate__02.html,syn-0011__subtree_relocate__02.html,run-none117,synthetic-shop.local,D:\Pet_Codes\science\article-price-tracker\synthetic\html\syn-0011__subtree_relocate__02.html,https://synthetic-shop.local/search/syn-0007,https://synthetic-shop.local/search/syn-0007,,,,raw_html,,15099d0c0fcd61f0174b42498720ca6e26f0197175ea1c5f94cee82c1ca8ef5e,
synthetic,syn-0011__wrapper_insert__01,html/syn-0011__wrapper_insert__01.html,syn-0011__wrapper_insert__01.html,run-none118,synthetic-shop.local,D:\Pet_Codes\science\article-price-tracker\synthetic\html\syn-0011__wrapper_insert__01.html,https://synthetic-shop.local/search/syn-0005,https://synthetic-shop.local/search/syn-0005,,,,raw_html,,88cb94c11d6de4312963f3cc236c2d5a20a968292383afb186afc22c7bc350f5,
synthetic,syn-0011__wrapper_insert__02,html/syn-0011__wrapper_insert__02.html,syn-0011__wrapper_insert__02.html,run-none119,synthetic-shop.local,D:\Pet_Codes\science\article-price-tracker\synthetic\html\syn-0011__wrapper_insert__02.html,https://synthetic-shop.local/search/syn-0010,https://synthetic-shop.local/search/syn-0010,,,,raw_html,,7f2b3208ae26348faa3127f32b10f53d1880a45dc5ef25006198c75a65025a55,
synthetic,syn-0011__wrapper_insert__03,html/syn-0011__wrapper_insert__03.html,syn-0011__wrapper_insert__03.html,run-none120,synthetic-shop.local,D:\Pet_Codes\science\article-price-tracker\synthetic\html\syn-0011__wrapper_insert__03.html,https://synthetic-shop.local/search/syn-0003,https://synthetic-shop.local/search/syn-0003,,,,raw_html,,3c21330791cb88ea832b48c9df20351830285fe3e6c901afbe6131076c43c23a,
synthetic,syn-0012,html/syn-0012.html,syn-0012.html,run-none121,synthetic-shop.local,D:\Pet_Codes\science\article-price-tracker\synthetic\html\syn-0012.html,https://synthetic-shop.local/search/syn-0010,https://synthetic-shop.local/search/syn-0010,,,,raw_html,,e2a3a0c3d6c9bead5145b76ea6ce4095449e6dfd6bd96c194343235353ba1162,
synthetic,syn-0012__class_rename__01,html/syn-0012__class_rename__01.html,syn-0012__class_rename__01.html,run-none122,synthetic-shop.local,D:\Pet_Codes\science\article-price-tracker\synthetic\html\syn-0012__class_rename__01.html,https://synthetic-shop.local/search/syn-0009,https://synthetic-shop.local/search/syn-0009,,,,raw_html,,995a36e548ba5cc3d7d09da13aa1561a503e501c7277cb2037c8b19a088c15e0,
synthetic,syn-0012__class_rename__02,html/syn-0012__class_rename__02.html,syn-0012__class_rename__02.html,run-none123,synthetic-shop.local,D:\Pet_Codes\science\article-price-tracker\synthetic\html\syn-0012__class_rename__02.html,https://synthetic-shop.local/search/syn-0001,https://synthetic-shop.local/search/syn-0001,,,,raw_html,,fcc1b5ab3d88bb72e8e586d3b3589034d52eaeb9da5518e886b86ab7d51ea0ff,
synthetic,syn-0012__class_rename__03,html/syn-0012__class_rename__03.html,syn-0012__class_rename__03.html,run-none124,synthetic-shop.local,D:\Pet_Codes\science\article-price-tracker\synthetic\html\syn-0012__class_rename__03.html,https://synthetic-shop.local/search/syn-0013,https://synthetic-shop.local/search/syn-0013,,,,raw_html,,73603a32f0dbb49dcef045799cfd8e36bd108594f0e0bfe672a0447708e2b352,
synthetic,syn-0012__field_reorder__01,html/syn-0012__field_reorder__01.html,syn-0012__field_reorder__01.html,run-none125,synthetic-shop.local,D:\Pet_Codes\science\article-price-tracker\synthetic\html\syn-0012__field_reorder__01.html,https://synthetic-shop.local/search/syn-0003,https://synthetic-shop.local/search/syn-0003,,,,raw_html,,97d59cdcc13810dac0967fc6b39ea73d4210344fc363325d98146edd20f0da87,
synthetic,syn-0012__field_reorder__02,html/syn-0012__field_reorder__02.html,syn-0012__field_reorder__02.html,run-none126,synthetic-shop.local,D:\Pet_Codes\science\article-price-tracker\synthetic\html\syn-0012__field_reorder__02.html,https://synthetic-shop.local/search/syn-0009,https://synthetic-shop.local/search/syn-0009,,,,raw_html,,6f2869e67f0dfa7d88ee75c16a0c1aab6dd52dd7aa7dc0ccf0394ed87026a526,
synthetic,syn-0012__subtree_relocate__01,html/syn-0012__subtree_relocate__01.html,syn-0012__subtree_relocate__01.html,run-none127,synthetic-shop.local,D:\Pet_Codes\science\article-price-tracker\synthetic\html\syn-0012__subtree_relocate__01.html,https://synthetic-shop.local/search/syn-0011,https://synthetic-shop.local/search/syn-0011,,,,raw_html,,97b35a65d3fea58f6b82db6dfb62e8f68fa5888b82c1251a8a39e569e9a01bd2,
synthetic,syn-0012__subtree_relocate__02,html/syn-0012__subtree_relocate__02.html,syn-0012__subtree_relocate__02.html,run-none128,synthetic-shop.local,D:\Pet_Codes\science\article-price-tracker\synthetic\html\syn-0012__subtree_relocate__02.html,https://synthetic-shop.local/search/syn-0008,https://synthetic-shop.local/search/syn-0008,,,,raw_html,,c15ce4864cf62557a3e0ccab531814aef39599af0db2d11eb3d6be981bc66948,
synthetic,syn-0012__wrapper_insert__01,html/syn-0012__wrapper_insert__01.html,syn-0012__wrapper_insert__01.html,run-none129,synthetic-shop.local,D:\Pet_Codes\science\article-price-tracker\synthetic\html\syn-0012__wrapper_insert__01.html,https://synthetic-shop.local/search/syn-0011,https://synthetic-shop.local/search/syn-0011,,,,raw_html,,e98dff1e97decf1931fbe467b2e505ecb84814a51427ce58101758ed0b67dfab,
synthetic,syn-0012__wrapper_insert__02,html/syn-0012__wrapper_insert__02.html,syn-0012__wrapper_insert__02.html,run-none130,synthetic-shop.local,D:\Pet_Codes\science\article-price-tracker\synthetic\html\syn-0012__wrapper_insert__02.html,https://synthetic-shop.local/search/syn-0008,https://synthetic-shop.local/search/syn-0008,,,,raw_html,,95dd87484a5875a121cc4d83243d976fdbce3159ebeb01f818abc64f95c43481,
synthetic,syn-0012__wrapper_insert__03,html/syn-0012__wrapper_insert__03.html,syn-0012__wrapper_insert__03.html,run-none131,synthetic-shop.local,D:\Pet_Codes\science\article-price-tracker\synthetic\html\syn-0012__wrapper_insert__03.html,https://synthetic-shop.local/search/syn-0018,https://synthetic-shop.local/search/syn-0018,,,,raw_html,,4ec7cc50006ea71f9f109aab229791db4c535c8a6f47a1d24fa687f88a31d423,
synthetic,syn-0013,html/syn-0013.html,syn-0013.html,run-none132,synthetic-shop.local,D:\Pet_Codes\science\article-price-tracker\synthetic\html\syn-0013.html,https://synthetic-shop.local/search/syn-0019,https://synthetic-shop.local/search/syn-0019,,,,raw_html,,9709ea835b8d713c84edea5827a86e1924e609efb3b7265dab53f2a7f45355cd,
synthetic,syn-0013__class_rename__01,html/syn-0013__class_rename__01.html,syn-0013__class_rename__01.html,run-none133,synthetic-shop.local,D:\Pet_Codes\science\article-price-tracker\synthetic\html\syn-0013__class_rename__01.html,https://synthetic-shop.local/search/syn-0015,https://synthetic-shop.local/search/syn-0015,,,,raw_html,,b0cafdd07deda40b2ab705bd9b9fdb0dc36c37c773736c0563d8efc163e36493,
synthetic,syn-0013__class_rename__02,html/syn-0013__class_rename__02.html,syn-0013__class_rename__02.html,run-none134,synthetic-shop.local,D:\Pet_Codes\science\article-price-tracker\synthetic\html\syn-0013__class_rename__02.html,https://synthetic-shop.local/search/syn-0004,https://synthetic-shop.local/search/syn-0004,,,,raw_html,,f20a9c7649c5a1d63f9b50fde07a6482437ed2413d158f32485776cdf1f4a46f,
synthetic,syn-0013__class_rename__03,html/syn-0013__class_rename__03.html,syn-0013__class_rename__03.html,run-none135,synthetic-shop.local,D:\Pet_Codes\science\article-price-tracker\synthetic\html\syn-0013__class_rename__03.html,https://synthetic-shop.local/search/syn-0019,https://synthetic-shop.local/search/syn-0019,,,,raw_html,,5511b8c36473aeb2d653c9c632816cb4ae96b28496696238504b8460f60829a9,
synthetic,syn-0013__field_reorder__01,html/syn-0013__field_reorder__01.html,syn-0013__field_reorder__01.html,run-none136,synthetic-shop.local,D:\Pet_Codes\science\article-price-tracker\synthetic\html\syn-0013__field_reorder__01.html,https://synthetic-shop.local/search/syn-0003,https://synthetic-shop.local/search/syn-0003,,,,raw_html,,c7c321b1aebab0778cf9be86b7f98db1698f6ae8f39a4dfaa7b6359951f5aae7,
synthetic,syn-0013__field_reorder__02,html/syn-0013__field_reorder__02.html,syn-0013__field_reorder__02.html,run-none137,synthetic-shop.local,D:\Pet_Codes\science\article-price-tracker\synthetic\html\syn-0013__field_reorder__02.html,https://synthetic-shop.local/search/syn-0009,https://synthetic-shop.local/search/syn-0009,,,,raw_html,,f49b653da416e06f56d49638bb5952f7de5dcc16e54abcc683dd4332b9e4dae6,
synthetic,syn-0013__subtree_relocate__01,html/syn-0013__subtree_relocate__01.html,syn-0013__subtree_relocate__01.html,run-none138,synthetic-shop.local,D:\Pet_Codes\science\article-price-tracker\synthetic\html\syn-0013__subtree_relocate__01.html,https://synthetic-shop.local/search/syn-0018,https://synthetic-shop.local/search/syn-0018,,,,raw_html,,39f164096d2a0a9f6d2c9eb77db970f83ea3e54991cd12fe4d5aa5c798a0e259,
synthetic,syn-0013__subtree_relocate__02,html/syn-0013__subtree_relocate__02.html,syn-0013__subtree_relocate__02.html,run-none139,synthetic-shop.local,D:\Pet_Codes\science\article-price-tracker\synthetic\html\syn-0013__subtree_relocate__02.html,https://synthetic-shop.local/search/syn-0002,https://synthetic-shop.local/search/syn-0002,,,,raw_html,,e9e2a061d7071ce8a2c535e028ddf9b9806c2ade28e1cb94d0354f578bf1e2c3,
synthetic,syn-0013__wrapper_insert__01,html/syn-0013__wrapper_insert__01.html,syn-0013__wrapper_insert__01.html,run-none140,synthetic-shop.local,D:\Pet_Codes\science\article-price-tracker\synthetic\html\syn-0013__wrapper_insert__01.html,https://synthetic-shop.local/search/syn-0017,https://synthetic-shop.local/search/syn-0017,,,,raw_html,,894ebf81d1c7ecf850d39d3aaa2a8a4b0a902f2fac3e41f36471087a22544d53,
synthetic,syn-0013__wrapper_insert__02,html/syn-0013__wrapper_insert__02.html,syn-0013__wrapper_insert__02.html,run-none141,synthetic-shop.local,D:\Pet_Codes\science\article-price-tracker\synthetic\html\syn-0013__wrapper_insert__02.html,https://synthetic-shop.local/search/syn-0008,https://synthetic-shop.local/search/syn-0008,,,,raw_html,,252d573604d845c6083118503fac8ef466d4709f5b2b6eaab8ad1eed2d3978a1,
synthetic,syn-0013__wrapper_insert__03,html/syn-0013__wrapper_insert__03.html,syn-0013__wrapper_insert__03.html,run-none142,synthetic-shop.local,D:\Pet_Codes\science\article-price-tracker\synthetic\html\syn-0013__wrapper_insert__03.html,https://synthetic-shop.local/search/syn-0001,https://synthetic-shop.local/search/syn-0001,,,,raw_html,,1aed8bf876c3dc57bc986f01effd03e38b019e74ca09cc6f3a65c76c19c114ae,
synthetic,syn-0014,html/syn-0014.html,syn-0014.html,run-none143,synthetic-shop.local,D:\Pet_Codes\science\article-price-tracker\synthetic\html\syn-0014.html,https://synthetic-shop.local/search/syn-0013,https://synthetic-shop.local/search/syn-0013,,,,raw_html,,96525783d033d80e925c77df8e64c934e8f4a411e257330e53ccb230b65f16bc,
synthetic,syn-0014__class_rename__01,html/syn-0014__class_rename__01.html,syn-0014__class_rename__01.html,run-none144,synthetic-shop.local,D:\Pet_Codes\science\article-price-tracker\synthetic\html\syn-0014__class_rename__01.html,https://synthetic-shop.local/search/syn-0017,https://synthetic-shop.local/search/syn-0017,,,,raw_html,,4f943e39b28d479d70ba8915e83c56f6380b03355b9cbc28ae5fe95d22e4b147,
synthetic,syn-0014__class_rename__02,html/syn-0014__class_rename__02.html,syn-0014__class_rename__02.html,run-none145,synthetic-shop.local,D:\Pet_Codes\science\article-price-tracker\synthetic\html\syn-0014__class_rename__02.html,https://synthetic-shop.local/search/syn-0010,https://synthetic-shop.local/search/syn-0010,,,,raw_html,,c3be3ad52cd1891c23682ec8027903b132f624488aca3ec820849fdcde14fed0,
synthetic,syn-0014__class_rename__03,html/syn-0014__class_rename__03.html,syn-0014__class_rename__03.html,run-none146,synthetic-shop.local,D:\Pet_Codes\science\article-price-tracker\synthetic\html\syn-0014__class_rename__03.html,https://synthetic-shop.local/search/syn-0003,https://synthetic-shop.local/search/syn-0003,,,,raw_html,,7c901c47c3fbfeffa29b24ccb1a4d0ff51e0a9b4e0750d357d6c036e193e8534,
synthetic,syn-0014__field_reorder__01,html/syn-0014__field_reorder__01.html,syn-0014__field_reorder__01.html,run-none147,synthetic-shop.local,D:\Pet_Codes\science\article-price-tracker\synthetic\html\syn-0014__field_reorder__01.html,https://synthetic-shop.local/search/syn-0017,https://synthetic-shop.local/search/syn-0017,,,,raw_html,,da2886849efe748704dcb230ab5a59e9a643c253f1f4a948498ff110a2d8a48e,
synthetic,syn-0014__field_reorder__02,html/syn-0014__field_reorder__02.html,syn-0014__field_reorder__02.html,run-none148,synthetic-shop.local,D:\Pet_Codes\science\article-price-tracker\synthetic\html\syn-0014__field_reorder__02.html,https://synthetic-shop.local/search/syn-0015,https://synthetic-shop.local/search/syn-0015,,,,raw_html,,f41e1a3b13d4ccd7318708739033ea4b22b9acb36aa2ebccf461e2a9ace90fbf,
synthetic,syn-0014__subtree_relocate__01,html/syn-0014__subtree_relocate__01.html,syn-0014__subtree_relocate__01.html,run-none149,synthetic-shop.local,D:\Pet_Codes\science\article-price-tracker\synthetic\html\syn-0014__subtree_relocate__01.html,https://synthetic-shop.local/search/syn-0020,https://synthetic-shop.local/search/syn-0020,,,,raw_html,,3cb0fe8ce548aa5cbd6a1549f52e0542c11f2be7478f472c4856ba15511e5262,
synthetic,syn-0014__subtree_relocate__02,html/syn-0014__subtree_relocate__02.html,syn-0014__subtree_relocate__02.html,run-none150,synthetic-shop.local,D:\Pet_Codes\science\article-price-tracker\synthetic\html\syn-0014__subtree_relocate__02.html,https://synthetic-shop.local/search/syn-0009,https://synthetic-shop.local/search/syn-0009,,,,raw_html,,4e133f4287f7048fe5f4a1b1e6ba7f00cb54cc3a69ccad4018415bd049ee072d,
synthetic,syn-0014__wrapper_insert__01,html/syn-0014__wrapper_insert__01.html,syn-0014__wrapper_insert__01.html,run-none151,synthetic-shop.local,D:\Pet_Codes\science\article-price-tracker\synthetic\html\syn-0014__wrapper_insert__01.html,https://synthetic-shop.local/search/syn-0013,https://synthetic-shop.local/search/syn-0013,,,,raw_html,,dc0d90105e13ecdfaf9cc18343e6e6aa994e34437997cf2215d7cd43e02524bd,
synthetic,syn-0014__wrapper_insert__02,html/syn-0014__wrapper_insert__02.html,syn-0014__wrapper_insert__02.html,run-none152,synthetic-shop.local,D:\Pet_Codes\science\article-price-tracker\synthetic\html\syn-0014__wrapper_insert__02.html,https://synthetic-shop.local/search/syn-0011,https://synthetic-shop.local/search/syn-0011,,,,raw_html,,6edb05566c80aef278d9ff8eafcd02aa945955c5aa477c6ce1994a49eb43ec8c,
synthetic,syn-0014__wrapper_insert__03,html/syn-0014__wrapper_insert__03.html,syn-0014__wrapper_insert__03.html,run-none153,synthetic-shop.local,D:\Pet_Codes\science\article-price-tracker\synthetic\html\syn-0014__wrapper_insert__03.html,https://synthetic-shop.local/search/syn-0019,https://synthetic-shop.local/search/syn-0019,,,,raw_html,,324a2270dbdd2605210b6db9f8626b47137af5369ae3a37d1b334134c29f0869,
synthetic,syn-0015,html/syn-0015.html,syn-0015.html,run-none154,synthetic-shop.local,D:\Pet_Codes\science\article-price-tracker\synthetic\html\syn-0015.html,https://synthetic-shop.local/search/syn-0011,https://synthetic-shop.local/search/syn-0011,,,,raw_html,,1b101a835ea51eca17f4e257e6a05e12147cd02760fd0a9579ca18fdacf5fd67,
synthetic,syn-0015__class_rename__01,html/syn-0015__class_rename__01.html,syn-0015__class_rename__01.html,run-none155,synthetic-shop.local,D:\Pet_Codes\science\article-price-tracker\synthetic\html\syn-0015__class_rename__01.html,https://synthetic-shop.local/search/syn-0001,https://synthetic-shop.local/search/syn-0001,,,,raw_html,,d22103f3ca15a391cd38de97c282e47e244d167e0948df8f98dcd5f2a30e8b04,
synthetic,syn-0015__class_rename__02,html/syn-0015__class_rename__02.html,syn-0015__class_rename__02.html,run-none156,synthetic-shop.local,D:\Pet_Codes\science\article-price-tracker\synthetic\html\syn-0015__class_rename__02.html,https://synthetic-shop.local/search/syn-0004,https://synthetic-shop.local/search/syn-0004,,,,raw_html,,c58a4e087e31b155a3e19ce4227de567bdd4be69437add1b68fde944595753bf,
synthetic,syn-0015__class_rename__03,html/syn-0015__class_rename__03.html,syn-0015__class_rename__03.html,run-none157,synthetic-shop.local,D:\Pet_Codes\science\article-price-tracker\synthetic\html\syn-0015__class_rename__03.html,https://synthetic-shop.local/search/syn-0010,https://synthetic-shop.local/search/syn-0010,,,,raw_html,,f346f73d03fda26275bc377121314b5f512cfc4eca3dd6db1d5d5a65d9051d89,
synthetic,syn-0015__field_reorder__01,html/syn-0015__field_reorder__01.html,syn-0015__field_reorder__01.html,run-none158,synthetic-shop.local,D:\Pet_Codes\science\article-price-tracker\synthetic\html\syn-0015__field_reorder__01.html,https://synthetic-shop.local/search/syn-0010,https://synthetic-shop.local/search/syn-0010,,,,raw_html,,19385818d01ae5a0df2d22ebb7ca3c82a1fe3a7bb977b5b9294ef2fdba2e7ba1,
synthetic,syn-0015__field_reorder__02,html/syn-0015__field_reorder__02.html,syn-0015__field_reorder__02.html,run-none159,synthetic-shop.local,D:\Pet_Codes\science\article-price-tracker\synthetic\html\syn-0015__field_reorder__02.html,https://synthetic-shop.local/search/syn-0014,https://synthetic-shop.local/search/syn-0014,,,,raw_html,,5aa59cad8836984d6e8d0b19e9b413f18b801c77d9194d8f404e68d23fe3de84,
synthetic,syn-0015__subtree_relocate__01,html/syn-0015__subtree_relocate__01.html,syn-0015__subtree_relocate__01.html,run-none160,synthetic-shop.local,D:\Pet_Codes\science\article-price-tracker\synthetic\html\syn-0015__subtree_relocate__01.html,https://synthetic-shop.local/search/syn-0020,https://synthetic-shop.local/search/syn-0020,,,,raw_html,,65ec806c3edd17f2168deaa5d5490bd001670c16087e1186f5606636de505601,
synthetic,syn-0015__subtree_relocate__02,html/syn-0015__subtree_relocate__02.html,syn-0015__subtree_relocate__02.html,run-none161,synthetic-shop.local,D:\Pet_Codes\science\article-price-tracker\synthetic\html\syn-0015__subtree_relocate__02.html,https://synthetic-shop.local/search/syn-0018,https://synthetic-shop.local/search/syn-0018,,,,raw_html,,61f6865d40c037b0b5c9c96a81a2559ef962c8e8f1709cb40002035dcb43ef1d,
synthetic,syn-0015__wrapper_insert__01,html/syn-0015__wrapper_insert__01.html,syn-0015__wrapper_insert__01.html,run-none162,synthetic-shop.local,D:\Pet_Codes\science\article-price-tracker\synthetic\html\syn-0015__wrapper_insert__01.html,https://synthetic-shop.local/search/syn-0009,https://synthetic-shop.local/search/syn-0009,,,,raw_html,,5c5fec55d4e9e28b883d05ec3eac0eb708aaed1547ba5a43b18273f24d4ef8df,
synthetic,syn-0015__wrapper_insert__02,html/syn-0015__wrapper_insert__02.html,syn-0015__wrapper_insert__02.html,run-none163,synthetic-shop.local,D:\Pet_Codes\science\article-price-tracker\synthetic\html\syn-0015__wrapper_insert__02.html,https://synthetic-shop.local/search/syn-0005,https://synthetic-shop.local/search/syn-0005,,,,raw_html,,1db42c69530f32c581fded731f385092dd8379fab138807ce44fa01eac77f9a9,
synthetic,syn-0015__wrapper_insert__03,html/syn-0015__wrapper_insert__03.html,syn-0015__wrapper_insert__03.html,run-none164,synthetic-shop.local,D:\Pet_Codes\science\article-price-tracker\synthetic\html\syn-0015__wrapper_insert__03.html,https://synthetic-shop.local/search/syn-0017,https://synthetic-shop.local/search/syn-0017,,,,raw_html,,8a763b22baa02a5cc75da778c4569d0abc146857e5c352b36e3677c23f9f5639,
synthetic,syn-0016,html/syn-0016.html,syn-0016.html,run-none165,synthetic-shop.local,D:\Pet_Codes\science\article-price-tracker\synthetic\html\syn-0016.html,https://synthetic-shop.local/search/syn-0008,https://synthetic-shop.local/search/syn-0008,,,,raw_html,,ac570442bf23f8c22894c4eb47973dace2e0b1709c1d8c1dd7d340029bb6bdea,
synthetic,syn-0016__class_rename__01,html/syn-0016__class_rename__01.html,syn-0016__class_rename__01.html,run-none166,synthetic-shop.local,D:\Pet_Codes\science\article-price-tracker\synthetic\html\syn-0016__class_rename__01.html,https://synthetic-shop.local/search/syn-0002,https://synthetic-shop.local/search/syn-0002,,,,raw_html,,f0258cca9f04f24268c96dbb7f45cc6cc381bfa147ebfa0e9fc6d52137049533,
synthetic,syn-0016__class_rename__02,html/syn-0016__class_rename__02.html,syn-0016__class_rename__02.html,run-none167,synthetic-shop.local,D:\Pet_Codes\science\article-price-tracker\synthetic\html\syn-0016__class_rename__02.html,https://synthetic-shop.local/search/syn-0018,https://synthetic-shop.local/search/syn-0018,,,,raw_html,,b1b573f0752c476acaf611ff6fa64cb5846222757747142a22086dd204b7b5ed,
synthetic,syn-0016__class_rename__03,html/syn-0016__class_rename__03.html,syn-0016__class_rename__03.html,run-none168,synthetic-shop.local,D:\Pet_Codes\science\article-price-tracker\synthetic\html\syn-0016__class_rename__03.html,https://synthetic-shop.local/search/syn-0011,https://synthetic-shop.local/search/syn-0011,,,,raw_html,,50efbdbd7b73c392192476da385bc27cfcc9859df9adc0f69c72162ec9120171,
synthetic,syn-0016__field_reorder__01,html/syn-0016__field_reorder__01.html,syn-0016__field_reorder__01.html,run-none169,synthetic-shop.local,D:\Pet_Codes\science\article-price-tracker\synthetic\html\syn-0016__field_reorder__01.html,https://synthetic-shop.local/search/syn-0012,https://synthetic-shop.local/search/syn-0012,,,,raw_html,,16bb09404193b35198f68013b048d9ed01a2ee3caec7f47ab95ffca470d86957,
synthetic,syn-0016__field_reorder__02,html/syn-0016__field_reorder__02.html,syn-0016__field_reorder__02.html,run-none170,synthetic-shop.local,D:\Pet_Codes\science\article-price-tracker\synthetic\html\syn-0016__field_reorder__02.html,https://synthetic-shop.local/search/syn-0017,https://synthetic-shop.local/search/syn-0017,,,,raw_html,,74c519715984c16e44aa0832b06dccdef5253aa44ebc6482ec044fd4b18007fd,
synthetic,syn-0016__subtree_relocate__01,html/syn-0016__subtree_relocate__01.html,syn-0016__subtree_relocate__01.html,run-none171,synthetic-shop.local,D:\Pet_Codes\science\article-price-tracker\synthetic\html\syn-0016__subtree_relocate__01.html,https://synthetic-shop.local/search/syn-0007,https://synthetic-shop.local/search/syn-0007,,,,raw_html,,2302c0d2a71b41bf2e76dbc6efaf93d64a248233c4b65aa700ec01fbe92fa57f,
synthetic,syn-0016__subtree_relocate__02,html/syn-0016__subtree_relocate__02.html,syn-0016__subtree_relocate__02.html,run-none172,synthetic-shop.local,D:\Pet_Codes\science\article-price-tracker\synthetic\html\syn-0016__subtree_relocate__02.html,https://synthetic-shop.local/search/syn-0004,https://synthetic-shop.local/search/syn-0004,,,,raw_html,,d92656cd822de5a9a767e9409e4ba398893f9fa231e23e6194d53be72235f113,
synthetic,syn-0016__wrapper_insert__01,html/syn-0016__wrapper_insert__01.html,syn-0016__wrapper_insert__01.html,run-none173,synthetic-shop.local,D:\Pet_Codes\science\article-price-tracker\synthetic\html\syn-0016__wrapper_insert__01.html,https://synthetic-shop.local/search/syn-0003,https://synthetic-shop.local/search/syn-0003,,,,raw_html,,e201fa8f316b1b33c49277a74df2aaf6dd6ba286339a20e6ab28211be0d0ee69,
synthetic,syn-0016__wrapper_insert__02,html/syn-0016__wrapper_insert__02.html,syn-0016__wrapper_insert__02.html,run-none174,synthetic-shop.local,D:\Pet_Codes\science\article-price-tracker\synthetic\html\syn-0016__wrapper_insert__02.html,https://synthetic-shop.local/search/syn-0011,https://synthetic-shop.local/search/syn-0011,,,,raw_html,,8ce0372006850ba33045b88e8224ac2fc19c743b3a853030e091d171dba930a8,
synthetic,syn-0016__wrapper_insert__03,html/syn-0016__wrapper_insert__03.html,syn-0016__wrapper_insert__03.html,run-none175,synthetic-shop.local,D:\Pet_Codes\science\article-price-tracker\synthetic\html\syn-0016__wrapper_insert__03.html,https://synthetic-shop.local/search/syn-0002,https://synthetic-shop.local/search/syn-0002,,,,raw_html,,f12afe12950a31985ca349b9f750ec6df784b30f0ec32409a6b652631d8c0677,
synthetic,syn-0017,html/syn-0017.html,syn-0017.html,run-none176,synthetic-shop.local,D:\Pet_Codes\science\article-price-tracker\synthetic\html\syn-0017.html,https://synthetic-shop.local/search/syn-0005,https://synthetic-shop.local/search/syn-0005,,,,raw_html,,087db53f8eff747307ac34667ca34ce250061e2d91f75acbcae4077b5222f9a4,
synthetic,syn-0017__class_rename__01,html/syn-0017__class_rename__01.html,syn-0017__class_rename__01.html,run-none177,synthetic-shop.local,D:\Pet_Codes\science\article-price-tracker\synthetic\html\syn-0017__class_rename__01.html,https://synthetic-shop.local/search/syn-0007,https://synthetic-shop.local/search/syn-0007,,,,raw_html,,95d2bedb1f44c11b126ed8f303c471d08b1c4a7b09faa5b3b8f73837c7ca5226,
synthetic,syn-0017__class_rename__02,html/syn-0017__class_rename__02.html,syn-0017__class_rename__02.html,run-none178,synthetic-shop.local,D:\Pet_Codes\science\article-price-tracker\synthetic\html\syn-0017__class_rename__02.html,https://synthetic-shop.local/search/syn-0003,https://synthetic-shop.local/search/syn-0003,,,,raw_html,,fbe094f0b247ed7fad41bf32afbf0aec2b96eb22ee1abd6bac1a281ddaae04dc,
synthetic,syn-0017__class_rename__03,html/syn-0017__class_rename__03.html,syn-0017__class_rename__03.html,run-none179,synthetic-shop.local,D:\Pet_Codes\science\article-price-tracker\synthetic\html\syn-0017__class_rename__03.html,https://synthetic-shop.local/search/syn-0014,https://synthetic-shop.local/search/syn-0014,,,,raw_html,,258f3c8a5b6b301ef4a3f28e420c0857caadac00a0bfeef1520be5ecc910e0d4,
synthetic,syn-0017__field_reorder__01,html/syn-0017__field_reorder__01.html,syn-0017__field_reorder__01.html,run-none180,synthetic-shop.local,D:\Pet_Codes\science\article-price-tracker\synthetic\html\syn-0017__field_reorder__01.html,https://synthetic-shop.local/search/syn-0005,https://synthetic-shop.local/search/syn-0005,,,,raw_html,,3835f43258366b5fdc1039db40c85e19daebfff3eea2a08157ca9f59ed36c139,
synthetic,syn-0017__field_reorder__02,html/syn-0017__field_reorder__02.html,syn-0017__field_reorder__02.html,run-none181,synthetic-shop.local,D:\Pet_Codes\science\article-price-tracker\synthetic\html\syn-0017__field_reorder__02.html,https://synthetic-shop.local/search/syn-0020,https://synthetic-shop.local/search/syn-0020,,,,raw_html,,da02c9bd33c37215fcd4601600226d881eaf90bdc741f4dfba7c800dd5607094,
synthetic,syn-0017__subtree_relocate__01,html/syn-0017__subtree_relocate__01.html,syn-0017__subtree_relocate__01.html,run-none182,synthetic-shop.local,D:\Pet_Codes\science\article-price-tracker\synthetic\html\syn-0017__subtree_relocate__01.html,https://synthetic-shop.local/search/syn-0013,https://synthetic-shop.local/search/syn-0013,,,,raw_html,,a6d6bcdc6f98077d60b7bfb04b949ce1f5cac0e906258e78d254ae439f2302cc,
synthetic,syn-0017__subtree_relocate__02,html/syn-0017__subtree_relocate__02.html,syn-0017__subtree_relocate__02.html,run-none183,synthetic-shop.local,D:\Pet_Codes\science\article-price-tracker\synthetic\html\syn-0017__subtree_relocate__02.html,https://synthetic-shop.local/search/syn-0014,https://synthetic-shop.local/search/syn-0014,,,,raw_html,,0a79c10b1768bcb00daa4e466d7fe729d219b9eeaa75dee822a742d37bcdad90,
synthetic,syn-0017__wrapper_insert__01,html/syn-0017__wrapper_insert__01.html,syn-0017__wrapper_insert__01.html,run-none184,synthetic-shop.local,D:\Pet_Codes\science\article-price-tracker\synthetic\html\syn-0017__wrapper_insert__01.html,https://synthetic-shop.local/search/syn-0008,https://synthetic-shop.local/search/syn-0008,,,,raw_html,,285a0ae69977e0b0afa16bc6fcc3726981929d2cb0e3cf7366dd33cadb41b7e6,
synthetic,syn-0017__wrapper_insert__02,html/syn-0017__wrapper_insert__02.html,syn-0017__wrapper_insert__02.html,run-none185,synthetic-shop.local,D:\Pet_Codes\science\article-price-tracker\synthetic\html\syn-0017__wrapper_insert__02.html,https://synthetic-shop.local/search/syn-0008,https://synthetic-shop.local/search/syn-0008,,,,raw_html,,a62d1df28eb86acffce7f446ee9a69653879a05522119b094efb39774008f922,
synthetic,syn-0017__wrapper_insert__03,html/syn-0017__wrapper_insert__03.html,syn-0017__wrapper_insert__03.html,run-none186,synthetic-shop.local,D:\Pet_Codes\science\article-price-tracker\synthetic\html\syn-0017__wrapper_insert__03.html,https://synthetic-shop.local/search/syn-0006,https://synthetic-shop.local/search/syn-0006,,,,raw_html,,703afd08b8eb8a7f3c9c569568d08e588adf4d0b2f503fdf45a69eed36361b12,
synthetic,syn-0018,html/syn-0018.html,syn-0018.html,run-none187,synthetic-shop.local,D:\Pet_Codes\science\article-price-tracker\synthetic\html\syn-0018.html,https://synthetic-shop.local/search/syn-0004,https://synthetic-shop.local/search/syn-0004,,,,raw_html,,c6a75e9a0b34798d4cfba731e855798cae0181bb21b7e5fa2c01ba4460c82609,
synthetic,syn-0018__class_rename__01,html/syn-0018__class_rename__01.html,syn-0018__class_rename__01.html,run-none188,synthetic-shop.local,D:\Pet_Codes\science\article-price-tracker\synthetic\html\syn-0018__class_rename__01.html,https://synthetic-shop.local/search/syn-0016,https://synthetic-shop.local/search/syn-0016,,,,raw_html,,5e7682e3ca65ea5d1678c4aab8fd1e70ea66e8387a250054b04f0ba5542d7100,
synthetic,syn-0018__class_rename__02,html/syn-0018__class_rename__02.html,syn-0018__class_rename__02.html,run-none189,synthetic-shop.local,D:\Pet_Codes\science\article-price-tracker\synthetic\html\syn-0018__class_rename__02.html,https://synthetic-shop.local/search/syn-0015,https://synthetic-shop.local/search/syn-0015,,,,raw_html,,0f4e0a458fc207ded17eccee5f579cad56e56e6ebac2d13420a97deda799c408,
synthetic,syn-0018__class_rename__03,html/syn-0018__class_rename__03.html,syn-0018__class_rename__03.html,run-none190,synthetic-shop.local,D:\Pet_Codes\science\article-price-tracker\synthetic\html\syn-0018__class_rename__03.html,https://synthetic-shop.local/search/syn-0013,https://synthetic-shop.local/search/syn-0013,,,,raw_html,,4a65ec3aa9b79a961f134b9059c37af6f647ff27d9a51229fbb345c237ba2c63,
synthetic,syn-0018__field_reorder__01,html/syn-0018__field_reorder__01.html,syn-0018__field_reorder__01.html,run-none191,synthetic-shop.local,D:\Pet_Codes\science\article-price-tracker\synthetic\html\syn-0018__field_reorder__01.html,https://synthetic-shop.local/search/syn-0008,https://synthetic-shop.local/search/syn-0008,,,,raw_html,,d89de192ad336e496a3beb5fa0f49e31c11aba7cac7dc455ec3e59b65fa961fd,
synthetic,syn-0018__field_reorder__02,html/syn-0018__field_reorder__02.html,syn-0018__field_reorder__02.html,run-none192,synthetic-shop.local,D:\Pet_Codes\science\article-price-tracker\synthetic\html\syn-0018__field_reorder__02.html,https://synthetic-shop.local/search/syn-0012,https://synthetic-shop.local/search/syn-0012,,,,raw_html,,4aafe8771e00ed91842bb9fc67e39bb376310d0bc3f432d91d95441dce2b3787,
synthetic,syn-0018__subtree_relocate__01,html/syn-0018__subtree_relocate__01.html,syn-0018__subtree_relocate__01.html,run-none193,synthetic-shop.local,D:\Pet_Codes\science\article-price-tracker\synthetic\html\syn-0018__subtree_relocate__01.html,https://synthetic-shop.local/search/syn-0008,https://synthetic-shop.local/search/syn-0008,,,,raw_html,,0e009afa6502c25b43a52238d9fc7e814b2b7ed13c51f63fabf9f7049620862d,
synthetic,syn-0018__subtree_relocate__02,html/syn-0018__subtree_relocate__02.html,syn-0018__subtree_relocate__02.html,run-none194,synthetic-shop.local,D:\Pet_Codes\science\article-price-tracker\synthetic\html\syn-0018__subtree_relocate__02.html,https://synthetic-shop.local/search/syn-0004,https://synthetic-shop.local/search/syn-0004,,,,raw_html,,4ed0cefe550bf79bf893310fed10fce6059d26f52303953fd1eef401cb3e7f22,
synthetic,syn-0018__wrapper_insert__01,html/syn-0018__wrapper_insert__01.html,syn-0018__wrapper_insert__01.html,run-none195,synthetic-shop.local,D:\Pet_Codes\science\article-price-tracker\synthetic\html\syn-0018__wrapper_insert__01.html,https://synthetic-shop.local/search/syn-0013,https://synthetic-shop.local/search/syn-0013,,,,raw_html,,f743266454a5971b33622585ef00d72810f798292ee95d683270377f29a424f2,
synthetic,syn-0018__wrapper_insert__02,html/syn-0018__wrapper_insert__02.html,syn-0018__wrapper_insert__02.html,run-none196,synthetic-shop.local,D:\Pet_Codes\science\article-price-tracker\synthetic\html\syn-0018__wrapper_insert__02.html,https://synthetic-shop.local/search/syn-0009,https://synthetic-shop.local/search/syn-0009,,,,raw_html,,d6ad8691523850b85914cc25368fd9c00c6e12fdbc0466470898d8f7ed75d1c2,
synthetic,syn-0018__wrapper_insert__03,html/syn-0018__wrapper_insert__03.html,syn-0018__wrapper_insert__03.html,run-none197,synthetic-shop.local,D:\Pet_Codes\science\article-price-tracker\synthetic\html\syn-0018__wrapper_insert__03.html,https://synthetic-shop.local/search/syn-0002,https://synthetic-shop.local/search/syn-0002,,,,raw_html,,7ff6351743fa38d8da66d0579da80c117f82b694c4cb6e6c31fd405d64b1ab17,
synthetic,syn-0019,html/syn-0019.html,syn-0019.html,run-none198,synthetic-shop.local,D:\Pet_Codes\science\article-price-tracker\synthetic\html\syn-0019.html,https://synthetic-shop.local/search/syn-0012,https://synthetic-shop.local/search/syn-0012,,,,raw_html,,c2120581712d9404a9be023519eaad2b6e9c389d10004d4550b7e97ae92bdf8d,
synthetic,syn-0019__class_rename__01,html/syn-0019__class_rename__01.html,syn-0019__class_rename__01.html,run-none199,synthetic-shop.local,D:\Pet_Codes\science\article-price-tracker\synthetic\html\syn-0019__class_rename__01.html,https://synthetic-shop.local/search/syn-0019,https://synthetic-shop.local/search/syn-0019,,,,raw_html,,5743cadef5fa251e08765b98eb966755be727835f8449f72168ad611f91505a1,
synthetic,syn-0019__class_rename__02,html/syn-0019__class_rename__02.html,syn-0019__class_rename__02.html,run-none200,synthetic-shop.local,D:\Pet_Codes\science\article-price-tracker\synthetic\html\syn-0019__class_rename__02.html,https://synthetic-shop.local/search/syn-0019,https://synthetic-shop.local/search/syn-0019,,,,raw_html,,b598db18cba835a58c115f795a617b6b89874bbf351196d94a5382152e018709,
synthetic,syn-0019__class_rename__03,html/syn-0019__class_rename__03.html,syn-0019__class_rename__03.html,run-none201,synthetic-shop.local,D:\Pet_Codes\science\article-price-tracker\synthetic\html\syn-0019__class_rename__03.html,https://synthetic-shop.local/search/syn-0012,https://synthetic-shop.local/search/syn-0012,,,,raw_html,,6357328d9d354b2f9ec88b595a12fccd50a1d56ad3b6335c0d8fb58a227169cb,
synthetic,syn-0019__field_reorder__02,html/syn-0019__field_reorder__02.html,syn-0019__field_reorder__02.html,run-none202,synthetic-shop.local,D:\Pet_Codes\science\article-price-tracker\synthetic\html\syn-0019__field_reorder__02.html,https://synthetic-shop.local/search/syn-0003,https://synthetic-shop.local/search/syn-0003,,,,raw_html,,4f204db147d1d2fc55752227dcf6c980b3041c784a1fde5f2ff9e4ffd1c898ed,
synthetic,syn-0019__subtree_relocate__01,html/syn-0019__subtree_relocate__01.html,syn-0019__subtree_relocate__01.html,run-none203,synthetic-shop.local,D:\Pet_Codes\science\article-price-tracker\synthetic\html\syn-0019__subtree_relocate__01.html,https://synthetic-shop.local/search/syn-0010,https://synthetic-shop.local/search/syn-0010,,,,raw_html,,57a6215c17ccd4fc59a0bd23b1fb57fb0112889e40cf152fba7fffca1ba2a65f,
synthetic,syn-0019__subtree_relocate__02,html/syn-0019__subtree_relocate__02.html,syn-0019__subtree_relocate__02.html,run-none204,synthetic-shop.local,D:\Pet_Codes\science\article-price-tracker\synthetic\html\syn-0019__subtree_relocate__02.html,https://synthetic-shop.local/search/syn-0002,https://synthetic-shop.local/search/syn-0002,,,,raw_html,,9102e6647bc930c6aa8e9b2ed0b5a6f84eedc09f3dbf290c44ff5978668e68f8,
synthetic,syn-0019__wrapper_insert__01,html/syn-0019__wrapper_insert__01.html,syn-0019__wrapper_insert__01.html,run-none205,synthetic-shop.local,D:\Pet_Codes\science\article-price-tracker\synthetic\html\syn-0019__wrapper_insert__01.html,https://synthetic-shop.local/search/syn-0020,https://synthetic-shop.local/search/syn-0020,,,,raw_html,,67c7eeeb714592cc9efe4c546df29f61548684ccc32e92a5cd322abc528e45c2,
synthetic,syn-0019__wrapper_insert__02,html/syn-0019__wrapper_insert__02.html,syn-0019__wrapper_insert__02.html,run-none206,synthetic-shop.local,D:\Pet_Codes\science\article-price-tracker\synthetic\html\syn-0019__wrapper_insert__02.html,https://synthetic-shop.local/search/syn-0005,https://synthetic-shop.local/search/syn-0005,,,,raw_html,,3a3a0b8f1de5571eec0a5dfa1a8977020e768f0eeb08f63a30edae5f9d556be8,
synthetic,syn-0019__wrapper_insert__03,html/syn-0019__wrapper_insert__03.html,syn-0019__wrapper_insert__03.html,run-none207,synthetic-shop.local,D:\Pet_Codes\science\article-price-tracker\synthetic\html\syn-0019__wrapper_insert__03.html,https://synthetic-shop.local/search/syn-0010,https://synthetic-shop.local/search/syn-0010,,,,raw_html,,48925c7e133c127356a64b1a399ceaac3b5f5be35da1943124deb88fc409a6ff,
synthetic,syn-0020,html/syn-0020.html,syn-0020.html,run-none208,synthetic-shop.local,D:\Pet_Codes\science\article-price-tracker\synthetic\html\syn-0020.html,https://synthetic-shop.local/search/syn-0014,https://synthetic-shop.local/search/syn-0014,,,,raw_html,,d8fd4647d23861dbfb551654ae88f620f03f24331e875f172050d59808534dca,
synthetic,syn-0020__class_rename__01,html/syn-0020__class_rename__01.html,syn-0020__class_rename__01.html,run-none209,synthetic-shop.local,D:\Pet_Codes\science\article-price-tracker\synthetic\html\syn-0020__class_rename__01.html,https://synthetic-shop.local/search/syn-0010,https://synthetic-shop.local/search/syn-0010,,,,raw_html,,242caba2d776242e71ecb8b9b2a89b457f269f57b4e81414bfc203391440b214,
synthetic,syn-0020__class_rename__02,html/syn-0020__class_rename__02.html,syn-0020__class_rename__02.html,run-none210,synthetic-shop.local,D:\Pet_Codes\science\article-price-tracker\synthetic\html\syn-0020__class_rename__02.html,https://synthetic-shop.local/search/syn-0019,https://synthetic-shop.local/search/syn-0019,,,,raw_html,,bf9eb91f0ee0db2f0cb2fce31215aa09fa1d78b502360b3ea3bed3d44c6326fa,
synthetic,syn-0020__class_rename__03,html/syn-0020__class_rename__03.html,syn-0020__class_rename__03.html,run-none211,synthetic-shop.local,D:\Pet_Codes\science\article-price-tracker\synthetic\html\syn-0020__class_rename__03.html,https://synthetic-shop.local/search/syn-0007,https://synthetic-shop.local/search/syn-0007,,,,raw_html,,85408b8eaaf9ed22313811ff649288f43562d4f37c28bfb3cd31c88fa916d6e2,
synthetic,syn-0020__field_reorder__01,html/syn-0020__field_reorder__01.html,syn-0020__field_reorder__01.html,run-none212,synthetic-shop.local,D:\Pet_Codes\science\article-price-tracker\synthetic\html\syn-0020__field_reorder__01.html,https://synthetic-shop.local/search/syn-0007,https://synthetic-shop.local/search/syn-0007,,,,raw_html,,39d1844a99518b0c64574885f196dec7ffca11bb4fc117c5b333dc3149c6bd4d,
synthetic,syn-0020__field_reorder__02,html/syn-0020__field_reorder__02.html,syn-0020__field_reorder__02.html,run-none213,synthetic-shop.local,D:\Pet_Codes\science\article-price-tracker\synthetic\html\syn-0020__field_reorder__02.html,https://synthetic-shop.local/search/syn-0012,https://synthetic-shop.local/search/syn-0012,,,,raw_html,,7dfe72876737971e5a86bf910f30052e20c94118b205e4e528d492d7649de2dd,
synthetic,syn-0020__subtree_relocate__01,html/syn-0020__subtree_relocate__01.html,syn-0020__subtree_relocate__01.html,run-none214,synthetic-shop.local,D:\Pet_Codes\science\article-price-tracker\synthetic\html\syn-0020__subtree_relocate__01.html,https://synthetic-shop.local/search/syn-0005,https://synthetic-shop.local/search/syn-0005,,,,raw_html,,8693afaf3684ea30f0f8054587aa9cb362dbc35e37da275c44f8996c2ed37060,
synthetic,syn-0020__subtree_relocate__02,html/syn-0020__subtree_relocate__02.html,syn-0020__subtree_relocate__02.html,run-none215,synthetic-shop.local,D:\Pet_Codes\science\article-price-tracker\synthetic\html\syn-0020__subtree_relocate__02.html,https://synthetic-shop.local/search/syn-0010,https://synthetic-shop.local/search/syn-0010,,,,raw_html,,b72fe21b1372f9a9e4a09c85325f2b52ef85c3888a045d3d0aea81ab41af992e,
synthetic,syn-0020__wrapper_insert__01,html/syn-0020__wrapper_insert__01.html,syn-0020__wrapper_insert__01.html,run-none216,synthetic-shop.local,D:\Pet_Codes\science\article-price-tracker\synthetic\html\syn-0020__wrapper_insert__01.html,https://synthetic-shop.local/search/syn-0016,https://synthetic-shop.local/search/syn-0016,,,,raw_html,,6fa5d7cffa04b8134e56b536ebc0a2ab540d1babe3e76c26643eab90baeea21f,
synthetic,syn-0020__wrapper_insert__02,html/syn-0020__wrapper_insert__02.html,syn-0020__wrapper_insert__02.html,run-none217,synthetic-shop.local,D:\Pet_Codes\science\article-price-tracker\synthetic\html\syn-0020__wrapper_insert__02.html,https://synthetic-shop.local/search/syn-0013,https://synthetic-shop.local/search/syn-0013,,,,raw_html,,f68b0538b706ec4eb545649cdfd5f9ac28dab5c5d84f56869993cbcfd9c6a51c,
synthetic,syn-0020__wrapper_insert__03,html/syn-0020__wrapper_insert__03.html,syn-0020__wrapper_insert__03.html,run-none218,synthetic-shop.local,D:\Pet_Codes\science\article-price-tracker\synthetic\html\syn-0020__wrapper_insert__03.html,https://synthetic-shop.local/search/syn-0009,https://synthetic-shop.local/search/syn-0009,,,,raw_html,,1c515687177381939cb680806eca906646d8e20d69f26ee323f2bda66e4dc80a,
