benchmark_run_id,dataset,variant,page_id,html_key,html_file,source,extraction_status,skip_reason,html_read_ms,html_parse_ms,extract_ms,candidate_count,deduplicated_count,returned_count,candidate_limit_hit,error_type,error_message,error_traceback,original_status,replay_cached,shared_extraction_ms,query_filter_ms,timing_scope,replay_cached,llm_attempts,new_llm_attempts,request_sha256,rejected_count
20261004T181609Z-2ba1b2f7,industrial,hybrid_original,dind-bigam.ru-4c31321224ca0dfb,bigam.ru-run-070e415b.html,html/bigam.ru-run-070e415b.html,bigam.ru,partial_validation,,,,,36,,36,,partial_validation,,,,True,,,,True,1,0,,
20261004T181609Z-2ba1b2f7,industrial,hybrid_original,dind-bigam.ru-f2294a326cfcba05,bigam.ru-run-1a7ee5bc.html,html/bigam.ru-run-1a7ee5bc.html,bigam.ru,partial_validation,,,,,37,,37,,partial_validation,,,,True,,,,True,1,0,,
20261004T181609Z-2ba1b2f7,industrial,hybrid_original,dind-bigam.ru-053b5e451a07d93b,bigam.ru-run-25730645.html,html/bigam.ru-run-25730645.html,bigam.ru,partial_validation,,,,,37,,37,,partial_validation,,,,True,,,,True,1,0,,
20261004T181609Z-2ba1b2f7,industrial,hybrid_original,dind-bigam.ru-a17e0c3e4a6faaf2,bigam.ru-run-401e5667.html,html/bigam.ru-run-401e5667.html,bigam.ru,partial_validation,,,,,37,,37,,partial_validation,,,,True,,,,True,1,0,,
20261004T181609Z-2ba1b2f7,industrial,hybrid_original,dind-bigam.ru-c6cf7468e0715e1f,bigam.ru-run-4671429e.html,html/bigam.ru-run-4671429e.html,bigam.ru,partial_validation,,,,,32,,32,,partial_validation,,,,True,,,,True,1,0,,
20261004T181609Z-2ba1b2f7,industrial,hybrid_original,dind-bigam.ru-d64d3122a4ac0d62,bigam.ru-run-4d6dca4d.html,html/bigam.ru-run-4d6dca4d.html,bigam.ru,partial_validation,,,,,37,,37,,partial_validation,,,,True,,,,True,1,0,,
20261004T181609Z-2ba1b2f7,industrial,hybrid_original,dind-bigam.ru-9d6f5f15a221a4b8,bigam.ru-run-5ce6eea7.html,html/bigam.ru-run-5ce6eea7.html,bigam.ru,partial_validation,,,,,17,,17,,partial_validation,,,,True,,,,True,1,0,,
20261004T181609Z-2ba1b2f7,industrial,hybrid_original,dind-bigam.ru-0b40accb7c68a78f,bigam.ru-run-8ce98d27.html,html/bigam.ru-run-8ce98d27.html,bigam.ru,partial_validation,,,,,37,,37,,partial_validation,,,,True,,,,True,1,0,,
20261004T181609Z-2ba1b2f7,industrial,hybrid_original,dind-bigam.ru-924b98be2f260451,bigam.ru-run-a4614cf8.html,html/bigam.ru-run-a4614cf8.html,bigam.ru,partial_validation,,,,,37,,37,,partial_validation,,,,True,,,,True,1,0,,
20261004T181609Z-2ba1b2f7,industrial,hybrid_original,dind-bigam.ru-28741ad7ac8f3e85,bigam.ru-run-c32f0a7d.html,html/bigam.ru-run-c32f0a7d.html,bigam.ru,partial_validation,,,,,37,,37,,partial_validation,,,,True,,,,True,1,0,,
20261004T181609Z-2ba1b2f7,industrial,hybrid_original,dind-bigam.ru-f9a11490fa2ea0fe,bigam.ru-run-d479cc88.html,html/bigam.ru-run-d479cc88.html,bigam.ru,partial_validation,,,,,37,,37,,partial_validation,,,,True,,,,True,1,0,,
20261004T181609Z-2ba1b2f7,industrial,hybrid_original,dind-bigam.ru-06af9e1233a99d5f,bigam.ru-run-e6a01e2a.html,html/bigam.ru-run-e6a01e2a.html,bigam.ru,partial_validation,,,,,37,,37,,partial_validation,,,,True,,,,True,1,0,,
20261004T181609Z-2ba1b2f7,industrial,hybrid_original,dind-bigam.ru-989575fef6752559,bigam.ru-run-f440dfcf.html,html/bigam.ru-run-f440dfcf.html,bigam.ru,partial_validation,,,,,36,,36,,partial_validation,,,,True,,,,True,1,0,,
20261004T181609Z-2ba1b2f7,industrial,hybrid_original,dind-chipdip.ru-4f407af0c36f72b6,chipdip.ru-run-none1.html,html/chipdip.ru-run-none1.html,chipdip.ru,partial_validation,,,,,25,,25,,partial_validation,,,,True,,,,True,1,0,,
20261004T181609Z-2ba1b2f7,industrial,hybrid_original,dind-chipdip.ru-ac550c02e68937ba,chipdip.ru-run-4d6dca4d.html,html/chipdip.ru-run-4d6dca4d.html,chipdip.ru,partial_validation,,,,,21,,21,,partial_validation,,,,True,,,,True,1,0,,
20261004T181609Z-2ba1b2f7,industrial,hybrid_original,dind-chipdip.ru-abf1baaa6803c0b8,chipdip.ru-run-8f5bbe64.html,html/chipdip.ru-run-8f5bbe64.html,chipdip.ru,partial_validation,,,,,21,,21,,partial_validation,,,,True,,,,True,1,0,,
20261004T181609Z-2ba1b2f7,industrial,hybrid_original,dind-chipdip.ru-8ffd0822c0dc4d40,chipdip.ru-run-90f03fab.html,html/chipdip.ru-run-90f03fab.html,chipdip.ru,partial_validation,,,,,21,,21,,partial_validation,,,,True,,,,True,1,0,,
20261004T181609Z-2ba1b2f7,industrial,hybrid_original,dind-chipdip.ru-0c732437ad22572f,chipdip.ru-run-c0047e44.html,html/chipdip.ru-run-c0047e44.html,chipdip.ru,partial_validation,,,,,21,,21,,partial_validation,,,,True,,,,True,1,0,,
20261004T181609Z-2ba1b2f7,industrial,hybrid_original,dind-chipdip.ru-c2479b21b1035e7c,chipdip.ru-run-dd921485.html,html/chipdip.ru-run-dd921485.html,chipdip.ru,partial_validation,,,,,21,,21,,partial_validation,,,,True,,,,True,1,0,,
20261004T181609Z-2ba1b2f7,industrial,hybrid_original,dind-chipdip.ru-976706e79c2f2987,chipdip.ru-run-e78490cf.html,html/chipdip.ru-run-e78490cf.html,chipdip.ru,partial_validation,,,,,21,,21,,partial_validation,,,,True,,,,True,1,0,,
20261004T181609Z-2ba1b2f7,industrial,hybrid_original,dind-citilink.ru-6930b865e4517478,citilink.ru-run-none1.html,html/citilink.ru-run-none1.html,citilink.ru,ok,,,,,36,,36,,,,,,False,,,,False,0,0,,
20261004T181609Z-2ba1b2f7,industrial,hybrid_original,dind-citilink.ru-30da59eb4be8c8d4,citilink.ru-run-none2.html,html/citilink.ru-run-none2.html,citilink.ru,ok,,,,,36,,36,,,,,,False,,,,False,0,0,,
20261004T181609Z-2ba1b2f7,industrial,hybrid_original,dind-citilink.ru-fc3d83fa07e578d5,citilink.ru-run-none3.html,html/citilink.ru-run-none3.html,citilink.ru,partial_validation,,,,,36,,36,,partial_validation,,,,True,,,,True,1,0,,
20261004T181609Z-2ba1b2f7,industrial,hybrid_original,dind-citilink.ru-4ea974c7ea924633,citilink.ru-run-none4.html,html/citilink.ru-run-none4.html,citilink.ru,ok,,,,,36,,36,,,,,,False,,,,False,0,0,,
20261004T181609Z-2ba1b2f7,industrial,hybrid_original,dind-citilink.ru-cda6466bd3c48b51,citilink.ru-run-none5.html,html/citilink.ru-run-none5.html,citilink.ru,ok,,,,,36,,36,,,,,,False,,,,False,0,0,,
20261004T181609Z-2ba1b2f7,industrial,hybrid_original,dind-citilink.ru-e2440ead0d4289d7,citilink.ru-run-none6.html,html/citilink.ru-run-none6.html,citilink.ru,partial_validation,,,,,10,,10,,partial_validation,,,,True,,,,True,1,0,,
20261004T181609Z-2ba1b2f7,industrial,hybrid_original,dind-citilink.ru-fb08ef466206eb66,citilink.ru-run-none7.html,html/citilink.ru-run-none7.html,citilink.ru,ok,,,,,36,,36,,,,,,False,,,,False,0,0,,
20261004T181609Z-2ba1b2f7,industrial,hybrid_original,dind-citilink.ru-c3b1bb2ebd5d428a,citilink.ru-run-none8.html,html/citilink.ru-run-none8.html,citilink.ru,partial_validation,,,,,36,,36,,partial_validation,,,,True,,,,True,1,0,,
20261004T181609Z-2ba1b2f7,industrial,hybrid_original,dind-citilink.ru-27ce607b67285dce,citilink.ru-run-none9.html,html/citilink.ru-run-none9.html,citilink.ru,ok,,,,,36,,36,,,,,,False,,,,False,0,0,,
20261004T181609Z-2ba1b2f7,industrial,hybrid_original,dind-citilink.ru-abcfe4fb034ca5a2,citilink.ru-run-none10.html,html/citilink.ru-run-none10.html,citilink.ru,ok,,,,,36,,36,,,,,,False,,,,False,0,0,,
20261004T181609Z-2ba1b2f7,industrial,hybrid_original,dind-citilink.ru-8f6401111a1db657,citilink.ru-run-none11.html,html/citilink.ru-run-none11.html,citilink.ru,ok,,,,,36,,36,,,,,,False,,,,False,0,0,,
20261004T181609Z-2ba1b2f7,industrial,hybrid_original,dind-citilink.ru-10ed9d833757ff85,citilink.ru-run-none12.html,html/citilink.ru-run-none12.html,citilink.ru,ok,,,,,36,,36,,,,,,False,,,,False,0,0,,
20261004T181609Z-2ba1b2f7,industrial,hybrid_original,dind-citilink.ru-c9c5ca4bf5e41894,citilink.ru-run-none13.html,html/citilink.ru-run-none13.html,citilink.ru,ok,,,,,36,,36,,,,,,False,,,,False,0,0,,
20261004T181609Z-2ba1b2f7,industrial,hybrid_original,dind-citilink.ru-c27eb4fecdbb44bb,citilink.ru-run-none14.html,html/citilink.ru-run-none14.html,citilink.ru,ok,,,,,6,,6,,,,,,False,,,,False,0,0,,
20261004T181609Z-2ba1b2f7,industrial,hybrid_original,dind-cnc.su-60ca64ff8b5db935,cnc.su-run-3e95d0c6.html,html/cnc.su-run-3e95d0c6.html,cnc.su,partial_validation,,,,,6,,6,,partial_validation,,,,True,,,,True,1,0,,
20261004T181609Z-2ba1b2f7,industrial,hybrid_original,dind-cnc.su-3651d593e610dc79,cnc.su-run-76db53a6.html,html/cnc.su-run-76db53a6.html,cnc.su,partial_validation,,,,,26,,26,,partial_validation,,,,True,,,,True,1,0,,
20261004T181609Z-2ba1b2f7,industrial,hybrid_original,dind-cnc.su-aea17eda0f793a5b,cnc.su-run-7b56c8dd.html,html/cnc.su-run-7b56c8dd.html,cnc.su,partial_validation,,,,,26,,26,,partial_validation,,,,True,,,,True,1,0,,
20261004T181609Z-2ba1b2f7,industrial,hybrid_original,dind-cnc.su-cbe39bad76c5ee58,cnc.su-run-7efc742d.html,html/cnc.su-run-7efc742d.html,cnc.su,partial_validation,,,,,26,,26,,partial_validation,,,,True,,,,True,1,0,,
20261004T181609Z-2ba1b2f7,industrial,hybrid_original,dind-dns-shop.ru-811008815de52c86,dns-shop.ru-run-none1.html,html/dns-shop.ru-run-none1.html,dns-shop.ru,partial_validation,,,,,18,,18,,partial_validation,,,,True,,,,True,1,0,,
20261004T181609Z-2ba1b2f7,industrial,hybrid_original,dind-dns-shop.ru-500c72a9307f6bee,dns-shop.ru-run-none2.html,html/dns-shop.ru-run-none2.html,dns-shop.ru,partial_validation,,,,,18,,18,,partial_validation,,,,True,,,,True,1,0,,
20261004T181609Z-2ba1b2f7,industrial,hybrid_original,dind-dns-shop.ru-536061e6205968d4,dns-shop.ru-run-none3.html,html/dns-shop.ru-run-none3.html,dns-shop.ru,partial_validation,,,,,18,,18,,partial_validation,,,,True,,,,True,1,0,,
20261004T181609Z-2ba1b2f7,industrial,hybrid_original,dind-dns-shop.ru-7933239bf3e50771,dns-shop.ru-run-none4.html,html/dns-shop.ru-run-none4.html,dns-shop.ru,partial_validation,,,,,18,,18,,partial_validation,,,,True,,,,True,1,0,,
20261004T181609Z-2ba1b2f7,industrial,hybrid_original,dind-dns-shop.ru-85bc079e6fdf3596,dns-shop.ru-run-none5.html,html/dns-shop.ru-run-none5.html,dns-shop.ru,partial_validation,,,,,18,,18,,partial_validation,,,,True,,,,True,1,0,,
20261004T181609Z-2ba1b2f7,industrial,hybrid_original,dind-dns-shop.ru-3febee92cb878873,dns-shop.ru-run-none6.html,html/dns-shop.ru-run-none6.html,dns-shop.ru,partial_validation,,,,,18,,18,,partial_validation,,,,True,,,,True,1,0,,
20261004T181609Z-2ba1b2f7,industrial,hybrid_original,dind-dns-shop.ru-b6cad428c103f85e,dns-shop.ru-run-none7.html,html/dns-shop.ru-run-none7.html,dns-shop.ru,partial_validation,,,,,2,,2,,partial_validation,,,,True,,,,True,1,0,,
20261004T181609Z-2ba1b2f7,industrial,hybrid_original,dind-dns-shop.ru-a3790a136022ceb0,dns-shop.ru-run-none8.html,html/dns-shop.ru-run-none8.html,dns-shop.ru,partial_validation,,,,,2,,2,,partial_validation,,,,True,,,,True,1,0,,
20261004T181609Z-2ba1b2f7,industrial,hybrid_original,dind-dns-shop.ru-28746746c13ce562,dns-shop.ru-run-none9.html,html/dns-shop.ru-run-none9.html,dns-shop.ru,partial_validation,,,,,2,,2,,partial_validation,,,,True,,,,True,1,0,,
20261004T181609Z-2ba1b2f7,industrial,hybrid_original,dind-dns-shop.ru-771d6387f7b3c12b,dns-shop.ru-run-none10.html,html/dns-shop.ru-run-none10.html,dns-shop.ru,partial_validation,,,,,18,,18,,partial_validation,,,,True,,,,True,1,0,,
20261004T181609Z-2ba1b2f7,industrial,hybrid_original,dind-dns-shop.ru-90440791218a97f4,dns-shop.ru-run-none11.html,html/dns-shop.ru-run-none11.html,dns-shop.ru,partial_validation,,,,,2,,2,,partial_validation,,,,True,,,,True,1,0,,
20261004T181609Z-2ba1b2f7,industrial,hybrid_original,dind-dns-shop.ru-92ce0999672a52ef,dns-shop.ru-run-none12.html,html/dns-shop.ru-run-none12.html,dns-shop.ru,partial_validation,,,,,2,,2,,partial_validation,,,,True,,,,True,1,0,,
20261004T181609Z-2ba1b2f7,industrial,hybrid_original,dind-dns-shop.ru-af963fbfbb118c6f,dns-shop.ru-run-none13.html,html/dns-shop.ru-run-none13.html,dns-shop.ru,partial_validation,,,,,2,,2,,partial_validation,,,,True,,,,True,1,0,,
20261004T181609Z-2ba1b2f7,industrial,hybrid_original,dind-dns-shop.ru-fdefdf05ba85008a,dns-shop.ru-run-none14.html,html/dns-shop.ru-run-none14.html,dns-shop.ru,partial_validation,,,,,4,,4,,partial_validation,,,,True,,,,True,1,0,,
20261004T181609Z-2ba1b2f7,industrial,hybrid_original,dind-dns-shop.ru-4a4e14f05378d4a5,dns-shop.ru-run-none15.html,html/dns-shop.ru-run-none15.html,dns-shop.ru,partial_validation,,,,,2,,1,,partial_validation,,,,True,,,,True,1,0,,
20261004T181609Z-2ba1b2f7,industrial,hybrid_original,dind-dns-shop.ru-564876217320f967,dns-shop.ru-run-none16.html,html/dns-shop.ru-run-none16.html,dns-shop.ru,ok,,,,,0,,0,,,,,,True,,,,True,1,0,,
20261004T181609Z-2ba1b2f7,industrial,hybrid_original,dind-dns-shop.ru-46ebef5666c10c8e,dns-shop.ru-run-none17.html,html/dns-shop.ru-run-none17.html,dns-shop.ru,partial_validation,,,,,18,,18,,partial_validation,,,,True,,,,True,1,0,,
20261004T181609Z-2ba1b2f7,industrial,hybrid_original,dind-dns-shop.ru-3f4da6582900a525,dns-shop.ru-run-none18.html,html/dns-shop.ru-run-none18.html,dns-shop.ru,partial_validation,,,,,18,,18,,partial_validation,,,,True,,,,True,1,0,,
20261004T181609Z-2ba1b2f7,industrial,hybrid_original,dind-dns-shop.ru-4d693e109b55f82a,dns-shop.ru-run-none19.html,html/dns-shop.ru-run-none19.html,dns-shop.ru,partial_validation,,,,,18,,18,,partial_validation,,,,True,,,,True,1,0,,
20261004T181609Z-2ba1b2f7,industrial,hybrid_original,dind-dns-shop.ru-ecbe705fe138bbfc,dns-shop.ru-run-none20.html,html/dns-shop.ru-run-none20.html,dns-shop.ru,partial_validation,,,,,18,,18,,partial_validation,,,,True,,,,True,1,0,,
20261004T181609Z-2ba1b2f7,industrial,hybrid_original,dind-dns-shop.ru-8115aee7bc53974a,dns-shop.ru-run-none21.html,html/dns-shop.ru-run-none21.html,dns-shop.ru,partial_validation,,,,,18,,18,,partial_validation,,,,True,,,,True,1,0,,
20261004T181609Z-2ba1b2f7,industrial,hybrid_original,dind-dns-shop.ru-33bd96f05cc76522,dns-shop.ru-run-none22.html,html/dns-shop.ru-run-none22.html,dns-shop.ru,partial_validation,,,,,18,,18,,partial_validation,,,,True,,,,True,1,0,,
20261004T181609Z-2ba1b2f7,industrial,hybrid_original,dind-dns-shop.ru-fb02082707bf4363,dns-shop.ru-run-none23.html,html/dns-shop.ru-run-none23.html,dns-shop.ru,partial_validation,,,,,18,,18,,partial_validation,,,,True,,,,True,1,0,,
20261004T181609Z-2ba1b2f7,industrial,hybrid_original,dind-dns-shop.ru-b7113a7a9f8e538f,dns-shop.ru-run-none24.html,html/dns-shop.ru-run-none24.html,dns-shop.ru,partial_validation,,,,,18,,18,,partial_validation,,,,True,,,,True,1,0,,
20261004T181609Z-2ba1b2f7,industrial,hybrid_original,dind-dns-shop.ru-996bc94411949f8b,dns-shop.ru-run-none25.html,html/dns-shop.ru-run-none25.html,dns-shop.ru,partial_validation,,,,,18,,18,,partial_validation,,,,True,,,,True,1,0,,
20261004T181609Z-2ba1b2f7,industrial,hybrid_original,dind-dns-shop.ru-aa82f882645785f9,dns-shop.ru-run-none26.html,html/dns-shop.ru-run-none26.html,dns-shop.ru,partial_validation,,,,,18,,18,,partial_validation,,,,True,,,,True,1,0,,
20261004T181609Z-2ba1b2f7,industrial,hybrid_original,dind-dns-shop.ru-ea90543385536fce,dns-shop.ru-run-none27.html,html/dns-shop.ru-run-none27.html,dns-shop.ru,partial_validation,,,,,18,,18,,partial_validation,,,,True,,,,True,1,0,,
20261004T181609Z-2ba1b2f7,industrial,hybrid_original,dind-dns-shop.ru-434df911d8c9446c,dns-shop.ru-run-none28.html,html/dns-shop.ru-run-none28.html,dns-shop.ru,partial_validation,,,,,18,,18,,partial_validation,,,,True,,,,True,1,0,,
20261004T181609Z-2ba1b2f7,industrial,hybrid_original,dind-dns-shop.ru-543d15ba7884e65d,dns-shop.ru-run-none29.html,html/dns-shop.ru-run-none29.html,dns-shop.ru,partial_validation,,,,,18,,18,,partial_validation,,,,True,,,,True,1,0,,
20261004T181609Z-2ba1b2f7,industrial,hybrid_original,dind-dns-shop.ru-f878c1c96441254e,dns-shop.ru-run-none30.html,html/dns-shop.ru-run-none30.html,dns-shop.ru,partial_validation,,,,,18,,18,,partial_validation,,,,True,,,,True,1,0,,
20261004T181609Z-2ba1b2f7,industrial,hybrid_original,dind-dns-shop.ru-2198c54dfd3d2076,dns-shop.ru-run-none31.html,html/dns-shop.ru-run-none31.html,dns-shop.ru,partial_validation,,,,,18,,18,,partial_validation,,,,True,,,,True,1,0,,
20261004T181609Z-2ba1b2f7,industrial,hybrid_original,dind-dns-shop.ru-e8d091ebce0ef80f,dns-shop.ru-run-none32.html,html/dns-shop.ru-run-none32.html,dns-shop.ru,partial_validation,,,,,18,,18,,partial_validation,,,,True,,,,True,1,0,,
20261004T181609Z-2ba1b2f7,industrial,hybrid_original,dind-dns-shop.ru-f2b4db0b14d601f5,dns-shop.ru-run-none33.html,html/dns-shop.ru-run-none33.html,dns-shop.ru,partial_validation,,,,,18,,18,,partial_validation,,,,True,,,,True,1,0,,
20261004T181609Z-2ba1b2f7,industrial,hybrid_original,dind-dns-shop.ru-c972a387a5634908,dns-shop.ru-run-none34.html,html/dns-shop.ru-run-none34.html,dns-shop.ru,partial_validation,,,,,18,,18,,partial_validation,,,,True,,,,True,1,0,,
20261004T181609Z-2ba1b2f7,industrial,hybrid_original,dind-dns-shop.ru-1daabf0100ef084e,dns-shop.ru-run-none35.html,html/dns-shop.ru-run-none35.html,dns-shop.ru,partial_validation,,,,,18,,18,,partial_validation,,,,True,,,,True,1,0,,
20261004T181609Z-2ba1b2f7,industrial,hybrid_original,dind-dns-shop.ru-c540244729f3afe8,dns-shop.ru-run-none36.html,html/dns-shop.ru-run-none36.html,dns-shop.ru,partial_validation,,,,,18,,18,,partial_validation,,,,True,,,,True,1,0,,
20261004T181609Z-2ba1b2f7,industrial,hybrid_original,dind-dns-shop.ru-2824d29f205128a1,dns-shop.ru-run-none37.html,html/dns-shop.ru-run-none37.html,dns-shop.ru,partial_validation,,,,,18,,18,,partial_validation,,,,True,,,,True,1,0,,
20261004T181609Z-2ba1b2f7,industrial,hybrid_original,dind-dns-shop.ru-e46adc0c328cc286,dns-shop.ru-run-none38.html,html/dns-shop.ru-run-none38.html,dns-shop.ru,partial_validation,,,,,18,,18,,partial_validation,,,,True,,,,True,1,0,,
20261004T181609Z-2ba1b2f7,industrial,hybrid_original,dind-dns-shop.ru-f8afdc6ad037e786,dns-shop.ru-run-none39.html,html/dns-shop.ru-run-none39.html,dns-shop.ru,partial_validation,,,,,18,,18,,partial_validation,,,,True,,,,True,1,0,,
20261004T181609Z-2ba1b2f7,industrial,hybrid_original,dind-dns-shop.ru-5564a34319f17254,dns-shop.ru-run-none40.html,html/dns-shop.ru-run-none40.html,dns-shop.ru,partial_validation,,,,,18,,18,,partial_validation,,,,True,,,,True,1,0,,
20261004T181609Z-2ba1b2f7,industrial,hybrid_original,dind-dns-shop.ru-f81b39d0b9945b9b,dns-shop.ru-run-none41.html,html/dns-shop.ru-run-none41.html,dns-shop.ru,partial_validation,,,,,18,,18,,partial_validation,,,,True,,,,True,1,0,,
20261004T181609Z-2ba1b2f7,industrial,hybrid_original,dind-dns-shop.ru-32b1fcaa3a2d2e3c,dns-shop.ru-run-none42.html,html/dns-shop.ru-run-none42.html,dns-shop.ru,partial_validation,,,,,18,,18,,partial_validation,,,,True,,,,True,1,0,,
20261004T181609Z-2ba1b2f7,industrial,hybrid_original,dind-dns-shop.ru-b4e6fddfb8cc1f85,dns-shop.ru-run-none43.html,html/dns-shop.ru-run-none43.html,dns-shop.ru,partial_validation,,,,,18,,18,,partial_validation,,,,True,,,,True,1,0,,
20261004T181609Z-2ba1b2f7,industrial,hybrid_original,dind-dns-shop.ru-37f14821f393b029,dns-shop.ru-run-none44.html,html/dns-shop.ru-run-none44.html,dns-shop.ru,ok,,,,,18,,18,,,,,,False,,,,False,0,0,,
20261004T181609Z-2ba1b2f7,industrial,hybrid_original,dind-dns-shop.ru-2c7a29d35d5d4eaf,dns-shop.ru-run-none45.html,html/dns-shop.ru-run-none45.html,dns-shop.ru,ok,,,,,0,,0,,,,,,True,,,,True,1,0,,
20261004T181609Z-2ba1b2f7,industrial,hybrid_original,dind-dns-shop.ru-9dd9c1645a03e017,dns-shop.ru-run-2fcceeba.html,html/dns-shop.ru-run-2fcceeba.html,dns-shop.ru,partial_validation,,,,,18,,18,,partial_validation,,,,True,,,,True,1,0,,
20261004T181609Z-2ba1b2f7,industrial,hybrid_original,dind-dns-shop.ru-7a35f41002832ba2,dns-shop.ru-run-4ae1c2e7.html,html/dns-shop.ru-run-4ae1c2e7.html,dns-shop.ru,partial_validation,,,,,18,,18,,partial_validation,,,,True,,,,True,1,0,,
20261004T181609Z-2ba1b2f7,industrial,hybrid_original,dind-dns-shop.ru-b189120c5c34179d,dns-shop.ru-run-77ea1710.html,html/dns-shop.ru-run-77ea1710.html,dns-shop.ru,partial_validation,,,,,18,,18,,partial_validation,,,,True,,,,True,1,0,,
20261004T181609Z-2ba1b2f7,industrial,hybrid_original,dind-dns-shop.ru-74d2e0772b88cccb,dns-shop.ru-run-94fca290.html,html/dns-shop.ru-run-94fca290.html,dns-shop.ru,partial_validation,,,,,18,,18,,partial_validation,,,,True,,,,True,1,0,,
20261004T181609Z-2ba1b2f7,industrial,hybrid_original,dind-dns-shop.ru-8b9ca76d14a1d9e1,dns-shop.ru-run-b346efa2.html,html/dns-shop.ru-run-b346efa2.html,dns-shop.ru,partial_validation,,,,,18,,18,,partial_validation,,,,True,,,,True,1,0,,
20261004T181609Z-2ba1b2f7,industrial,hybrid_original,dind-etm.ru-5ec13e2b305fa590,etm.ru-run-8dd91d0f.html,html/etm.ru-run-8dd91d0f.html,etm.ru,partial_validation,,,,,10,,9,,partial_validation,,,,True,,,,True,1,0,,
20261004T181609Z-2ba1b2f7,industrial,hybrid_original,dind-etm.ru-ce65bfbecd538b17,etm.ru-run-b609a8c6.html,html/etm.ru-run-b609a8c6.html,etm.ru,partial_validation,,,,,10,,9,,partial_validation,,,,True,,,,True,1,0,,
20261004T181609Z-2ba1b2f7,industrial,hybrid_original,dind-hahn-kolb.ru-0b2260cfa1d12dea,hahn-kolb.ru-run-8238baa5.html,html/hahn-kolb.ru-run-8238baa5.html,hahn-kolb.ru,skipped,missing_html,,,,0,,0,,skipped,,,,False,,,,False,0,0,,
20261004T181609Z-2ba1b2f7,industrial,hybrid_original,dind-komus.ru-b05effd6532b7f9b,komus.ru-run-none1.html,html/komus.ru-run-none1.html,komus.ru,partial_validation,,,,,27,,28,,partial_validation,,,,True,,,,True,1,0,,
20261004T181609Z-2ba1b2f7,industrial,hybrid_original,dind-komus.ru-11490b3dd28bfa7d,komus.ru-run-none2.html,html/komus.ru-run-none2.html,komus.ru,partial_validation,,,,,27,,27,,partial_validation,,,,True,,,,True,1,0,,
20261004T181609Z-2ba1b2f7,industrial,hybrid_original,dind-komus.ru-6ab2c63743e80fe2,komus.ru-run-none3.html,html/komus.ru-run-none3.html,komus.ru,partial_validation,,,,,27,,27,,partial_validation,,,,True,,,,True,1,0,,
20261004T181609Z-2ba1b2f7,industrial,hybrid_original,dind-komus.ru-6f7eb9ea777697b3,komus.ru-run-none4.html,html/komus.ru-run-none4.html,komus.ru,partial_validation,,,,,27,,27,,partial_validation,,,,True,,,,True,1,0,,
20261004T181609Z-2ba1b2f7,industrial,hybrid_original,dind-komus.ru-2cf9855072dedf49,komus.ru-run-none5.html,html/komus.ru-run-none5.html,komus.ru,partial_validation,,,,,27,,27,,partial_validation,,,,True,,,,True,1,0,,
20261004T181609Z-2ba1b2f7,industrial,hybrid_original,dind-komus.ru-023e5ca676225909,komus.ru-run-none6.html,html/komus.ru-run-none6.html,komus.ru,partial_validation,,,,,27,,27,,partial_validation,,,,True,,,,True,1,0,,
20261004T181609Z-2ba1b2f7,industrial,hybrid_original,dind-komus.ru-58c1a96dda4c3778,komus.ru-run-none7.html,html/komus.ru-run-none7.html,komus.ru,partial_validation,,,,,27,,27,,partial_validation,,,,True,,,,True,1,0,,
20261004T181609Z-2ba1b2f7,industrial,hybrid_original,dind-komus.ru-c0e90dc894a3f454,komus.ru-run-none8.html,html/komus.ru-run-none8.html,komus.ru,partial_validation,,,,,1,,1,,partial_validation,,,,True,,,,True,1,0,,
20261004T181609Z-2ba1b2f7,industrial,hybrid_original,dind-komus.ru-41d20e640e2f54ca,komus.ru-run-none9.html,html/komus.ru-run-none9.html,komus.ru,partial_validation,,,,,27,,27,,partial_validation,,,,True,,,,True,1,0,,
20261004T181609Z-2ba1b2f7,industrial,hybrid_original,dind-komus.ru-607c4231e49e9843,komus.ru-run-none10.html,html/komus.ru-run-none10.html,komus.ru,partial_validation,,,,,27,,27,,partial_validation,,,,True,,,,True,1,0,,
20261004T181609Z-2ba1b2f7,industrial,hybrid_original,dind-komus.ru-cee4656ff9fe75f8,komus.ru-run-none11.html,html/komus.ru-run-none11.html,komus.ru,partial_validation,,,,,27,,27,,partial_validation,,,,True,,,,True,1,0,,
20261004T181609Z-2ba1b2f7,industrial,hybrid_original,dind-komus.ru-329f550a6d3b95ff,komus.ru-run-none12.html,html/komus.ru-run-none12.html,komus.ru,partial_validation,,,,,27,,27,,partial_validation,,,,True,,,,True,1,0,,
20261004T181609Z-2ba1b2f7,industrial,hybrid_original,dind-komus.ru-6f947666964b40f8,komus.ru-run-none13.html,html/komus.ru-run-none13.html,komus.ru,partial_validation,,,,,27,,27,,partial_validation,,,,True,,,,True,1,0,,
20261004T181609Z-2ba1b2f7,industrial,hybrid_original,dind-komus.ru-84cbf3c2771d2ecd,komus.ru-run-none14.html,html/komus.ru-run-none14.html,komus.ru,partial_validation,,,,,27,,27,,partial_validation,,,,True,,,,True,1,0,,
20261004T181609Z-2ba1b2f7,industrial,hybrid_original,dind-komus.ru-c4ec811f50b580fc,komus.ru-run-none15.html,html/komus.ru-run-none15.html,komus.ru,partial_validation,,,,,27,,27,,partial_validation,,,,True,,,,True,1,0,,
20261004T181609Z-2ba1b2f7,industrial,hybrid_original,dind-komus.ru-7a31877560a20352,komus.ru-run-none16.html,html/komus.ru-run-none16.html,komus.ru,partial_validation,,,,,27,,27,,partial_validation,,,,True,,,,True,1,0,,
20261004T181609Z-2ba1b2f7,industrial,hybrid_original,dind-komus.ru-31fd7c045fb2ea41,komus.ru-run-none17.html,html/komus.ru-run-none17.html,komus.ru,partial_validation,,,,,27,,27,,partial_validation,,,,True,,,,True,1,0,,
20261004T181609Z-2ba1b2f7,industrial,hybrid_original,dind-komus.ru-d35e011b185be0a6,komus.ru-run-none18.html,html/komus.ru-run-none18.html,komus.ru,no_bounded_context,,,,,0,,0,,no_bounded_context,,,,False,,,,False,0,0,,
20261004T181609Z-2ba1b2f7,industrial,hybrid_original,dind-komus.ru-4ec3512b66f59759,komus.ru-run-none19.html,html/komus.ru-run-none19.html,komus.ru,no_bounded_context,,,,,0,,0,,no_bounded_context,,,,False,,,,False,0,0,,
20261004T181609Z-2ba1b2f7,industrial,hybrid_original,dind-komus.ru-f83a8cdb85dbe548,komus.ru-run-none20.html,html/komus.ru-run-none20.html,komus.ru,partial_validation,,,,,27,,27,,partial_validation,,,,True,,,,True,1,0,,
20261004T181609Z-2ba1b2f7,industrial,hybrid_original,dind-komus.ru-fd526265f9a93c7c,komus.ru-run-437fc902.html,html/komus.ru-run-437fc902.html,komus.ru,partial_validation,,,,,27,,27,,partial_validation,,,,True,,,,True,1,0,,
20261004T181609Z-2ba1b2f7,industrial,hybrid_original,dind-komus.ru-45e1fc98edfd6da1,komus.ru-run-6628d12b.html,html/komus.ru-run-6628d12b.html,komus.ru,partial_validation,,,,,27,,27,,partial_validation,,,,True,,,,True,1,0,,
20261004T181609Z-2ba1b2f7,industrial,hybrid_original,dind-komus.ru-e44491f1d0a00d59,komus.ru-run-98da06df.html,html/komus.ru-run-98da06df.html,komus.ru,partial_validation,,,,,27,,27,,partial_validation,,,,True,,,,True,1,0,,
20261004T181609Z-2ba1b2f7,industrial,hybrid_original,dind-komus.ru-d039da717f66c987,komus.ru-run-daa9251b.html,html/komus.ru-run-daa9251b.html,komus.ru,partial_validation,,,,,27,,27,,partial_validation,,,,True,,,,True,1,0,,
20261004T181609Z-2ba1b2f7,industrial,hybrid_original,dind-komus.ru-e25d8f2aebb53e9c,komus.ru-run-db327323.html,html/komus.ru-run-db327323.html,komus.ru,no_bounded_context,,,,,0,,0,,no_bounded_context,,,,False,,,,False,0,0,,
20261004T181609Z-2ba1b2f7,industrial,hybrid_original,dind-labirint.ru-21ac626ea371bd49,labirint.ru-run-168d58c6.html,html/labirint.ru-run-168d58c6.html,labirint.ru,partial_validation,,,,,59,,58,,partial_validation,,,,True,,,,True,1,0,,
20261004T181609Z-2ba1b2f7,industrial,hybrid_original,dind-labirint.ru-4eb2fb8b1b347b32,labirint.ru-run-787cdb0e.html,html/labirint.ru-run-787cdb0e.html,labirint.ru,partial_validation,,,,,59,,58,,partial_validation,,,,True,,,,True,1,0,,
20261004T181609Z-2ba1b2f7,industrial,hybrid_original,dind-labirint.ru-04ccf5be83eaa6ce,labirint.ru-run-99e5ac15.html,html/labirint.ru-run-99e5ac15.html,labirint.ru,partial_validation,,,,,53,,54,,partial_validation,,,,True,,,,True,1,0,,
20261004T181609Z-2ba1b2f7,industrial,hybrid_original,dind-labirint.ru-017ca7137cd84dc1,labirint.ru-run-9e372646.html,html/labirint.ru-run-9e372646.html,labirint.ru,partial_validation,,,,,53,,54,,partial_validation,,,,True,,,,True,1,0,,
20261004T181609Z-2ba1b2f7,industrial,hybrid_original,dind-labirint.ru-d92a0991b3f5fccd,labirint.ru-run-c23cbd90.html,html/labirint.ru-run-c23cbd90.html,labirint.ru,partial_validation,,,,,31,,36,,partial_validation,,,,True,,,,True,1,0,,
20261004T181609Z-2ba1b2f7,industrial,hybrid_original,dind-labirint.ru-186be25179ff4d2f,labirint.ru-run-d035826a.html,html/labirint.ru-run-d035826a.html,labirint.ru,partial_validation,,,,,31,,36,,partial_validation,,,,True,,,,True,1,0,,
20261004T181609Z-2ba1b2f7,industrial,hybrid_original,dind-labirint.ru-b5d7e810e7ca116a,labirint.ru-run-e4163107.html,html/labirint.ru-run-e4163107.html,labirint.ru,partial_validation,,,,,53,,54,,partial_validation,,,,True,,,,True,1,0,,
20261004T181609Z-2ba1b2f7,industrial,hybrid_original,dind-labirint.ru-a54655182aa1fecc,labirint.ru-run-ec02639a.html,html/labirint.ru-run-ec02639a.html,labirint.ru,partial_validation,,,,,31,,36,,partial_validation,,,,True,,,,True,1,0,,
20261004T181609Z-2ba1b2f7,industrial,hybrid_original,dind-lemanapro.ru-f0cfe5397616c775,lemanapro.ru-run-none1.html,html/lemanapro.ru-run-none1.html,lemanapro.ru,ok,,,,,60,,60,,,,,,False,,,,False,0,0,,
20261004T181609Z-2ba1b2f7,industrial,hybrid_original,dind-lemanapro.ru-cf598f1239ed8afe,lemanapro.ru-run-none2.html,html/lemanapro.ru-run-none2.html,lemanapro.ru,ok,,,,,60,,60,,,,,,False,,,,False,0,0,,
20261004T181609Z-2ba1b2f7,industrial,hybrid_original,dind-lemanapro.ru-fc39977cfc7e6c73,lemanapro.ru-run-none3.html,html/lemanapro.ru-run-none3.html,lemanapro.ru,ok,,,,,60,,60,,,,,,False,,,,False,0,0,,
20261004T181609Z-2ba1b2f7,industrial,hybrid_original,dind-lemanapro.ru-4acdbb9eae290779,lemanapro.ru-run-none4.html,html/lemanapro.ru-run-none4.html,lemanapro.ru,ok,,,,,60,,60,,,,,,False,,,,False,0,0,,
20261004T181609Z-2ba1b2f7,industrial,hybrid_original,dind-lemanapro.ru-fab71c309af5505b,lemanapro.ru-run-none5.html,html/lemanapro.ru-run-none5.html,lemanapro.ru,ok,,,,,0,,0,,,,,,True,,,,True,1,0,,
20261004T181609Z-2ba1b2f7,industrial,hybrid_original,dind-lemanapro.ru-486c6fb5ef917f2b,lemanapro.ru-run-none6.html,html/lemanapro.ru-run-none6.html,lemanapro.ru,ok,,,,,60,,60,,,,,,False,,,,False,0,0,,
20261004T181609Z-2ba1b2f7,industrial,hybrid_original,dind-lemanapro.ru-09c3ea7e145206b2,lemanapro.ru-run-2e839b74.html,html/lemanapro.ru-run-2e839b74.html,lemanapro.ru,ok,,,,,60,,60,,,,,,False,,,,False,0,0,,
20261004T181609Z-2ba1b2f7,industrial,hybrid_original,dind-lemanapro.ru-f525d96c96aaf6dc,lemanapro.ru-run-99b5ac8f.html,html/lemanapro.ru-run-99b5ac8f.html,lemanapro.ru,ok,,,,,60,,60,,,,,,False,,,,False,0,0,,
20261004T181609Z-2ba1b2f7,industrial,hybrid_original,dind-lemanapro.ru-df1069562cd0eec0,lemanapro.ru-run-ecee459d.html,html/lemanapro.ru-run-ecee459d.html,lemanapro.ru,ok,,,,,0,,0,,,,,,True,,,,True,1,0,,
20261004T181609Z-2ba1b2f7,industrial,hybrid_original,dind-lemanapro.ru-b9b4d6ef071bd3cd,lemanapro.ru-run-fac98328.html,html/lemanapro.ru-run-fac98328.html,lemanapro.ru,ok,,,,,60,,60,,,,,,False,,,,False,0,0,,
20261004T181609Z-2ba1b2f7,industrial,hybrid_original,dind-lemanapro.ru-ecf8fe1428f45043,lemanapro.ru-run-fe1a35c2.html,html/lemanapro.ru-run-fe1a35c2.html,lemanapro.ru,ok,,,,,60,,60,,,,,,False,,,,False,0,0,,
20261004T181609Z-2ba1b2f7,industrial,hybrid_original,dind-market.yandex.ru-1b519c43e22aa033,market.yandex.ru-run-8d5e2489.html,html/market.yandex.ru-run-8d5e2489.html,market.yandex.ru,partial_validation,,,,,24,,24,,partial_validation,,,,True,,,,True,1,0,,
20261004T181609Z-2ba1b2f7,industrial,hybrid_original,dind-market.yandex.ru-4a073eb1b3d67309,market.yandex.ru-run-a52ccc6b.html,html/market.yandex.ru-run-a52ccc6b.html,market.yandex.ru,partial_validation,,,,,24,,24,,partial_validation,,,,True,,,,True,1,0,,
20261004T181609Z-2ba1b2f7,industrial,hybrid_original,dind-mvideo.ru-397d20ee85741495,mvideo.ru-run-none1.html,html/mvideo.ru-run-none1.html,mvideo.ru,partial_validation,,,,,40,,40,,partial_validation,,,,False,,,,False,0,0,,
20261004T181609Z-2ba1b2f7,industrial,hybrid_original,dind-mvideo.ru-c492b59ab5a30f12,mvideo.ru-run-none2.html,html/mvideo.ru-run-none2.html,mvideo.ru,partial_validation,,,,,57,,57,,partial_validation,,,,False,,,,False,0,0,,
20261004T181609Z-2ba1b2f7,industrial,hybrid_original,dind-mvideo.ru-151bf8cc328c4ddc,mvideo.ru-run-none3.html,html/mvideo.ru-run-none3.html,mvideo.ru,partial_validation,,,,,57,,57,,partial_validation,,,,False,,,,False,0,0,,
20261004T181609Z-2ba1b2f7,industrial,hybrid_original,dind-mvideo.ru-9b0cc1e81b38d9de,mvideo.ru-run-none4.html,html/mvideo.ru-run-none4.html,mvideo.ru,partial_validation,,,,,53,,53,,partial_validation,,,,False,,,,False,0,0,,
20261004T181609Z-2ba1b2f7,industrial,hybrid_original,dind-mvideo.ru-e426af76efa6c0dd,mvideo.ru-run-none5.html,html/mvideo.ru-run-none5.html,mvideo.ru,partial_validation,,,,,53,,53,,partial_validation,,,,False,,,,False,0,0,,
20261004T181609Z-2ba1b2f7,industrial,hybrid_original,dind-mvideo.ru-f4739083601ea838,mvideo.ru-run-none6.html,html/mvideo.ru-run-none6.html,mvideo.ru,partial_validation,,,,,53,,53,,partial_validation,,,,False,,,,False,0,0,,
20261004T181609Z-2ba1b2f7,industrial,hybrid_original,dind-mvideo.ru-3e76af37ea2ac7ed,mvideo.ru-run-none7.html,html/mvideo.ru-run-none7.html,mvideo.ru,partial_validation,,,,,53,,53,,partial_validation,,,,False,,,,False,0,0,,
20261004T181609Z-2ba1b2f7,industrial,hybrid_original,dind-mvideo.ru-e3c8a4d018d42c79,mvideo.ru-run-none8.html,html/mvideo.ru-run-none8.html,mvideo.ru,no_bounded_context,,,,,0,,0,,no_bounded_context,,,,False,,,,False,0,0,,
20261004T181609Z-2ba1b2f7,industrial,hybrid_original,dind-mvideo.ru-c964db29d85851de,mvideo.ru-run-none9.html,html/mvideo.ru-run-none9.html,mvideo.ru,no_bounded_context,,,,,0,,0,,no_bounded_context,,,,False,,,,False,0,0,,
20261004T181609Z-2ba1b2f7,industrial,hybrid_original,dind-mvideo.ru-4c97407a7ea4c65d,mvideo.ru-run-none10.html,html/mvideo.ru-run-none10.html,mvideo.ru,no_bounded_context,,,,,0,,0,,no_bounded_context,,,,False,,,,False,0,0,,
20261004T181609Z-2ba1b2f7,industrial,hybrid_original,dind-mvideo.ru-1dc9556f176f49b3,mvideo.ru-run-none11.html,html/mvideo.ru-run-none11.html,mvideo.ru,no_bounded_context,,,,,0,,0,,no_bounded_context,,,,False,,,,False,0,0,,
20261004T181609Z-2ba1b2f7,industrial,hybrid_original,dind-mvideo.ru-79ce14d153c633c2,mvideo.ru-run-82a41131.html,html/mvideo.ru-run-82a41131.html,mvideo.ru,partial_validation,,,,,53,,53,,partial_validation,,,,False,,,,False,0,0,,
20261004T181609Z-2ba1b2f7,industrial,hybrid_original,dind-mvideo.ru-57409058dc51841b,mvideo.ru-run-bd396f4d.html,html/mvideo.ru-run-bd396f4d.html,mvideo.ru,partial_validation,,,,,120,,120,,partial_validation,,,,False,,,,False,0,0,,
20261004T181609Z-2ba1b2f7,industrial,hybrid_original,dind-mvideo.ru-be793df4ca32b36e,mvideo.ru-run-f3583847.html,html/mvideo.ru-run-f3583847.html,mvideo.ru,partial_validation,,,,,114,,114,,partial_validation,,,,False,,,,False,0,0,,
20261004T181609Z-2ba1b2f7,industrial,hybrid_original,dind-oaopolimer.ru-b10d46a99fe3b34d,oaopolimer.ru-run-none1.html,html/oaopolimer.ru-run-none1.html,oaopolimer.ru,partial_validation,,,,,18,,18,,partial_validation,,,,True,,,,True,1,0,,
20261004T181609Z-2ba1b2f7,industrial,hybrid_original,dind-oaopolimer.ru-5b318217a3a3222c,oaopolimer.ru-run-none2.html,html/oaopolimer.ru-run-none2.html,oaopolimer.ru,partial_validation,,,,,18,,18,,partial_validation,,,,True,,,,True,1,0,,
20261004T181609Z-2ba1b2f7,industrial,hybrid_original,dind-oaopolimer.ru-c8d55d81cc904ea3,oaopolimer.ru-run-none3.html,html/oaopolimer.ru-run-none3.html,oaopolimer.ru,partial_validation,,,,,18,,18,,partial_validation,,,,True,,,,True,1,0,,
20261004T181609Z-2ba1b2f7,industrial,hybrid_original,dind-oaopolimer.ru-8109f11938b71aeb,oaopolimer.ru-run-none4.html,html/oaopolimer.ru-run-none4.html,oaopolimer.ru,partial_validation,,,,,18,,18,,partial_validation,,,,True,,,,True,1,0,,
20261004T181609Z-2ba1b2f7,industrial,hybrid_original,dind-oaopolimer.ru-2a0003d60012b8a6,oaopolimer.ru-run-none5.html,html/oaopolimer.ru-run-none5.html,oaopolimer.ru,partial_validation,,,,,18,,18,,partial_validation,,,,True,,,,True,1,0,,
20261004T181609Z-2ba1b2f7,industrial,hybrid_original,dind-oaopolimer.ru-02558b82bd865b0f,oaopolimer.ru-run-99bb6904.html,html/oaopolimer.ru-run-99bb6904.html,oaopolimer.ru,partial_validation,,,,,18,,18,,partial_validation,,,,True,,,,True,1,0,,
20261004T181609Z-2ba1b2f7,industrial,hybrid_original,dind-oaopolimer.ru-a7c041cf2a18af01,oaopolimer.ru-run-bc19d776.html,html/oaopolimer.ru-run-bc19d776.html,oaopolimer.ru,partial_validation,,,,,18,,18,,partial_validation,,,,True,,,,True,1,0,,
20261004T181609Z-2ba1b2f7,industrial,hybrid_original,dind-officemag.ru-00d53e795579eb90,officemag.ru-run-none1.html,html/officemag.ru-run-none1.html,officemag.ru,partial_validation,,,,,13,,13,,partial_validation,,,,True,,,,True,1,0,,
20261004T181609Z-2ba1b2f7,industrial,hybrid_original,dind-officemag.ru-5e08817729b9c1b0,officemag.ru-run-none2.html,html/officemag.ru-run-none2.html,officemag.ru,partial_validation,,,,,1,,4,,partial_validation,,,,True,,,,True,1,0,,
20261004T181609Z-2ba1b2f7,industrial,hybrid_original,dind-officemag.ru-beec12f6c9b66652,officemag.ru-run-none3.html,html/officemag.ru-run-none3.html,officemag.ru,partial_validation,,,,,13,,13,,partial_validation,,,,True,,,,True,1,0,,
20261004T181609Z-2ba1b2f7,industrial,hybrid_original,dind-officemag.ru-b0ddf2fa010706d1,officemag.ru-run-none4.html,html/officemag.ru-run-none4.html,officemag.ru,partial_validation,,,,,21,,21,,partial_validation,,,,True,,,,True,1,0,,
20261004T181609Z-2ba1b2f7,industrial,hybrid_original,dind-officemag.ru-40809b5312781d55,officemag.ru-run-none5.html,html/officemag.ru-run-none5.html,officemag.ru,partial_validation,,,,,21,,21,,partial_validation,,,,True,,,,True,1,0,,
20261004T181609Z-2ba1b2f7,industrial,hybrid_original,dind-officemag.ru-00c674729dcaa4ea,officemag.ru-run-2eca7e5f.html,html/officemag.ru-run-2eca7e5f.html,officemag.ru,partial_validation,,,,,13,,13,,partial_validation,,,,True,,,,True,1,0,,
20261004T181609Z-2ba1b2f7,industrial,hybrid_original,dind-officemag.ru-1bea9ed185f4b328,officemag.ru-run-3d0f801a.html,html/officemag.ru-run-3d0f801a.html,officemag.ru,partial_validation,,,,,1,,4,,partial_validation,,,,True,,,,True,1,0,,
20261004T181609Z-2ba1b2f7,industrial,hybrid_original,dind-officemag.ru-892e0a35c31b5746,officemag.ru-run-ac6cc526.html,html/officemag.ru-run-ac6cc526.html,officemag.ru,partial_validation,,,,,13,,13,,partial_validation,,,,True,,,,True,1,0,,
20261004T181609Z-2ba1b2f7,industrial,hybrid_original,dind-ozon.ru-bef199bc4e3cafc8,ozon.ru-run-none1.html,html/ozon.ru-run-none1.html,ozon.ru,partial_validation,,,,,24,,24,,partial_validation,,,,False,,,,False,0,0,,
20261004T181609Z-2ba1b2f7,industrial,hybrid_original,dind-ozon.ru-7b0cb8482987d4b1,ozon.ru-run-none2.html,html/ozon.ru-run-none2.html,ozon.ru,partial_validation,,,,,24,,24,,partial_validation,,,,False,,,,False,0,0,,
20261004T181609Z-2ba1b2f7,industrial,hybrid_original,dind-ozon.ru-4db869312af5e423,ozon.ru-run-none3.html,html/ozon.ru-run-none3.html,ozon.ru,partial_validation,,,,,24,,24,,partial_validation,,,,False,,,,False,0,0,,
20261004T181609Z-2ba1b2f7,industrial,hybrid_original,dind-ozon.ru-d2cfdfef86ed8cff,ozon.ru-run-none4.html,html/ozon.ru-run-none4.html,ozon.ru,partial_validation,,,,,24,,24,,partial_validation,,,,True,,,,True,1,0,,
20261004T181609Z-2ba1b2f7,industrial,hybrid_original,dind-ozon.ru-0f7383450d9788c2,ozon.ru-run-none5.html,html/ozon.ru-run-none5.html,ozon.ru,partial_validation,,,,,24,,24,,partial_validation,,,,False,,,,False,0,0,,
20261004T181609Z-2ba1b2f7,industrial,hybrid_original,dind-ozon.ru-ff95e1b297ba3635,ozon.ru-run-none6.html,html/ozon.ru-run-none6.html,ozon.ru,partial_validation,,,,,24,,24,,partial_validation,,,,False,,,,False,0,0,,
20261004T181609Z-2ba1b2f7,industrial,hybrid_original,dind-ozon.ru-1ed0c2b94bc03684,ozon.ru-run-none7.html,html/ozon.ru-run-none7.html,ozon.ru,partial_validation,,,,,16,,16,,partial_validation,,,,False,,,,False,0,0,,
20261004T181609Z-2ba1b2f7,industrial,hybrid_original,dind-ozon.ru-00fd247071d4b382,ozon.ru-run-none8.html,html/ozon.ru-run-none8.html,ozon.ru,partial_validation,,,,,24,,24,,partial_validation,,,,False,,,,False,0,0,,
20261004T181609Z-2ba1b2f7,industrial,hybrid_original,dind-ozon.ru-7c09464ecd40c35c,ozon.ru-run-none9.html,html/ozon.ru-run-none9.html,ozon.ru,partial_validation,,,,,24,,24,,partial_validation,,,,False,,,,False,0,0,,
20261004T181609Z-2ba1b2f7,industrial,hybrid_original,dind-ozon.ru-bc3414059b042541,ozon.ru-run-none10.html,html/ozon.ru-run-none10.html,ozon.ru,partial_validation,,,,,24,,24,,partial_validation,,,,False,,,,False,0,0,,
20261004T181609Z-2ba1b2f7,industrial,hybrid_original,dind-ozon.ru-0af467e962767537,ozon.ru-run-none11.html,html/ozon.ru-run-none11.html,ozon.ru,partial_validation,,,,,24,,24,,partial_validation,,,,False,,,,False,0,0,,
20261004T181609Z-2ba1b2f7,industrial,hybrid_original,dind-ozon.ru-f0ada4e5d68779a7,ozon.ru-run-none12.html,html/ozon.ru-run-none12.html,ozon.ru,partial_validation,,,,,24,,24,,partial_validation,,,,False,,,,False,0,0,,
20261004T181609Z-2ba1b2f7,industrial,hybrid_original,dind-ozon.ru-0893ebc9dae9a0b6,ozon.ru-run-none13.html,html/ozon.ru-run-none13.html,ozon.ru,partial_validation,,,,,24,,24,,partial_validation,,,,False,,,,False,0,0,,
20261004T181609Z-2ba1b2f7,industrial,hybrid_original,dind-ozon.ru-9912b1cd9743ff61,ozon.ru-run-none14.html,html/ozon.ru-run-none14.html,ozon.ru,partial_validation,,,,,24,,24,,partial_validation,,,,False,,,,False,0,0,,
20261004T181609Z-2ba1b2f7,industrial,hybrid_original,dind-ozon.ru-c1c4d36f73fb1884,ozon.ru-run-none15.html,html/ozon.ru-run-none15.html,ozon.ru,partial_validation,,,,,24,,24,,partial_validation,,,,False,,,,False,0,0,,
20261004T181609Z-2ba1b2f7,industrial,hybrid_original,dind-ozon.ru-8cf713849b5ae916,ozon.ru-run-none16.html,html/ozon.ru-run-none16.html,ozon.ru,partial_validation,,,,,24,,24,,partial_validation,,,,False,,,,False,0,0,,
20261004T181609Z-2ba1b2f7,industrial,hybrid_original,dind-ozon.ru-ff68223ce1cea753,ozon.ru-run-none17.html,html/ozon.ru-run-none17.html,ozon.ru,partial_validation,,,,,40,,40,,partial_validation,,,,False,,,,False,0,0,,
20261004T181609Z-2ba1b2f7,industrial,hybrid_original,dind-ozon.ru-af96b2643001265b,ozon.ru-run-none18.html,html/ozon.ru-run-none18.html,ozon.ru,partial_validation,,,,,24,,24,,partial_validation,,,,False,,,,False,0,0,,
20261004T181609Z-2ba1b2f7,industrial,hybrid_original,dind-ozon.ru-b36c824831b3255e,ozon.ru-run-none19.html,html/ozon.ru-run-none19.html,ozon.ru,partial_validation,,,,,24,,24,,partial_validation,,,,False,,,,False,0,0,,
20261004T181609Z-2ba1b2f7,industrial,hybrid_original,dind-ozon.ru-c0e19b1385e2c08d,ozon.ru-run-none20.html,html/ozon.ru-run-none20.html,ozon.ru,partial_validation,,,,,24,,24,,partial_validation,,,,False,,,,False,0,0,,
20261004T181609Z-2ba1b2f7,industrial,hybrid_original,dind-ozon.ru-14349728faeae495,ozon.ru-run-none21.html,html/ozon.ru-run-none21.html,ozon.ru,partial_validation,,,,,32,,32,,partial_validation,,,,False,,,,False,0,0,,
20261004T181609Z-2ba1b2f7,industrial,hybrid_original,dind-ozon.ru-7fc3cd29b958b570,ozon.ru-run-none22.html,html/ozon.ru-run-none22.html,ozon.ru,partial_validation,,,,,24,,24,,partial_validation,,,,False,,,,False,0,0,,
20261004T181609Z-2ba1b2f7,industrial,hybrid_original,dind-ozon.ru-17ea1a246cc5c852,ozon.ru-run-none23.html,html/ozon.ru-run-none23.html,ozon.ru,partial_validation,,,,,24,,24,,partial_validation,,,,False,,,,False,0,0,,
20261004T181609Z-2ba1b2f7,industrial,hybrid_original,dind-ozon.ru-664876f2c1bfe726,ozon.ru-run-none24.html,html/ozon.ru-run-none24.html,ozon.ru,partial_validation,,,,,20,,20,,partial_validation,,,,True,,,,True,1,0,,
20261004T181609Z-2ba1b2f7,industrial,hybrid_original,dind-ozon.ru-030d0fbe4dcf938f,ozon.ru-run-none25.html,html/ozon.ru-run-none25.html,ozon.ru,partial_validation,,,,,24,,24,,partial_validation,,,,False,,,,False,0,0,,
20261004T181609Z-2ba1b2f7,industrial,hybrid_original,dind-ozon.ru-2aee48801f977b0f,ozon.ru-run-none26.html,html/ozon.ru-run-none26.html,ozon.ru,partial_validation,,,,,24,,24,,partial_validation,,,,False,,,,False,0,0,,
20261004T181609Z-2ba1b2f7,industrial,hybrid_original,dind-ozon.ru-981504bdf6f0c850,ozon.ru-run-none27.html,html/ozon.ru-run-none27.html,ozon.ru,partial_validation,,,,,24,,24,,partial_validation,,,,False,,,,False,0,0,,
20261004T181609Z-2ba1b2f7,industrial,hybrid_original,dind-ozon.ru-309ec1587fa9ccca,ozon.ru-run-none28.html,html/ozon.ru-run-none28.html,ozon.ru,partial_validation,,,,,24,,24,,partial_validation,,,,False,,,,False,0,0,,
20261004T181609Z-2ba1b2f7,industrial,hybrid_original,dind-ozon.ru-f0c4de7b7d4ddccc,ozon.ru-run-none29.html,html/ozon.ru-run-none29.html,ozon.ru,partial_validation,,,,,24,,24,,partial_validation,,,,False,,,,False,0,0,,
20261004T181609Z-2ba1b2f7,industrial,hybrid_original,dind-ozon.ru-801ca96b303e9c70,ozon.ru-run-none30.html,html/ozon.ru-run-none30.html,ozon.ru,partial_validation,,,,,30,,30,,partial_validation,,,,True,,,,True,1,0,,
20261004T181609Z-2ba1b2f7,industrial,hybrid_original,dind-ozon.ru-adcd554f73025799,ozon.ru-run-none31.html,html/ozon.ru-run-none31.html,ozon.ru,partial_validation,,,,,24,,24,,partial_validation,,,,False,,,,False,0,0,,
20261004T181609Z-2ba1b2f7,industrial,hybrid_original,dind-ozon.ru-0f3fe0ffc5075f97,ozon.ru-run-none32.html,html/ozon.ru-run-none32.html,ozon.ru,partial_validation,,,,,24,,24,,partial_validation,,,,False,,,,False,0,0,,
20261004T181609Z-2ba1b2f7,industrial,hybrid_original,dind-ozon.ru-89cacbfd8e2ec95b,ozon.ru-run-none33.html,html/ozon.ru-run-none33.html,ozon.ru,partial_validation,,,,,24,,24,,partial_validation,,,,False,,,,False,0,0,,
20261004T181609Z-2ba1b2f7,industrial,hybrid_original,dind-ozon.ru-6574195d5864256d,ozon.ru-run-4f3eb2b3.html,html/ozon.ru-run-4f3eb2b3.html,ozon.ru,partial_validation,,,,,24,,24,,partial_validation,,,,False,,,,False,0,0,,
20261004T181609Z-2ba1b2f7,industrial,hybrid_original,dind-ozon.ru-40d639e4db2530b7,ozon.ru-run-5df0fc85.html,html/ozon.ru-run-5df0fc85.html,ozon.ru,partial_validation,,,,,24,,24,,partial_validation,,,,False,,,,False,0,0,,
20261004T181609Z-2ba1b2f7,industrial,hybrid_original,dind-ozon.ru-9eaf36f7f4aa57b5,ozon.ru-run-7a5dc852.html,html/ozon.ru-run-7a5dc852.html,ozon.ru,partial_validation,,,,,24,,24,,partial_validation,,,,False,,,,False,0,0,,
20261004T181609Z-2ba1b2f7,industrial,hybrid_original,dind-petrovich.ru-f5694ceb95402903,petrovich.ru-run-7ab9dec2.html,html/petrovich.ru-run-7ab9dec2.html,petrovich.ru,partial_validation,,,,,20,,20,,partial_validation,,,,True,,,,True,1,0,,
20261004T181609Z-2ba1b2f7,industrial,hybrid_original,dind-petrovich.ru-b70961cbdb8bd1e9,petrovich.ru-run-f37ca1e3.html,html/petrovich.ru-run-f37ca1e3.html,petrovich.ru,partial_validation,,,,,20,,20,,partial_validation,,,,True,,,,True,1,0,,
20261004T181609Z-2ba1b2f7,industrial,hybrid_original,dind-rs24.ru-e37f5e34d947d094,rs24.ru-run-none1.html,html/rs24.ru-run-none1.html,rs24.ru,partial_validation,,,,,26,,25,,partial_validation,,,,True,,,,True,1,0,,
20261004T181609Z-2ba1b2f7,industrial,hybrid_original,dind-rs24.ru-1dae74c7261482fe,rs24.ru-run-none2.html,html/rs24.ru-run-none2.html,rs24.ru,partial_validation,,,,,26,,25,,partial_validation,,,,True,,,,True,1,0,,
20261004T181609Z-2ba1b2f7,industrial,hybrid_original,dind-rs24.ru-a5509d4fda3f76ea,rs24.ru-run-none3.html,html/rs24.ru-run-none3.html,rs24.ru,partial_validation,,,,,23,,22,,partial_validation,,,,True,,,,True,1,0,,
20261004T181609Z-2ba1b2f7,industrial,hybrid_original,dind-rs24.ru-7f6c61bab65e335f,rs24.ru-run-none4.html,html/rs24.ru-run-none4.html,rs24.ru,partial_validation,,,,,1,,1,,partial_validation,,,,True,,,,True,1,0,,
20261004T181609Z-2ba1b2f7,industrial,hybrid_original,dind-rs24.ru-04d8d106bd9c940f,rs24.ru-run-none5.html,html/rs24.ru-run-none5.html,rs24.ru,partial_validation,,,,,26,,25,,partial_validation,,,,True,,,,True,1,0,,
20261004T181609Z-2ba1b2f7,industrial,hybrid_original,dind-rs24.ru-eef846de51e83979,rs24.ru-run-none6.html,html/rs24.ru-run-none6.html,rs24.ru,partial_validation,,,,,2,,1,,partial_validation,,,,True,,,,True,1,0,,
20261004T181609Z-2ba1b2f7,industrial,hybrid_original,dind-rs24.ru-675bf99e5b73b9d3,rs24.ru-run-none7.html,html/rs24.ru-run-none7.html,rs24.ru,partial_validation,,,,,2,,1,,partial_validation,,,,True,,,,True,1,0,,
20261004T181609Z-2ba1b2f7,industrial,hybrid_original,dind-rs24.ru-c08b8e40b58e9b34,rs24.ru-run-none8.html,html/rs24.ru-run-none8.html,rs24.ru,partial_validation,,,,,2,,1,,partial_validation,,,,True,,,,True,1,0,,
20261004T181609Z-2ba1b2f7,industrial,hybrid_original,dind-rs24.ru-f0ddc824358ea6a4,rs24.ru-run-none9.html,html/rs24.ru-run-none9.html,rs24.ru,partial_validation,,,,,2,,1,,partial_validation,,,,True,,,,True,1,0,,
20261004T181609Z-2ba1b2f7,industrial,hybrid_original,dind-rs24.ru-9efe2cd0d7d6ad25,rs24.ru-run-04db4a0c.html,html/rs24.ru-run-04db4a0c.html,rs24.ru,partial_validation,,,,,26,,25,,partial_validation,,,,True,,,,True,1,0,,
20261004T181609Z-2ba1b2f7,industrial,hybrid_original,dind-rs24.ru-5f1e642e572bd9cd,rs24.ru-run-80a083d9.html,html/rs24.ru-run-80a083d9.html,rs24.ru,partial_validation,,,,,26,,25,,partial_validation,,,,True,,,,True,1,0,,
20261004T181609Z-2ba1b2f7,industrial,hybrid_original,dind-spb.kuvalda.ru-766cff99f79845f2,spb.kuvalda.ru-run-none1.html,html/spb.kuvalda.ru-run-none1.html,spb.kuvalda.ru,ok,,,,,0,,0,,,,,,True,,,,True,1,0,,
20261004T181609Z-2ba1b2f7,industrial,hybrid_original,dind-spb.tara.ru-c058547a7f8a948e,spb.tara.ru-run-none1.html,html/spb.tara.ru-run-none1.html,spb.tara.ru,ok,,,,,0,,0,,,,,,True,,,,True,1,0,,
20261004T181609Z-2ba1b2f7,industrial,hybrid_original,dind-spb.tara.ru-eb7917756d3e38ce,spb.tara.ru-run-none2.html,html/spb.tara.ru-run-none2.html,spb.tara.ru,partial_validation,,,,,19,,19,,partial_validation,,,,True,,,,True,1,0,,
20261004T181609Z-2ba1b2f7,industrial,hybrid_original,dind-spb.tara.ru-b247ce637fbd5bab,spb.tara.ru-run-none3.html,html/spb.tara.ru-run-none3.html,spb.tara.ru,ok,,,,,0,,0,,,,,,True,,,,True,1,0,,
20261004T181609Z-2ba1b2f7,industrial,hybrid_original,dind-spb.tara.ru-a5b72707164fdaac,spb.tara.ru-run-none4.html,html/spb.tara.ru-run-none4.html,spb.tara.ru,ok,,,,,0,,0,,,,,,True,,,,True,1,0,,
20261004T181609Z-2ba1b2f7,industrial,hybrid_original,dind-spb.tara.ru-e38223cfffcc86d0,spb.tara.ru-run-none5.html,html/spb.tara.ru-run-none5.html,spb.tara.ru,partial_validation,,,,,19,,19,,partial_validation,,,,True,,,,True,1,0,,
20261004T181609Z-2ba1b2f7,industrial,hybrid_original,dind-spb.tara.ru-6339f71a84c7fe3f,spb.tara.ru-run-none6.html,html/spb.tara.ru-run-none6.html,spb.tara.ru,partial_validation,,,,,19,,19,,partial_validation,,,,True,,,,True,1,0,,
20261004T181609Z-2ba1b2f7,industrial,hybrid_original,dind-tara.ru-29a986a694d3d56c,tara.ru-run-08e7e74c.html,html/tara.ru-run-08e7e74c.html,tara.ru,partial_validation,,,,,19,,21,,partial_validation,,,,True,,,,True,1,0,,
20261004T181609Z-2ba1b2f7,industrial,hybrid_original,dind-tara.ru-79d24cb7a3d97e32,tara.ru-run-26e00e9e.html,html/tara.ru-run-26e00e9e.html,tara.ru,partial_validation,,,,,19,,19,,partial_validation,,,,True,,,,True,1,0,,
20261004T181609Z-2ba1b2f7,industrial,hybrid_original,dind-tara.ru-5dd436ea3dedcde3,tara.ru-run-6b43fab8.html,html/tara.ru-run-6b43fab8.html,tara.ru,ok,,,,,0,,0,,,,,,True,,,,True,1,0,,
20261004T181609Z-2ba1b2f7,industrial,hybrid_original,dind-tara.ru-996aa6565fe64523,tara.ru-run-a9c88d00.html,html/tara.ru-run-a9c88d00.html,tara.ru,ok,,,,,0,,0,,,,,,True,,,,True,1,0,,
20261004T181609Z-2ba1b2f7,industrial,hybrid_original,dind-vseinstrumenti.ru-f1a5402edd7ade81,vseinstrumenti.ru-run-8d52f5c4.html,html/vseinstrumenti.ru-run-8d52f5c4.html,vseinstrumenti.ru,partial_validation,,,,,40,,40,,partial_validation,,,,True,,,,True,1,0,,
20261004T181609Z-2ba1b2f7,industrial,hybrid_original,dind-wildberries.ru-ef3f50265721d3c2,wildberries.ru-run-none1.html,html/wildberries.ru-run-none1.html,wildberries.ru,partial_validation,,,,,1,,9,,partial_validation,,,,True,,,,True,1,0,,
20261004T181609Z-2ba1b2f7,industrial,hybrid_original,dind-wildberries.ru-70b945be0d4bf26a,wildberries.ru-run-none2.html,html/wildberries.ru-run-none2.html,wildberries.ru,no_bounded_context,,,,,0,,0,,no_bounded_context,,,,False,,,,False,0,0,,
20261004T181609Z-2ba1b2f7,industrial,hybrid_original,dind-ximtek.ru-98dac1b01cd67510,ximtek.ru-run-none1.html,html/ximtek.ru-run-none1.html,ximtek.ru,partial_validation,,,,,13,,13,,partial_validation,,,,True,,,,True,1,0,,
20261004T181609Z-2ba1b2f7,industrial,hybrid_original,dind-ximtek.ru-f97bddb789d6b997,ximtek.ru-run-none2.html,html/ximtek.ru-run-none2.html,ximtek.ru,partial_validation,,,,,13,,13,,partial_validation,,,,True,,,,True,1,0,,
20261004T181609Z-2ba1b2f7,industrial,hybrid_original,dind-ximtek.ru-abe2b1a972996824,ximtek.ru-run-none3.html,html/ximtek.ru-run-none3.html,ximtek.ru,ok,,,,,0,,0,,,,,,True,,,,True,1,0,,
20261004T181609Z-2ba1b2f7,industrial,hybrid_original,dind-ximtek.ru-940ff623d7a49c34,ximtek.ru-run-none4.html,html/ximtek.ru-run-none4.html,ximtek.ru,ok,,,,,0,,0,,,,,,True,,,,True,1,0,,
20261004T181609Z-2ba1b2f7,industrial,hybrid_original,dind-ximtek.ru-c35012c3b47572b1,ximtek.ru-run-60625fbe.html,html/ximtek.ru-run-60625fbe.html,ximtek.ru,partial_validation,,,,,13,,13,,partial_validation,,,,True,,,,True,1,0,,
20261004T181609Z-2ba1b2f7,industrial,hybrid_original,dind-ximtek.ru-a6bdec3f9b446bd1,ximtek.ru-run-8572df63.html,html/ximtek.ru-run-8572df63.html,ximtek.ru,partial_validation,,,,,13,,13,,partial_validation,,,,True,,,,True,1,0,,
20261004T181609Z-2ba1b2f7,industrial,hybrid_original,dind-xn----7sbbnaebi2cxajxwo0b.xn--p1ai-20db32191ce1e849,xn----7sbbnaebi2cxajxwo0b.xn--p1ai-run-none1.html,html/xn----7sbbnaebi2cxajxwo0b.xn--p1ai-run-none1.html,xn----7sbbnaebi2cxajxwo0b.xn--p1ai,ok,,,,,106,,106,,,,,,False,,,,False,0,0,,
20261004T181609Z-2ba1b2f7,industrial,hybrid_original,dind-xn----7sbbnaebi2cxajxwo0b.xn--p1ai-fa2a381a67d4ba03,xn----7sbbnaebi2cxajxwo0b.xn--p1ai-run-none2.html,html/xn----7sbbnaebi2cxajxwo0b.xn--p1ai-run-none2.html,xn----7sbbnaebi2cxajxwo0b.xn--p1ai,ok,,,,,102,,102,,,,,,False,,,,False,0,0,,
20261004T181609Z-2ba1b2f7,industrial,hybrid_original,dind-xn----7sbbnaebi2cxajxwo0b.xn--p1ai-a714f745fc2dada6,xn----7sbbnaebi2cxajxwo0b.xn--p1ai-run-none3.html,html/xn----7sbbnaebi2cxajxwo0b.xn--p1ai-run-none3.html,xn----7sbbnaebi2cxajxwo0b.xn--p1ai,ok,,,,,106,,106,,,,,,False,,,,False,0,0,,
20261004T181609Z-2ba1b2f7,industrial,hybrid_original,dind-.-e142c05b90bdf168,unknown-run-7839236e.html,html/unknown-run-7839236e.html,спецодежда-тула.рф,partial_validation,,,,,102,,110,,partial_validation,,,,True,,,,True,1,0,,
20261004T181609Z-2ba1b2f7,industrial,hybrid_original,dind-.-1c84d53a2c5b20ea,unknown-run-af7893e6.html,html/unknown-run-af7893e6.html,спецодежда-тула.рф,partial_validation,,,,,106,,114,,partial_validation,,,,True,,,,True,1,0,,
