dataset,page_id,html_key,source,query,skip_reason,content_sha256,html_bytes,html_characters,utf8_replacement_characters,input_tokens_size_proxy_low,input_tokens_size_proxy_high,context_risk_by_size_proxy
synthetic,syn-0001,syn-0001.html,synthetic-shop.local,,,2d4bdcdb4963e720995958dc786d3e224b8a64be58fa44a8fd74fba27415435a,9251,8566,0,1836.8333333333333,5510.5,False
synthetic,syn-0002,syn-0002.html,synthetic-shop.local,,,a39bcf301c232227a02a6e20995e9ffaecc142b03873da3757c52115ad7ee6c5,13848,12676,0,2603.0,7809.0,False
synthetic,syn-0003,syn-0003.html,synthetic-shop.local,,,6d6ec5b9b3699f55416d31d83e697dcbb666923331b40e689d78bd1e7683f851,6111,5495,0,1313.5,3940.5,False
synthetic,syn-0004,syn-0004.html,synthetic-shop.local,,,d20b46b9f7be422a2aabd626e1c2f9cdf1be0fc7aa871002fac4f2f9ea32ae83,17410,15595,0,3196.6666666666665,9590.0,False
synthetic,syn-0005,syn-0005.html,synthetic-shop.local,,,bb672f6bd3b95803a813d4c08f80212df2ec968dcc732f2b08d9a5087510aeb9,7300,6675,0,1511.6666666666667,4535.0,False
synthetic,syn-0006,syn-0006.html,synthetic-shop.local,,,f87f133a29b1b6e889cea9bcf82116157bb3c226a0fd0ad8c1d065bcc9175c45,6824,5872,0,1432.3333333333333,4297.0,False
synthetic,syn-0007,syn-0007.html,synthetic-shop.local,,,a9c1a50a5dd52caa17ff9928e5ffee0ca83a95a149f3f63eb130c5dbee1964a0,6867,6170,0,1439.5,4318.5,False
synthetic,syn-0008,syn-0008.html,synthetic-shop.local,,,53f2ef720158e326c4f2392d1093d55dba8197d42c99b73054f84495977ae35c,11093,9693,0,2143.8333333333335,6431.5,False
synthetic,syn-0009,syn-0009.html,synthetic-shop.local,,,bc815a27f76fa64759808dd32a941f000681dab58b9b5d972853d82ebb48d1ad,10149,9256,0,1986.5,5959.5,False
synthetic,syn-0010,syn-0010.html,synthetic-shop.local,,,bfcbb14602e7c105122610f1a3fc6350277a154800b841565c8411afd61012e0,21620,20227,0,3898.3333333333335,11695.0,False
synthetic,syn-0011,syn-0011.html,synthetic-shop.local,,,7aafe5fc640d6267c54476ff6e182446ccc95f330bc6e2d02e5d86319cd37f47,22905,20849,0,4112.5,12337.5,False
synthetic,syn-0012,syn-0012.html,synthetic-shop.local,,,bdee06f39b8b2d8b513b2dcd1a90888034095c435cf8ece5eabad99896bfed3f,5837,5307,0,1267.8333333333333,3803.5,False
synthetic,syn-0013,syn-0013.html,synthetic-shop.local,,,6c6e1e6725fa02a944a5e9ba1aedc3602a00823b7cd1619a4262bfb60f21d56c,9838,8704,0,1934.6666666666667,5804.0,False
synthetic,syn-0014,syn-0014.html,synthetic-shop.local,,,24fb24963b487d08d62502f6c5d50b04b17ecd28414569d077f308c860a8207e,10836,9581,0,2101.0,6303.0,False
synthetic,syn-0015,syn-0015.html,synthetic-shop.local,,,f8aad12df10b3434b07835ecd10c22108a74873318c492ae7149d0a0940c61d9,14189,12944,0,2659.8333333333335,7979.5,False
synthetic,syn-0016,syn-0016.html,synthetic-shop.local,,,ec5fc711049a5db88b9ea00d7330526dcd35c58928f78132d1ccedc473a0feeb,3654,3179,0,904.0,2712.0,False
synthetic,syn-0017,syn-0017.html,synthetic-shop.local,,,4a3ba36f2c7f8a9341d165d0a9d7fa51d62cd758ecfc290949078c92784be346,9033,8112,0,1800.5,5401.5,False
synthetic,syn-0018,syn-0018.html,synthetic-shop.local,,,92e3ab94d9b9a7bf76ed063c6b6884aa72f7896b1a442bcf9f0ae6c3ae61fc9e,8487,7451,0,1709.5,5128.5,False
synthetic,syn-0019,syn-0019.html,synthetic-shop.local,,,28b4bc693ea1e513b64aac361b8749b1836f5fd6d8ea62525f4691d75b392a31,11437,10267,0,2201.1666666666665,6603.5,False
synthetic,syn-0020,syn-0020.html,synthetic-shop.local,,,36a8824df8186ed156e93a595c7372a2c810d12b4fd1a20b719ee475dc6927a1,20357,18730,0,3687.8333333333335,11063.5,False
robustness,syn-0001__class_rename__01,syn-0001__class_rename__01.html,synthetic-shop.local,,,75e0c634cc454cc47bf37d23172b9b69d9173e4d0240d215e179de24bde29688,9528,8843,0,1883.0,5649.0,False
robustness,syn-0001__class_rename__02,syn-0001__class_rename__02.html,synthetic-shop.local,,,b0da94e9411c1702ec1eaecdd98f6bb1f3e779d69f212107bf18c981b1d61e21,9528,8843,0,1883.0,5649.0,False
robustness,syn-0001__class_rename__03,syn-0001__class_rename__03.html,synthetic-shop.local,,,f3a1adb7447a6298d04985df8fae7b77642e0a0843cf92d68b76ce05ccf51ef8,9528,8843,0,1883.0,5649.0,False
robustness,syn-0001__wrapper_insert__01,syn-0001__wrapper_insert__01.html,synthetic-shop.local,,,2635277de600e8e66914033a7a352d2c84dd83bfd011537aaa25ae120bb1a3bc,9755,9070,0,1920.8333333333333,5762.5,False
robustness,syn-0001__wrapper_insert__02,syn-0001__wrapper_insert__02.html,synthetic-shop.local,,,775e882b43275a8dc7d939b2ef475a6f64a1964a59595f5a90b682d810e84540,9863,9178,0,1938.8333333333333,5816.5,False
robustness,syn-0001__wrapper_insert__03,syn-0001__wrapper_insert__03.html,synthetic-shop.local,,,72ba70a6e00ff1815cabb5dbf481a4f18b0f70a057028da342b106f04cc035ea,10307,9622,0,2012.8333333333333,6038.5,False
robustness,syn-0001__field_reorder__01,syn-0001__field_reorder__01.html,synthetic-shop.local,,,753159d2afc928e988b2b04e0ea5b5379993402d3861b96db54945c8114f9c1e,9310,8625,0,1846.6666666666667,5540.0,False
robustness,syn-0001__field_reorder__02,syn-0001__field_reorder__02.html,synthetic-shop.local,,,04e9e757151f308ad912a1fc913dc344ade1a1c97afb83abc8396daa0f162b33,9310,8625,0,1846.6666666666667,5540.0,False
robustness,syn-0001__subtree_relocate__01,syn-0001__subtree_relocate__01.html,synthetic-shop.local,,,466f7ab40e9e95898d4ab4a819bf534d666c92a57f2ea7f6dfad5610cd0aa961,9793,9108,0,1927.1666666666667,5781.5,False
robustness,syn-0001__subtree_relocate__02,syn-0001__subtree_relocate__02.html,synthetic-shop.local,,,01c957de2eed2f313d56a66d2a03c8870d71ae898441471806bab51dc10ac892,9805,9120,0,1929.1666666666667,5787.5,False
robustness,syn-0002__class_rename__01,syn-0002__class_rename__01.html,synthetic-shop.local,,,8c34d9d30b886a3d1737568f289cfcfa0337c134c8303a567ac88f57669086e8,14449,13277,0,2703.1666666666665,8109.5,False
robustness,syn-0002__class_rename__02,syn-0002__class_rename__02.html,synthetic-shop.local,,,9ec152f37f4b708583ad4ac53b9ec8b72baf228f179d35b197e9b012d49b2585,14449,13277,0,2703.1666666666665,8109.5,False
robustness,syn-0002__class_rename__03,syn-0002__class_rename__03.html,synthetic-shop.local,,,533bf3a063aafe3094eab93ca5c3c691b8f16776517142ac38f599e9b4f4c1c7,14449,13277,0,2703.1666666666665,8109.5,False
robustness,syn-0002__wrapper_insert__01,syn-0002__wrapper_insert__01.html,synthetic-shop.local,,,237f06b413f1c805d1c48337bfe356e093aaa150f2a04b6b3e84d5d8704905ff,15018,13846,0,2798.0,8394.0,False
robustness,syn-0002__wrapper_insert__02,syn-0002__wrapper_insert__02.html,synthetic-shop.local,,,df1a3f054d3d2abb5b416792164ad17f8f79ae1f7f2418e0021da4f41f92e5e4,15288,14116,0,2843.0,8529.0,False
robustness,syn-0002__wrapper_insert__03,syn-0002__wrapper_insert__03.html,synthetic-shop.local,,,e002af3822e157ac6bf11fe326ccfb4884cb128d4c43e9d15fc249139739f20d,16398,15226,0,3028.0,9084.0,False
robustness,syn-0002__field_reorder__01,syn-0002__field_reorder__01.html,synthetic-shop.local,,,ad5ecca0bf71baade6a395e1fb4439733a2fb34598d97caa6a890f62d9932cee,13907,12735,0,2612.8333333333335,7838.5,False
robustness,syn-0002__field_reorder__02,syn-0002__field_reorder__02.html,synthetic-shop.local,,,2123132bb0fd8332225f8c2d0daafdffeaa50506812c943d92be06b051ff5211,13907,12735,0,2612.8333333333335,7838.5,False
robustness,syn-0002__subtree_relocate__01,syn-0002__subtree_relocate__01.html,synthetic-shop.local,,,71fea73224c0d1b09630579aef6bd0dbc1387f95a0fbb0cac661589975159cab,15110,13938,0,2813.3333333333335,8440.0,False
robustness,syn-0002__subtree_relocate__02,syn-0002__subtree_relocate__02.html,synthetic-shop.local,,,79f79af55946d686f3f2f8ce9270d4ffee70f48a04e52cdbbcefdd0270bf6812,15140,13968,0,2818.3333333333335,8455.0,False
robustness,syn-0003__class_rename__01,syn-0003__class_rename__01.html,synthetic-shop.local,,,060bb1d23f00a4406ca51b07c07d95d12b9b940cabfc02cb882a060cecb061e0,6460,5844,0,1371.6666666666667,4115.0,False
robustness,syn-0003__class_rename__02,syn-0003__class_rename__02.html,synthetic-shop.local,,,3d4cd6d55c27f808fc423ff489064eb0d43e09f46f44ef8d6a7ec6f1e6888a8b,6460,5844,0,1371.6666666666667,4115.0,False
robustness,syn-0003__class_rename__03,syn-0003__class_rename__03.html,synthetic-shop.local,,,2fe4b106efe299a9982c26574f736c81e6ae1f15fe8e3a4793b980e634413e4e,6460,5844,0,1371.6666666666667,4115.0,False
robustness,syn-0003__wrapper_insert__01,syn-0003__wrapper_insert__01.html,synthetic-shop.local,,,90651b1721e7c10b5519cba220205463458d18969cb91bb89bf1bfb96fdde577,6763,6147,0,1422.1666666666667,4266.5,False
robustness,syn-0003__wrapper_insert__02,syn-0003__wrapper_insert__02.html,synthetic-shop.local,,,ee466f79cb38d24807ea58a2896e5da11439f9baea8aa58bc568a3aab976a5f4,6907,6291,0,1446.1666666666667,4338.5,False
robustness,syn-0003__wrapper_insert__03,syn-0003__wrapper_insert__03.html,synthetic-shop.local,,,9daa7b2341b791a7275b5a901fee3e384ba473e9e27f400c68500adc15586725,7499,6883,0,1544.8333333333333,4634.5,False
robustness,syn-0003__field_reorder__01,syn-0003__field_reorder__01.html,synthetic-shop.local,,,e78d8fa1181307f1d705c916be68483953f55f9d8780f06bcd99da4595ea75c5,6170,5554,0,1323.3333333333333,3970.0,False
robustness,syn-0003__field_reorder__02,syn-0003__field_reorder__02.html,synthetic-shop.local,,,3250939c7d72254f799a5921a6bebdae5b2f0c0bf0e46d1434f3ed2acd7a7298,6170,5554,0,1323.3333333333333,3970.0,False
robustness,syn-0003__subtree_relocate__01,syn-0003__subtree_relocate__01.html,synthetic-shop.local,,,2c7dd0e86afefdc1f61402350b8c730310b9bf58c70b95c98c1a847b484ae474,6813,6197,0,1430.5,4291.5,False
robustness,syn-0003__subtree_relocate__02,syn-0003__subtree_relocate__02.html,synthetic-shop.local,,,00247ea539bd387c2576ef39f5eee993988768e739e57e28c609e211adcbbab2,6829,6213,0,1433.1666666666667,4299.5,False
robustness,syn-0004__class_rename__01,syn-0004__class_rename__01.html,synthetic-shop.local,,,6e89039c7156a497afd98cee2188ad23ea9b812b9760077657751bfc31c1e6bc,17939,16124,0,3284.8333333333335,9854.5,False
robustness,syn-0004__class_rename__02,syn-0004__class_rename__02.html,synthetic-shop.local,,,4cf1a8f7e14373d9499805d2108fd1b04c2d0ff23678d64872ef0db095a27754,17939,16124,0,3284.8333333333335,9854.5,False
robustness,syn-0004__class_rename__03,syn-0004__class_rename__03.html,synthetic-shop.local,,,465a8feb526f6fb7b4fb046bdca237d6fd955e2c6b6282a2c4446238ddbcae54,17939,16124,0,3284.8333333333335,9854.5,False
robustness,syn-0004__wrapper_insert__01,syn-0004__wrapper_insert__01.html,synthetic-shop.local,,,8137fe9b4b855d758c6a48ea3a51d678df245b5ae79d6d8a7a06f38ca86bc885,18432,16617,0,3367.0,10101.0,False
robustness,syn-0004__wrapper_insert__02,syn-0004__wrapper_insert__02.html,synthetic-shop.local,,,9f2f24ec04f769e341be4e93439f2316f2504c56ddd567da647e4b9a40a5b5d8,18666,16851,0,3406.0,10218.0,False
robustness,syn-0004__wrapper_insert__03,syn-0004__wrapper_insert__03.html,synthetic-shop.local,,,1d373888ace035aeaa9f6782e37e77b0d9e9713ed94b9e6508893191eb6c0a13,19628,17813,0,3566.3333333333335,10699.0,False
robustness,syn-0004__field_reorder__01,syn-0004__field_reorder__01.html,synthetic-shop.local,,,9a477ebd1b50f24acf9309a68bd65234e0eb669f1e99a1629138482cae4d5f42,17469,15654,0,3206.5,9619.5,False
robustness,syn-0004__field_reorder__02,syn-0004__field_reorder__02.html,synthetic-shop.local,,,48b1169273be54fff1d83e193a076c0b5d38dc131e3fef4ef53bad5c6ecd3318,17469,15654,0,3206.5,9619.5,False
robustness,syn-0004__subtree_relocate__01,syn-0004__subtree_relocate__01.html,synthetic-shop.local,,,519ac684c5f508264377e617c7fd873a2badfd3bba29ff4515ee69571855f695,18512,16697,0,3380.3333333333335,10141.0,False
robustness,syn-0004__subtree_relocate__02,syn-0004__subtree_relocate__02.html,synthetic-shop.local,,,59ce238d8198b064358fd0c38e48f4e7fa6ff924cb78c006a2cc89d26b879bb9,18538,16723,0,3384.6666666666665,10154.0,False
robustness,syn-0005__class_rename__01,syn-0005__class_rename__01.html,synthetic-shop.local,,,a6a125c7511a44e9fb6c1101192a250d29228d09ee641fc620c515bbb4c62573,7742,7117,0,1585.3333333333333,4756.0,False
robustness,syn-0005__class_rename__02,syn-0005__class_rename__02.html,synthetic-shop.local,,,90b6f25ec5dbdb40dced5efee41d5574ed483c0c83b11be7e93e0de427865bd3,7742,7117,0,1585.3333333333333,4756.0,False
robustness,syn-0005__class_rename__03,syn-0005__class_rename__03.html,synthetic-shop.local,,,46bc6341fdfe0947c27c0d29a7a26e7cf971ded28b67cd41102b477df303de24,7742,7117,0,1585.3333333333333,4756.0,False
robustness,syn-0005__wrapper_insert__01,syn-0005__wrapper_insert__01.html,synthetic-shop.local,,,b8531a374be6ddd19ff78ee9f2fcbc56969c1b5aef5c179b0055952b6167f0d5,7878,7253,0,1608.0,4824.0,False
robustness,syn-0005__wrapper_insert__02,syn-0005__wrapper_insert__02.html,synthetic-shop.local,,,a133baaab301a9ceed989b6adb5211d4ba32da767f4397bdb8b112a1fe8e116c,8004,7379,0,1629.0,4887.0,False
robustness,syn-0005__wrapper_insert__03,syn-0005__wrapper_insert__03.html,synthetic-shop.local,,,d640992c21a0139c7c5215ded3ce856cde6d80615ef059d9a02ff75d17cbf81d,8522,7897,0,1715.3333333333333,5146.0,False
robustness,syn-0005__field_reorder__01,syn-0005__field_reorder__01.html,synthetic-shop.local,,,3dcdbe14ae0ba34f5097da05784f9d58f03964d8fcbdabc9665fd4da07414d76,7359,6734,0,1521.5,4564.5,False
robustness,syn-0005__field_reorder__02,syn-0005__field_reorder__02.html,synthetic-shop.local,,,b92f58df6fa48ce94c63d279e9c277febb26d2c12d60f7cbb7639b4480f7f082,7359,6734,0,1521.5,4564.5,False
robustness,syn-0005__subtree_relocate__01,syn-0005__subtree_relocate__01.html,synthetic-shop.local,,,4e431c15ac2dc39f81f45a5998cd8319eec69245bf53b39658a8877c0e82cd95,7922,7297,0,1615.3333333333333,4846.0,False
robustness,syn-0005__subtree_relocate__02,syn-0005__subtree_relocate__02.html,synthetic-shop.local,,,c78b66a199c43847a4c3e9a7c4b376d53ce092389554575e2cd99e7465c92f3b,7936,7311,0,1617.6666666666667,4853.0,False
robustness,syn-0006__class_rename__01,syn-0006__class_rename__01.html,synthetic-shop.local,,,6c379cb5f6d9fdd9924d33147779a1c594a99a3d9ec8bb5388a2569f6cdb1d22,6972,6020,0,1457.0,4371.0,False
robustness,syn-0006__class_rename__02,syn-0006__class_rename__02.html,synthetic-shop.local,,,a7b713bbf5e66e1981e46d924ca40d7e0557d3e1ac86eb70773e95965424a7ad,6972,6020,0,1457.0,4371.0,False
robustness,syn-0006__class_rename__03,syn-0006__class_rename__03.html,synthetic-shop.local,,,666def829196711fe266e0da351c3b8da1a236ea5162ec68128291ad15f7cda4,6972,6020,0,1457.0,4371.0,False
robustness,syn-0006__wrapper_insert__01,syn-0006__wrapper_insert__01.html,synthetic-shop.local,,,f5da07d1de2de3e02213d0dce1b69133e51d7b26f5e1d4f94506d4aedb9b361e,7920,6968,0,1615.0,4845.0,False
robustness,syn-0006__wrapper_insert__02,syn-0006__wrapper_insert__02.html,synthetic-shop.local,,,f5ceb27c4ccc8d489b80ae9a7edf2ace970fccdd32ee7de1855e0e3d64cb8404,8172,7220,0,1657.0,4971.0,False
robustness,syn-0006__wrapper_insert__03,syn-0006__wrapper_insert__03.html,synthetic-shop.local,,,74832e8c81383139f99bc6340bf8524af15d8864d2e0ca8d771434800d7e1901,9208,8256,0,1829.6666666666667,5489.0,False
robustness,syn-0006__field_reorder__01,syn-0006__field_reorder__01.html,synthetic-shop.local,,,7fca304ea40c22b1e3033f8cdb0164aa374028528c02186cdc7172ccd1fffb68,6883,5931,0,1442.1666666666667,4326.5,False
robustness,syn-0006__field_reorder__02,syn-0006__field_reorder__02.html,synthetic-shop.local,,,772bce8f0b4557207371cf037e8493c99afc806a7697c97aa54c66c6e425b731,6883,5931,0,1442.1666666666667,4326.5,False
robustness,syn-0006__subtree_relocate__01,syn-0006__subtree_relocate__01.html,synthetic-shop.local,,,06709cce80449804902a171f1f0f207667d077c2519a413fa07b3d71bfb7c895,8006,7054,0,1629.3333333333333,4888.0,False
robustness,syn-0006__subtree_relocate__02,syn-0006__subtree_relocate__02.html,synthetic-shop.local,,,96e3d1ca26a75de00dc7b9d7cb9d21286019637fdb84cf452ea4c4822213a5ad,8034,7082,0,1634.0,4902.0,False
robustness,syn-0007__class_rename__01,syn-0007__class_rename__01.html,synthetic-shop.local,,,3163390b280ff8e846078394c31e0ac8c79a8865056a569f96205dd350b68b6f,7252,6555,0,1503.6666666666667,4511.0,False
robustness,syn-0007__class_rename__02,syn-0007__class_rename__02.html,synthetic-shop.local,,,5652af0f615f2ff68cef2b4fb51f4add7289e37b84e2c6e7af0f7cee228f1059,7252,6555,0,1503.6666666666667,4511.0,False
robustness,syn-0007__class_rename__03,syn-0007__class_rename__03.html,synthetic-shop.local,,,84ab0ad7fe5295244e0dcf66c319cbae8c5af6628a42bfd126e51a8b8cbf87aa,7252,6555,0,1503.6666666666667,4511.0,False
robustness,syn-0007__wrapper_insert__01,syn-0007__wrapper_insert__01.html,synthetic-shop.local,,,6d1cc7de4d96bc1c6356994008b502500906699a78066347198817550a0abc08,7593,6896,0,1560.5,4681.5,False
robustness,syn-0007__wrapper_insert__02,syn-0007__wrapper_insert__02.html,synthetic-shop.local,,,6bb74711984192fb9086b3a53b77ad25410384cf2bed2cb215b19e096db36b29,7755,7058,0,1587.5,4762.5,False
robustness,syn-0007__wrapper_insert__03,syn-0007__wrapper_insert__03.html,synthetic-shop.local,,,5cb7a9c1efddbf512376c4236aa97f6e8bcfedccf5e18184699c18f47f70caba,8421,7724,0,1698.5,5095.5,False
robustness,syn-0007__field_reorder__01,syn-0007__field_reorder__01.html,synthetic-shop.local,,,803611bee1cdd84121d3a2b2c1e0c549cac6228d6cd1b24a8b93f759535aa993,6926,6229,0,1449.3333333333333,4348.0,False
robustness,syn-0007__field_reorder__02,syn-0007__field_reorder__02.html,synthetic-shop.local,,,573a19fd55438e288c21740303222b73e49a0a8e6ee1e7410e4cb26f58ba223b,6926,6229,0,1449.3333333333333,4348.0,False
robustness,syn-0007__subtree_relocate__01,syn-0007__subtree_relocate__01.html,synthetic-shop.local,,,ca2205263bd0654a51c188b8a4c24b736d0958594039bf585cfe4cf39647090c,7649,6952,0,1569.8333333333333,4709.5,False
robustness,syn-0007__subtree_relocate__02,syn-0007__subtree_relocate__02.html,synthetic-shop.local,,,e7d24c238554f12c82b85e4120d83d2fe82c7b884bb227922829e44faa323b4e,7667,6970,0,1572.8333333333333,4718.5,False
robustness,syn-0008__class_rename__01,syn-0008__class_rename__01.html,synthetic-shop.local,,,0a08b4c9289100dba8417dbc488933de1a2800c7ff14af9f415ffc7b5aecf2ef,11586,10186,0,2226.0,6678.0,False
robustness,syn-0008__class_rename__02,syn-0008__class_rename__02.html,synthetic-shop.local,,,f393d98f3c1c1560c2eb2721ae6792a9899ab0da2fb85445944a561a0a17ae1e,11586,10186,0,2226.0,6678.0,False
robustness,syn-0008__class_rename__03,syn-0008__class_rename__03.html,synthetic-shop.local,,,fd269df1459ddc92c0e182c7c85255f2b1f025ffbc151cd8c53c2e0685421788,11586,10186,0,2226.0,6678.0,False
robustness,syn-0008__wrapper_insert__01,syn-0008__wrapper_insert__01.html,synthetic-shop.local,,,07f4ee2809548edda1232e8afb4f57826f27cfd0b83701c40ce39ccb43cf3e24,12041,10641,0,2301.8333333333335,6905.5,False
robustness,syn-0008__wrapper_insert__02,syn-0008__wrapper_insert__02.html,synthetic-shop.local,,,de0a92ec03ea0072131929e646898f0c7dc5d39d69ed076961a433c202b60a44,12257,10857,0,2337.8333333333335,7013.5,False
robustness,syn-0008__wrapper_insert__03,syn-0008__wrapper_insert__03.html,synthetic-shop.local,,,c681055bd4a5c97e904403bc3e4c9adb2c697c49a3cf607c8c29ec005c6eebd6,13145,11745,0,2485.8333333333335,7457.5,False
robustness,syn-0008__field_reorder__01,syn-0008__field_reorder__01.html,synthetic-shop.local,,,b9ae6f4a4f6808fd509fea6dcfe2c05a755ca57bdd97d153259d16e1b10e3052,11152,9752,0,2153.6666666666665,6461.0,False
robustness,syn-0008__field_reorder__02,syn-0008__field_reorder__02.html,synthetic-shop.local,,,49f63a7f321d9afd510288e1b1d38d169a571c84540dbcd4296c8715c60ba904,11152,9752,0,2153.6666666666665,6461.0,False
robustness,syn-0008__subtree_relocate__01,syn-0008__subtree_relocate__01.html,synthetic-shop.local,,,e2f1d630e0cd21b299a91b7a9c6e76441717933da0865577f51eba3f76bfcdfc,12115,10715,0,2314.1666666666665,6942.5,False
robustness,syn-0008__subtree_relocate__02,syn-0008__subtree_relocate__02.html,synthetic-shop.local,,,b9e434f394c05193ce6b4c32b96d35b84b163e7033bbf19f20c6c8105109313b,12139,10739,0,2318.1666666666665,6954.5,False
robustness,syn-0009__class_rename__01,syn-0009__class_rename__01.html,synthetic-shop.local,,,262f11ef229434ee6f7b29c1cf9b8f01dd73ec58020c65510ef7611cdbfd5e7f,10750,9857,0,2086.6666666666665,6260.0,False
robustness,syn-0009__class_rename__02,syn-0009__class_rename__02.html,synthetic-shop.local,,,350d33b1688dff11506e5f9bbf2144084cbe82a0d516c7d3aefc51e6d88fe194,10750,9857,0,2086.6666666666665,6260.0,False
robustness,syn-0009__class_rename__03,syn-0009__class_rename__03.html,synthetic-shop.local,,,53d157038ccc516be1b42b293d8b51d33dffe0d849e14838d3f74197b5b20e96,10750,9857,0,2086.6666666666665,6260.0,False
robustness,syn-0009__wrapper_insert__01,syn-0009__wrapper_insert__01.html,synthetic-shop.local,,,169cb3e94730939255424bec91c41ec897642525e126a91b0d39a04c8ac3712d,10949,10056,0,2119.8333333333335,6359.5,False
robustness,syn-0009__wrapper_insert__02,syn-0009__wrapper_insert__02.html,synthetic-shop.local,,,d846555c249aad98701657d82ffc952dd2f78f0a19e6ec7ecfeac5c326ce1765,11129,10236,0,2149.8333333333335,6449.5,False
robustness,syn-0009__wrapper_insert__03,syn-0009__wrapper_insert__03.html,synthetic-shop.local,,,2f8b78de8d153ed3ca30085dc7b4f018a86f249ef9fdcf007498e6e8ae465abd,11869,10976,0,2273.1666666666665,6819.5,False
robustness,syn-0009__field_reorder__01,syn-0009__field_reorder__01.html,synthetic-shop.local,,,6f9b2c0ad2b16787408ec359e1195adec7683c3bc294e19082ba9f0c5f168893,10208,9315,0,1996.3333333333333,5989.0,False
robustness,syn-0009__field_reorder__02,syn-0009__field_reorder__02.html,synthetic-shop.local,,,6d774ed451a99abaaecf49c5071a1440aee46bbfc671bb1568c0aac9329986a3,10208,9315,0,1996.3333333333333,5989.0,False
robustness,syn-0009__subtree_relocate__01,syn-0009__subtree_relocate__01.html,synthetic-shop.local,,,e08b02a4863eb09296d8949ab74b83288bd3ac2d74d429e48877599a638dbb38,11011,10118,0,2130.1666666666665,6390.5,False
robustness,syn-0009__subtree_relocate__02,syn-0009__subtree_relocate__02.html,synthetic-shop.local,,,d277b46e7a3364100a26216e5cf0cec391d562f25ad889720121b01c063ad9c8,11031,10138,0,2133.5,6400.5,False
robustness,syn-0010__class_rename__01,syn-0010__class_rename__01.html,synthetic-shop.local,,,dacffa786ac975df7fc5a84d95c67e3f79fa172893964bc1c8b1d1ec8148b3f5,22275,20882,0,4007.5,12022.5,False
robustness,syn-0010__class_rename__02,syn-0010__class_rename__02.html,synthetic-shop.local,,,18296d00255d45e8fd766563fe7283ecbf4b78d8b7c1b3f01969513fdbf64cf8,22275,20882,0,4007.5,12022.5,False
robustness,syn-0010__class_rename__03,syn-0010__class_rename__03.html,synthetic-shop.local,,,be9fd194276cc51a0f922015ef5997bb93b849ceedcee4f5eb27f6397a5fdda0,22275,20882,0,4007.5,12022.5,False
robustness,syn-0010__wrapper_insert__01,syn-0010__wrapper_insert__01.html,synthetic-shop.local,,,7534598156ecc62fd0179d6f5704be8fe65a9fe3b2a89298adc133b05b891e80,22494,21101,0,4044.0,12132.0,False
robustness,syn-0010__wrapper_insert__02,syn-0010__wrapper_insert__02.html,synthetic-shop.local,,,8e409cf52a54b4c4410223a7311d7a9d2b1a829ed6c5fb3a9b7900851185ba12,22692,21299,0,4077.0,12231.0,False
robustness,syn-0010__wrapper_insert__03,syn-0010__wrapper_insert__03.html,synthetic-shop.local,,,f2c1de514ddbc3f6aa6dd84eff476084e954ffaa6d551c85bb5e79f14e360a20,23506,22113,0,4212.666666666667,12638.0,False
robustness,syn-0010__field_reorder__01,syn-0010__field_reorder__01.html,synthetic-shop.local,,,f637348f3f32974987f66d644ceac2ab191d063d2a169a2d8cb2280736c24f5d,21679,20286,0,3908.1666666666665,11724.5,False
robustness,syn-0010__field_reorder__02,syn-0010__field_reorder__02.html,synthetic-shop.local,,,5a6224b99cfc54b8a26fc9316db86bf9dc433065fc9dee3b4ccdc8aae30e25e8,21679,20286,0,3908.1666666666665,11724.5,False
robustness,syn-0010__subtree_relocate__01,syn-0010__subtree_relocate__01.html,synthetic-shop.local,,,b0a5deb930ea9690ffb4c4c5b567dda207ffbfac0a6d1bb3c36553900bc7255a,22562,21169,0,4055.3333333333335,12166.0,False
robustness,syn-0010__subtree_relocate__02,syn-0010__subtree_relocate__02.html,synthetic-shop.local,,,f2ddda58a926b902aef0b64acc87384f6f1473a01c392d3c96822cb8d79abfa9,22584,21191,0,4059.0,12177.0,False
robustness,syn-0011__class_rename__01,syn-0011__class_rename__01.html,synthetic-shop.local,,,b064e2ec72df517854931d33775af7f4816453d8adc7afc33f53c25b90cf4c9e,23506,21450,0,4212.666666666667,12638.0,False
robustness,syn-0011__class_rename__02,syn-0011__class_rename__02.html,synthetic-shop.local,,,60381767259f00052ee057cfa0b2ed896cd47b13e87fedd3803b194da854cea1,23506,21450,0,4212.666666666667,12638.0,False
robustness,syn-0011__class_rename__03,syn-0011__class_rename__03.html,synthetic-shop.local,,,489b7826378c4d73dc567689c6c8a42a17b59cba615cef31b54439ce235891a7,23506,21450,0,4212.666666666667,12638.0,False
robustness,syn-0011__wrapper_insert__01,syn-0011__wrapper_insert__01.html,synthetic-shop.local,,,2e371012fe4b3a3aa503acd5e233245202e0f14defb8c31a251c56ba3c687352,24075,22019,0,4307.5,12922.5,False
robustness,syn-0011__wrapper_insert__02,syn-0011__wrapper_insert__02.html,synthetic-shop.local,,,47186f80de9539434bae440ccb780093093f4b933fbddec3d86e08a9117badab,24345,22289,0,4352.5,13057.5,False
robustness,syn-0011__wrapper_insert__03,syn-0011__wrapper_insert__03.html,synthetic-shop.local,,,4cc6c2c2e2a6facf5329e92c41c94104422817cdb0054a03625b1da576c1b06d,25455,23399,0,4537.5,13612.5,False
robustness,syn-0011__field_reorder__01,syn-0011__field_reorder__01.html,synthetic-shop.local,,,ede863eb3f3d36fce43ce97adcc7a43d3ebf6178e736ccd57b761694041ff4f6,22964,20908,0,4122.333333333333,12367.0,False
robustness,syn-0011__field_reorder__02,syn-0011__field_reorder__02.html,synthetic-shop.local,,,fd3f4225873a1d9160e6834e6d9ee87f726e4399328f655d6481aa8d1c0ac605,22964,20908,0,4122.333333333333,12367.0,False
robustness,syn-0011__subtree_relocate__01,syn-0011__subtree_relocate__01.html,synthetic-shop.local,,,f3b660b0ff9df331da45e50a18a4fda9ba82f27bc3b223c3748c5c82ea65c5da,24167,22111,0,4322.833333333333,12968.5,False
robustness,syn-0011__subtree_relocate__02,syn-0011__subtree_relocate__02.html,synthetic-shop.local,,,d12bf5311b2e07358f77a930b6420601640eee3927c4674eb5964d0dfde9205d,24197,22141,0,4327.833333333333,12983.5,False
robustness,syn-0012__class_rename__01,syn-0012__class_rename__01.html,synthetic-shop.local,,,902f25a271810dfc382b1145914cd5b36f8336ddfa2f5dec7dcaea5397801068,6114,5584,0,1314.0,3942.0,False
robustness,syn-0012__class_rename__02,syn-0012__class_rename__02.html,synthetic-shop.local,,,83aef58b8f5b9382109b2e80e1d1d4c6dc6e3c0ff57fc7ae639592f10d33e350,6114,5584,0,1314.0,3942.0,False
robustness,syn-0012__class_rename__03,syn-0012__class_rename__03.html,synthetic-shop.local,,,b38652f47376f14d8e84c9a1fb0a56f4962fdaec9a9af47810060147143021dd,6114,5584,0,1314.0,3942.0,False
robustness,syn-0012__wrapper_insert__01,syn-0012__wrapper_insert__01.html,synthetic-shop.local,,,b525539b8dd0c64b132133728df122819af194356f71eb2b147ffa92621fe1be,6341,5811,0,1351.8333333333333,4055.5,False
robustness,syn-0012__wrapper_insert__02,syn-0012__wrapper_insert__02.html,synthetic-shop.local,,,8fb5a8cc383752b8760e664efedf66ce833a67b2aac49b198bf70b4b2c27ae77,6449,5919,0,1369.8333333333333,4109.5,False
robustness,syn-0012__wrapper_insert__03,syn-0012__wrapper_insert__03.html,synthetic-shop.local,,,bd5562a8154fc8a6bd13e25bd3d3be389a2ae93b79d474018ca5cf2d8f253850,6893,6363,0,1443.8333333333333,4331.5,False
robustness,syn-0012__field_reorder__01,syn-0012__field_reorder__01.html,synthetic-shop.local,,,806e13a85fcee7677974fc0c688822f380068a1300c78fb374c6ab379d6be2fe,5896,5366,0,1277.6666666666667,3833.0,False
robustness,syn-0012__field_reorder__02,syn-0012__field_reorder__02.html,synthetic-shop.local,,,c62b7d380e37b1de46ed7efa9b3fcfa72ad960c6130f07d6008cf98e80f70fb3,5896,5366,0,1277.6666666666667,3833.0,False
robustness,syn-0012__subtree_relocate__01,syn-0012__subtree_relocate__01.html,synthetic-shop.local,,,340038ca1d2f594879169b30c24be98dd15c969f359ec061db72e58d628badc2,6379,5849,0,1358.1666666666667,4074.5,False
robustness,syn-0012__subtree_relocate__02,syn-0012__subtree_relocate__02.html,synthetic-shop.local,,,efec20a3048eaf4f38abe940f35199152f62427fb0c2fcc9bae9177edc54fd15,6391,5861,0,1360.1666666666667,4080.5,False
robustness,syn-0013__class_rename__01,syn-0013__class_rename__01.html,synthetic-shop.local,,,639cde8cd532827ceb4f97c5acf0d97d65a875549f037e9163f0f1da97887841,10367,9233,0,2022.8333333333333,6068.5,False
robustness,syn-0013__class_rename__02,syn-0013__class_rename__02.html,synthetic-shop.local,,,c26d602106edac44b0c33b527d0b9e9762baf2d0d887adcd88e5be817c537445,10367,9233,0,2022.8333333333333,6068.5,False
robustness,syn-0013__class_rename__03,syn-0013__class_rename__03.html,synthetic-shop.local,,,9d2c0c6730ec0d48a6ab8ee145031c5ad79c662552dca04c4e4cdefbd988b5b8,10367,9233,0,2022.8333333333333,6068.5,False
robustness,syn-0013__wrapper_insert__01,syn-0013__wrapper_insert__01.html,synthetic-shop.local,,,2c86afe59a36c71fa7c8b5b1f38e70a33729f5b3be72a4bb02f044621ed38fc8,10860,9726,0,2105.0,6315.0,False
robustness,syn-0013__wrapper_insert__02,syn-0013__wrapper_insert__02.html,synthetic-shop.local,,,1119f9b7aba75b878530be0d1416c166ead8b7918f9840760447c0108bee4be6,11094,9960,0,2144.0,6432.0,False
robustness,syn-0013__wrapper_insert__03,syn-0013__wrapper_insert__03.html,synthetic-shop.local,,,360f3a198d3e24c36ab61e1315eca8171e1a93634c31083a0c088cbb720dc5dc,12056,10922,0,2304.3333333333335,6913.0,False
robustness,syn-0013__field_reorder__01,syn-0013__field_reorder__01.html,synthetic-shop.local,,,a4fc785f6b2b0b3ebd8fe3532e797493cf2fabc289ded91b4948601b4dcf16e0,9897,8763,0,1944.5,5833.5,False
robustness,syn-0013__field_reorder__02,syn-0013__field_reorder__02.html,synthetic-shop.local,,,7dd1e62b6d463b4e2e3ed912957993dee3698723427e4fb03fdd59eb12b77a76,9897,8763,0,1944.5,5833.5,False
robustness,syn-0013__subtree_relocate__01,syn-0013__subtree_relocate__01.html,synthetic-shop.local,,,5153b66f5a5acab9387dd30fdb8b876a7c27a4e34dd18ce7c5b9cfb6d8acc10f,10940,9806,0,2118.3333333333335,6355.0,False
robustness,syn-0013__subtree_relocate__02,syn-0013__subtree_relocate__02.html,synthetic-shop.local,,,9af97bd64acf409d013c668e23c655312a4c559a77422dde5e74fdef1263b540,10966,9832,0,2122.6666666666665,6368.0,False
robustness,syn-0014__class_rename__01,syn-0014__class_rename__01.html,synthetic-shop.local,,,fd20c5a25a00b590e18adfcf951e56fa7bd6261e30f96e27dda22bb2bbafe0d7,11185,9930,0,2159.1666666666665,6477.5,False
robustness,syn-0014__class_rename__02,syn-0014__class_rename__02.html,synthetic-shop.local,,,88a8cb349f583d64a902f4b2fff415d594ef1a069517c89ba84f24bf8223fb80,11185,9930,0,2159.1666666666665,6477.5,False
robustness,syn-0014__class_rename__03,syn-0014__class_rename__03.html,synthetic-shop.local,,,4e3f54dce5d30873235beaf2e0a29ea8e1572e2c760152dc0f4f84b6621d75ea,11185,9930,0,2159.1666666666665,6477.5,False
robustness,syn-0014__wrapper_insert__01,syn-0014__wrapper_insert__01.html,synthetic-shop.local,,,7db70118bc77cd7eb881c8229f5b6e2453920d3f1efbf84d005c7774aceb57f0,11488,10233,0,2209.6666666666665,6629.0,False
robustness,syn-0014__wrapper_insert__02,syn-0014__wrapper_insert__02.html,synthetic-shop.local,,,53510edb023195353917f600890b8ba9ab5cda5b36845cdbfed2b8e6fd5bd16b,11632,10377,0,2233.6666666666665,6701.0,False
robustness,syn-0014__wrapper_insert__03,syn-0014__wrapper_insert__03.html,synthetic-shop.local,,,6baf153273c0734cd6ee773066ef3187926d2e3f7ecd1dfefc9db12cfdb07c97,12224,10969,0,2332.3333333333335,6997.0,False
robustness,syn-0014__field_reorder__01,syn-0014__field_reorder__01.html,synthetic-shop.local,,,1080348afd98e01bd3f424d45b4759e18d1cdd2d83db2f0109bc72d920a584c5,10895,9640,0,2110.8333333333335,6332.5,False
robustness,syn-0014__field_reorder__02,syn-0014__field_reorder__02.html,synthetic-shop.local,,,c629087974d9769a9f30ccf5c6f1e2147b80cace74d92dd457cdeca09396ceac,10895,9640,0,2110.8333333333335,6332.5,False
robustness,syn-0014__subtree_relocate__01,syn-0014__subtree_relocate__01.html,synthetic-shop.local,,,b1c95a3804ae8ba8e877cba15172b6fe655ba063a2c5a6d4d8fa756f6084ec32,11538,10283,0,2218.0,6654.0,False
robustness,syn-0014__subtree_relocate__02,syn-0014__subtree_relocate__02.html,synthetic-shop.local,,,4f5f66f13c359bdf48d1379dff2d70e1af38000b6829b2dfbbb3769b48874615,11554,10299,0,2220.6666666666665,6662.0,False
robustness,syn-0015__class_rename__01,syn-0015__class_rename__01.html,synthetic-shop.local,,,fba4f074aa205c7c9056cc02ff004374f0ad87c01fc1c5871c581e00948d162f,15009,13764,0,2796.5,8389.5,False
robustness,syn-0015__class_rename__02,syn-0015__class_rename__02.html,synthetic-shop.local,,,8fa8a1799d7d16d80454545151bd9baa33578b33a241503a64719dba9c65b5cb,15009,13764,0,2796.5,8389.5,False
robustness,syn-0015__class_rename__03,syn-0015__class_rename__03.html,synthetic-shop.local,,,295d806a81177a3d253fe95144b304efbb2754997ddff2524760e874319a2b42,15009,13764,0,2796.5,8389.5,False
robustness,syn-0015__wrapper_insert__01,syn-0015__wrapper_insert__01.html,synthetic-shop.local,,,602e0d3bc46c03ba7e2070bba74c9190cac0cfaaacc566b4544b197492c8fa0d,15285,14040,0,2842.5,8527.5,False
robustness,syn-0015__wrapper_insert__02,syn-0015__wrapper_insert__02.html,synthetic-shop.local,,,32959d51b3f8aee5af27ee9daae6a4effae83bcda1afe575e7a59e4ce72f3356,15537,14292,0,2884.5,8653.5,False
robustness,syn-0015__wrapper_insert__03,syn-0015__wrapper_insert__03.html,synthetic-shop.local,,,2b12a3bb6a2d5aa9d253af8ebce1d1854beb7e38ed650976cc7b1b155087cec3,16573,15328,0,3057.1666666666665,9171.5,False
robustness,syn-0015__field_reorder__01,syn-0015__field_reorder__01.html,synthetic-shop.local,,,518b44dd56e24e787d78727e3ab0702c684d42c5f4f71f16dcfcc945d1699f48,14248,13003,0,2669.6666666666665,8009.0,False
robustness,syn-0015__field_reorder__02,syn-0015__field_reorder__02.html,synthetic-shop.local,,,278eea903dbfb54df6c7a55ee68235d9fec241c76c63276f6655377425af91a8,14248,13003,0,2669.6666666666665,8009.0,False
robustness,syn-0015__subtree_relocate__01,syn-0015__subtree_relocate__01.html,synthetic-shop.local,,,e5afdd68bedef00ad5d16998b885dd861dfa4d012fdf52aa435b4f0f27742e46,15371,14126,0,2856.8333333333335,8570.5,False
robustness,syn-0015__subtree_relocate__02,syn-0015__subtree_relocate__02.html,synthetic-shop.local,,,2c6b748d2a1785dc53d40bfab1e3b240c2173205597e673dbb451e2662d6698b,15399,14154,0,2861.5,8584.5,False
robustness,syn-0016__class_rename__01,syn-0016__class_rename__01.html,synthetic-shop.local,,,131cc4b646841dd12dc0451d7c4bf4be0011d80c7b14f54ff9101110625be082,3760,3285,0,921.6666666666666,2765.0,False
robustness,syn-0016__class_rename__02,syn-0016__class_rename__02.html,synthetic-shop.local,,,9bd8adeecd4422487fa502d10fd2de65a90f54e26615f3a95bde0d5fb9dd3279,3760,3285,0,921.6666666666666,2765.0,False
robustness,syn-0016__class_rename__03,syn-0016__class_rename__03.html,synthetic-shop.local,,,3ac38fbac2dc445bc09915a00df2a53582c449db8d689a32acad3ddf1a5df8ba,3760,3285,0,921.6666666666666,2765.0,False
robustness,syn-0016__wrapper_insert__01,syn-0016__wrapper_insert__01.html,synthetic-shop.local,,,badc820dea4f03930f2c99736833741c57eb48f1e25bb656b553c14205e57e53,4232,3757,0,1000.3333333333334,3001.0,False
robustness,syn-0016__wrapper_insert__02,syn-0016__wrapper_insert__02.html,synthetic-shop.local,,,11cf35a43b48a65aacbea86554babcbcd65181179708021597368ede39cc0b4c,4358,3883,0,1021.3333333333334,3064.0,False
robustness,syn-0016__wrapper_insert__03,syn-0016__wrapper_insert__03.html,synthetic-shop.local,,,10fe76cbd1b04354adce6c06eae7402fbfb1fe13726abfde667e292661720ace,4876,4401,0,1107.6666666666667,3323.0,False
robustness,syn-0016__field_reorder__01,syn-0016__field_reorder__01.html,synthetic-shop.local,,,6aaaa34afea987ff2892a283fdcf55027100a705398dd66992d3b3af33ae7b62,3713,3238,0,913.8333333333334,2741.5,False
robustness,syn-0016__field_reorder__02,syn-0016__field_reorder__02.html,synthetic-shop.local,,,aeb2ad5c552b0cc853efcba96f01116bef3556561949d5e6700d1df609a725e1,3713,3238,0,913.8333333333334,2741.5,False
robustness,syn-0016__subtree_relocate__01,syn-0016__subtree_relocate__01.html,synthetic-shop.local,,,3ebdef55f3ab6816407fe85ee33d5bde8cc37732305f7a9f962b89f84f274abb,4276,3801,0,1007.6666666666666,3023.0,False
robustness,syn-0016__subtree_relocate__02,syn-0016__subtree_relocate__02.html,synthetic-shop.local,,,a176c1a4d6cc92607d05a9443d289ce2fa7af38e86a5c8c6b285ec2781b36723,4290,3815,0,1010.0,3030.0,False
robustness,syn-0017__class_rename__01,syn-0017__class_rename__01.html,synthetic-shop.local,,,1fbe79002090b831040a66ad6c10460b86b55b3062ab818bb1abeaa4d10c2fed,9526,8605,0,1882.6666666666667,5648.0,False
robustness,syn-0017__class_rename__02,syn-0017__class_rename__02.html,synthetic-shop.local,,,7f36d2f7e9d3d71603dd64cd9d6031a5ebc0ea02a91ffa7a3622512bdd8aa6bc,9526,8605,0,1882.6666666666667,5648.0,False
robustness,syn-0017__class_rename__03,syn-0017__class_rename__03.html,synthetic-shop.local,,,d808cf6c5a65b5b98bca86000c09fb74814ddd23eabe7b441ec138ab2ffe641f,9526,8605,0,1882.6666666666667,5648.0,False
robustness,syn-0017__wrapper_insert__01,syn-0017__wrapper_insert__01.html,synthetic-shop.local,,,578d5f2c3087e824e92725f1cf43dc754007724d4b8128a0c5fa73343fdfad32,9981,9060,0,1958.5,5875.5,False
robustness,syn-0017__wrapper_insert__02,syn-0017__wrapper_insert__02.html,synthetic-shop.local,,,5519343bc486a8183b94075beabba250d841bf9cf25153926f26e35d42a5946b,10197,9276,0,1994.5,5983.5,False
robustness,syn-0017__wrapper_insert__03,syn-0017__wrapper_insert__03.html,synthetic-shop.local,,,80ea26797c4f07a3dd2a0434c18d10a3e373170e946d73b71f4e58a28de62060,11085,10164,0,2142.5,6427.5,False
robustness,syn-0017__field_reorder__01,syn-0017__field_reorder__01.html,synthetic-shop.local,,,466b531abd520fd0865c051c4069e46e58e1288bcd0c7569450810657af433db,9092,8171,0,1810.3333333333333,5431.0,False
robustness,syn-0017__field_reorder__02,syn-0017__field_reorder__02.html,synthetic-shop.local,,,54087b61d874b6792e61c0fd759a81d9ebb587a7cf1531b266703e27a0c5a77f,9092,8171,0,1810.3333333333333,5431.0,False
robustness,syn-0017__subtree_relocate__01,syn-0017__subtree_relocate__01.html,synthetic-shop.local,,,1bfedbd8f752243e83347cc9b093015c85a40550d84736f00c2853bf4410debd,10055,9134,0,1970.8333333333333,5912.5,False
robustness,syn-0017__subtree_relocate__02,syn-0017__subtree_relocate__02.html,synthetic-shop.local,,,d8c2716cc74f137bb77c9cfc9017adc9d06c093e8493c66f8f9d84ba05331adc,10079,9158,0,1974.8333333333333,5924.5,False
robustness,syn-0018__class_rename__01,syn-0018__class_rename__01.html,synthetic-shop.local,,,fd34a016d21f4f014d6cb90ccca49ed811629918d44046d341609ef12f42dc94,8872,7836,0,1773.6666666666667,5321.0,False
robustness,syn-0018__class_rename__02,syn-0018__class_rename__02.html,synthetic-shop.local,,,495278fc618fcf1fbfb8cd4d055f5a25d20dc8398b3090704e9b4a99b9746fbc,8872,7836,0,1773.6666666666667,5321.0,False
robustness,syn-0018__class_rename__03,syn-0018__class_rename__03.html,synthetic-shop.local,,,9c17ef284d58c197c92af49a392e8bbc9d7eb25508b8e7b95c059209bdaf010e,8872,7836,0,1773.6666666666667,5321.0,False
robustness,syn-0018__wrapper_insert__01,syn-0018__wrapper_insert__01.html,synthetic-shop.local,,,dd45725e2f35d2a7c0cf792de965d829173f0eace13e37df97472e601fa4c786,9213,8177,0,1830.5,5491.5,False
robustness,syn-0018__wrapper_insert__02,syn-0018__wrapper_insert__02.html,synthetic-shop.local,,,06978b2bee1207b3a28fc47e01cb96ee6ce39664b8e525c4eb500e11c958c90b,9375,8339,0,1857.5,5572.5,False
robustness,syn-0018__wrapper_insert__03,syn-0018__wrapper_insert__03.html,synthetic-shop.local,,,cf2161d03f69f323d85c1a1961be1ad06882a160ce5ced31be84b8645be4ee62,10041,9005,0,1968.5,5905.5,False
robustness,syn-0018__field_reorder__01,syn-0018__field_reorder__01.html,synthetic-shop.local,,,809e5ea2b9c41d1334c52406fc030f91b5a564f1e60180ed71266bb16b9073e3,8546,7510,0,1719.3333333333333,5158.0,False
robustness,syn-0018__field_reorder__02,syn-0018__field_reorder__02.html,synthetic-shop.local,,,8628c137d38a132ba7bec3bd959af11c3344817ad5c100f6d34db52d28624aa0,8546,7510,0,1719.3333333333333,5158.0,False
robustness,syn-0018__subtree_relocate__01,syn-0018__subtree_relocate__01.html,synthetic-shop.local,,,0570ff2ba3d724e2f0aba760fd3e041b655778ff049ce282237e4e8042cadccd,9269,8233,0,1839.8333333333333,5519.5,False
robustness,syn-0018__subtree_relocate__02,syn-0018__subtree_relocate__02.html,synthetic-shop.local,,,7e748bb3344cf9899f93bd50b3985789fec559883589675e4f92449f4cb41cd0,9287,8251,0,1842.8333333333333,5528.5,False
robustness,syn-0019__class_rename__01,syn-0019__class_rename__01.html,synthetic-shop.local,,,d642f0b82b4b1c67a0e329370f650c0f559aef23963dad59e48a4e223bace835,12092,10922,0,2310.3333333333335,6931.0,False
robustness,syn-0019__class_rename__02,syn-0019__class_rename__02.html,synthetic-shop.local,,,0fd15c9f4ced06e2aa460032d9313745d3b66bc00e6d03560982801693e31dff,12092,10922,0,2310.3333333333335,6931.0,False
robustness,syn-0019__class_rename__03,syn-0019__class_rename__03.html,synthetic-shop.local,,,50513b73018f05979fd913f8f1abd327cef7535c7ae58e3520c28b35139ca593,12092,10922,0,2310.3333333333335,6931.0,False
robustness,syn-0019__wrapper_insert__01,syn-0019__wrapper_insert__01.html,synthetic-shop.local,,,40e4fe9a0dea3141efb83ae03e9a1fe9c4187839e46b8d93629eec9020a9388d,12311,11141,0,2346.8333333333335,7040.5,False
robustness,syn-0019__wrapper_insert__02,syn-0019__wrapper_insert__02.html,synthetic-shop.local,,,b2e127cd52eeefb80161572927dcb0ad967f2c8b337b6ff4fb9786b0966b8827,12509,11339,0,2379.8333333333335,7139.5,False
robustness,syn-0019__wrapper_insert__03,syn-0019__wrapper_insert__03.html,synthetic-shop.local,,,0b060f6dbe7bdb2850e68e06f702c54d0add274cf75698dbd8a0f6dc439121d8,13323,12153,0,2515.5,7546.5,False
robustness,syn-0019__field_reorder__01,syn-0019__field_reorder__01.html,synthetic-shop.local,,,707ca3d7c4647db8f157f65995a3097405151ebc9e723ae6ee49915c9439a46f,11496,10326,0,2211.0,6633.0,False
robustness,syn-0019__field_reorder__02,syn-0019__field_reorder__02.html,synthetic-shop.local,,,038dbb40e0fd63c5861ceae4884cff1d0f5bebeba0ce6a5deffe53a72a7ac90b,11496,10326,0,2211.0,6633.0,False
robustness,syn-0019__subtree_relocate__01,syn-0019__subtree_relocate__01.html,synthetic-shop.local,,,5068fb0b0c19136557a18ad52ff27ba383bad4c41e9a6b13877cb1c869da369d,12379,11209,0,2358.1666666666665,7074.5,False
robustness,syn-0019__subtree_relocate__02,syn-0019__subtree_relocate__02.html,synthetic-shop.local,,,1380fa25a9da51fed1ba0e1b894f5864474b57fdecb3d1d70f0919d371196b76,12401,11231,0,2361.8333333333335,7085.5,False
robustness,syn-0020__class_rename__01,syn-0020__class_rename__01.html,synthetic-shop.local,,,80d25629cc030dac0657c1d9ce23c36b9455851ffbbf7fcfd61934039d51b1f6,20958,19331,0,3788.0,11364.0,False
robustness,syn-0020__class_rename__02,syn-0020__class_rename__02.html,synthetic-shop.local,,,f91112d05317915be7409d9a6d76289102612c5bedfa302f9125565de125840e,20958,19331,0,3788.0,11364.0,False
robustness,syn-0020__class_rename__03,syn-0020__class_rename__03.html,synthetic-shop.local,,,11d162f04cb5d363703d98d79077c0ac11494aa28c41abc5edb462da8a4bbd10,20958,19331,0,3788.0,11364.0,False
robustness,syn-0020__wrapper_insert__01,syn-0020__wrapper_insert__01.html,synthetic-shop.local,,,3506567207377b2c311af29565a02051624e48191a2e1df007529911117379b0,21157,19530,0,3821.1666666666665,11463.5,False
robustness,syn-0020__wrapper_insert__02,syn-0020__wrapper_insert__02.html,synthetic-shop.local,,,f057e0e5a330b2d219f31089172c12d1d0137de6a435d8c7bbd4f242d0677a41,21337,19710,0,3851.1666666666665,11553.5,False
robustness,syn-0020__wrapper_insert__03,syn-0020__wrapper_insert__03.html,synthetic-shop.local,,,53abc16411b6aa92ba0441dac0c184354f968fccbbcd8a221cd6bfda6cc1759b,22077,20450,0,3974.5,11923.5,False
robustness,syn-0020__field_reorder__01,syn-0020__field_reorder__01.html,synthetic-shop.local,,,4b137303e51597ef9c45e96baa2f6469b0c2bbe6b2aa79a178a96aa85f6493f7,20416,18789,0,3697.6666666666665,11093.0,False
robustness,syn-0020__field_reorder__02,syn-0020__field_reorder__02.html,synthetic-shop.local,,,eae33fc02e8fb927a8fb5982dfddc5556fd1ecd951bbb083bfd51f69dc1ee5fa,20416,18789,0,3697.6666666666665,11093.0,False
robustness,syn-0020__subtree_relocate__01,syn-0020__subtree_relocate__01.html,synthetic-shop.local,,,c76558f9e2661cc6a71260f3e139b8963953cd42a9090e4261c5437a2c3d863b,21219,19592,0,3831.5,11494.5,False
robustness,syn-0020__subtree_relocate__02,syn-0020__subtree_relocate__02.html,synthetic-shop.local,,,a7a111ef3fb79ecdbe0ddde4e838db0524788128e5d550b7fe67c2cfff5f51ac,21239,19612,0,3834.8333333333335,11504.5,False
