dataset,page_id,html_key,html_sha256,skip_reason,ax_available,screenshot_available
synthetic,syn-0001,syn-0001.html,2d4bdcdb4963e720995958dc786d3e224b8a64be58fa44a8fd74fba27415435a,,False,False
synthetic,syn-0002,syn-0002.html,a39bcf301c232227a02a6e20995e9ffaecc142b03873da3757c52115ad7ee6c5,,False,False
synthetic,syn-0003,syn-0003.html,6d6ec5b9b3699f55416d31d83e697dcbb666923331b40e689d78bd1e7683f851,,False,False
synthetic,syn-0004,syn-0004.html,d20b46b9f7be422a2aabd626e1c2f9cdf1be0fc7aa871002fac4f2f9ea32ae83,,False,False
synthetic,syn-0005,syn-0005.html,bb672f6bd3b95803a813d4c08f80212df2ec968dcc732f2b08d9a5087510aeb9,,False,False
synthetic,syn-0006,syn-0006.html,f87f133a29b1b6e889cea9bcf82116157bb3c226a0fd0ad8c1d065bcc9175c45,,False,False
synthetic,syn-0007,syn-0007.html,a9c1a50a5dd52caa17ff9928e5ffee0ca83a95a149f3f63eb130c5dbee1964a0,,False,False
synthetic,syn-0008,syn-0008.html,53f2ef720158e326c4f2392d1093d55dba8197d42c99b73054f84495977ae35c,,False,False
synthetic,syn-0009,syn-0009.html,bc815a27f76fa64759808dd32a941f000681dab58b9b5d972853d82ebb48d1ad,,False,False
synthetic,syn-0010,syn-0010.html,bfcbb14602e7c105122610f1a3fc6350277a154800b841565c8411afd61012e0,,False,False
synthetic,syn-0011,syn-0011.html,7aafe5fc640d6267c54476ff6e182446ccc95f330bc6e2d02e5d86319cd37f47,,False,False
synthetic,syn-0012,syn-0012.html,bdee06f39b8b2d8b513b2dcd1a90888034095c435cf8ece5eabad99896bfed3f,,False,False
synthetic,syn-0013,syn-0013.html,6c6e1e6725fa02a944a5e9ba1aedc3602a00823b7cd1619a4262bfb60f21d56c,,False,False
synthetic,syn-0014,syn-0014.html,24fb24963b487d08d62502f6c5d50b04b17ecd28414569d077f308c860a8207e,,False,False
synthetic,syn-0015,syn-0015.html,f8aad12df10b3434b07835ecd10c22108a74873318c492ae7149d0a0940c61d9,,False,False
synthetic,syn-0016,syn-0016.html,ec5fc711049a5db88b9ea00d7330526dcd35c58928f78132d1ccedc473a0feeb,,False,False
synthetic,syn-0017,syn-0017.html,4a3ba36f2c7f8a9341d165d0a9d7fa51d62cd758ecfc290949078c92784be346,,False,False
synthetic,syn-0018,syn-0018.html,92e3ab94d9b9a7bf76ed063c6b6884aa72f7896b1a442bcf9f0ae6c3ae61fc9e,,False,False
synthetic,syn-0019,syn-0019.html,28b4bc693ea1e513b64aac361b8749b1836f5fd6d8ea62525f4691d75b392a31,,False,False
synthetic,syn-0020,syn-0020.html,36a8824df8186ed156e93a595c7372a2c810d12b4fd1a20b719ee475dc6927a1,,False,False
robustness,syn-0001__class_rename__01,syn-0001__class_rename__01.html,75e0c634cc454cc47bf37d23172b9b69d9173e4d0240d215e179de24bde29688,,False,False
robustness,syn-0001__class_rename__02,syn-0001__class_rename__02.html,b0da94e9411c1702ec1eaecdd98f6bb1f3e779d69f212107bf18c981b1d61e21,,False,False
robustness,syn-0001__class_rename__03,syn-0001__class_rename__03.html,f3a1adb7447a6298d04985df8fae7b77642e0a0843cf92d68b76ce05ccf51ef8,,False,False
robustness,syn-0001__wrapper_insert__01,syn-0001__wrapper_insert__01.html,2635277de600e8e66914033a7a352d2c84dd83bfd011537aaa25ae120bb1a3bc,,False,False
robustness,syn-0001__wrapper_insert__02,syn-0001__wrapper_insert__02.html,775e882b43275a8dc7d939b2ef475a6f64a1964a59595f5a90b682d810e84540,,False,False
robustness,syn-0001__wrapper_insert__03,syn-0001__wrapper_insert__03.html,72ba70a6e00ff1815cabb5dbf481a4f18b0f70a057028da342b106f04cc035ea,,False,False
robustness,syn-0001__field_reorder__01,syn-0001__field_reorder__01.html,753159d2afc928e988b2b04e0ea5b5379993402d3861b96db54945c8114f9c1e,,False,False
robustness,syn-0001__field_reorder__02,syn-0001__field_reorder__02.html,04e9e757151f308ad912a1fc913dc344ade1a1c97afb83abc8396daa0f162b33,,False,False
robustness,syn-0001__subtree_relocate__01,syn-0001__subtree_relocate__01.html,466f7ab40e9e95898d4ab4a819bf534d666c92a57f2ea7f6dfad5610cd0aa961,,False,False
robustness,syn-0001__subtree_relocate__02,syn-0001__subtree_relocate__02.html,01c957de2eed2f313d56a66d2a03c8870d71ae898441471806bab51dc10ac892,,False,False
robustness,syn-0002__class_rename__01,syn-0002__class_rename__01.html,8c34d9d30b886a3d1737568f289cfcfa0337c134c8303a567ac88f57669086e8,,False,False
robustness,syn-0002__class_rename__02,syn-0002__class_rename__02.html,9ec152f37f4b708583ad4ac53b9ec8b72baf228f179d35b197e9b012d49b2585,,False,False
robustness,syn-0002__class_rename__03,syn-0002__class_rename__03.html,533bf3a063aafe3094eab93ca5c3c691b8f16776517142ac38f599e9b4f4c1c7,,False,False
robustness,syn-0002__wrapper_insert__01,syn-0002__wrapper_insert__01.html,237f06b413f1c805d1c48337bfe356e093aaa150f2a04b6b3e84d5d8704905ff,,False,False
robustness,syn-0002__wrapper_insert__02,syn-0002__wrapper_insert__02.html,df1a3f054d3d2abb5b416792164ad17f8f79ae1f7f2418e0021da4f41f92e5e4,,False,False
robustness,syn-0002__wrapper_insert__03,syn-0002__wrapper_insert__03.html,e002af3822e157ac6bf11fe326ccfb4884cb128d4c43e9d15fc249139739f20d,,False,False
robustness,syn-0002__field_reorder__01,syn-0002__field_reorder__01.html,ad5ecca0bf71baade6a395e1fb4439733a2fb34598d97caa6a890f62d9932cee,,False,False
robustness,syn-0002__field_reorder__02,syn-0002__field_reorder__02.html,2123132bb0fd8332225f8c2d0daafdffeaa50506812c943d92be06b051ff5211,,False,False
robustness,syn-0002__subtree_relocate__01,syn-0002__subtree_relocate__01.html,71fea73224c0d1b09630579aef6bd0dbc1387f95a0fbb0cac661589975159cab,,False,False
robustness,syn-0002__subtree_relocate__02,syn-0002__subtree_relocate__02.html,79f79af55946d686f3f2f8ce9270d4ffee70f48a04e52cdbbcefdd0270bf6812,,False,False
robustness,syn-0003__class_rename__01,syn-0003__class_rename__01.html,060bb1d23f00a4406ca51b07c07d95d12b9b940cabfc02cb882a060cecb061e0,,False,False
robustness,syn-0003__class_rename__02,syn-0003__class_rename__02.html,3d4cd6d55c27f808fc423ff489064eb0d43e09f46f44ef8d6a7ec6f1e6888a8b,,False,False
robustness,syn-0003__class_rename__03,syn-0003__class_rename__03.html,2fe4b106efe299a9982c26574f736c81e6ae1f15fe8e3a4793b980e634413e4e,,False,False
robustness,syn-0003__wrapper_insert__01,syn-0003__wrapper_insert__01.html,90651b1721e7c10b5519cba220205463458d18969cb91bb89bf1bfb96fdde577,,False,False
robustness,syn-0003__wrapper_insert__02,syn-0003__wrapper_insert__02.html,ee466f79cb38d24807ea58a2896e5da11439f9baea8aa58bc568a3aab976a5f4,,False,False
robustness,syn-0003__wrapper_insert__03,syn-0003__wrapper_insert__03.html,9daa7b2341b791a7275b5a901fee3e384ba473e9e27f400c68500adc15586725,,False,False
robustness,syn-0003__field_reorder__01,syn-0003__field_reorder__01.html,e78d8fa1181307f1d705c916be68483953f55f9d8780f06bcd99da4595ea75c5,,False,False
robustness,syn-0003__field_reorder__02,syn-0003__field_reorder__02.html,3250939c7d72254f799a5921a6bebdae5b2f0c0bf0e46d1434f3ed2acd7a7298,,False,False
robustness,syn-0003__subtree_relocate__01,syn-0003__subtree_relocate__01.html,2c7dd0e86afefdc1f61402350b8c730310b9bf58c70b95c98c1a847b484ae474,,False,False
robustness,syn-0003__subtree_relocate__02,syn-0003__subtree_relocate__02.html,00247ea539bd387c2576ef39f5eee993988768e739e57e28c609e211adcbbab2,,False,False
robustness,syn-0004__class_rename__01,syn-0004__class_rename__01.html,6e89039c7156a497afd98cee2188ad23ea9b812b9760077657751bfc31c1e6bc,,False,False
robustness,syn-0004__class_rename__02,syn-0004__class_rename__02.html,4cf1a8f7e14373d9499805d2108fd1b04c2d0ff23678d64872ef0db095a27754,,False,False
robustness,syn-0004__class_rename__03,syn-0004__class_rename__03.html,465a8feb526f6fb7b4fb046bdca237d6fd955e2c6b6282a2c4446238ddbcae54,,False,False
robustness,syn-0004__wrapper_insert__01,syn-0004__wrapper_insert__01.html,8137fe9b4b855d758c6a48ea3a51d678df245b5ae79d6d8a7a06f38ca86bc885,,False,False
robustness,syn-0004__wrapper_insert__02,syn-0004__wrapper_insert__02.html,9f2f24ec04f769e341be4e93439f2316f2504c56ddd567da647e4b9a40a5b5d8,,False,False
robustness,syn-0004__wrapper_insert__03,syn-0004__wrapper_insert__03.html,1d373888ace035aeaa9f6782e37e77b0d9e9713ed94b9e6508893191eb6c0a13,,False,False
robustness,syn-0004__field_reorder__01,syn-0004__field_reorder__01.html,9a477ebd1b50f24acf9309a68bd65234e0eb669f1e99a1629138482cae4d5f42,,False,False
robustness,syn-0004__field_reorder__02,syn-0004__field_reorder__02.html,48b1169273be54fff1d83e193a076c0b5d38dc131e3fef4ef53bad5c6ecd3318,,False,False
robustness,syn-0004__subtree_relocate__01,syn-0004__subtree_relocate__01.html,519ac684c5f508264377e617c7fd873a2badfd3bba29ff4515ee69571855f695,,False,False
robustness,syn-0004__subtree_relocate__02,syn-0004__subtree_relocate__02.html,59ce238d8198b064358fd0c38e48f4e7fa6ff924cb78c006a2cc89d26b879bb9,,False,False
robustness,syn-0005__class_rename__01,syn-0005__class_rename__01.html,a6a125c7511a44e9fb6c1101192a250d29228d09ee641fc620c515bbb4c62573,,False,False
robustness,syn-0005__class_rename__02,syn-0005__class_rename__02.html,90b6f25ec5dbdb40dced5efee41d5574ed483c0c83b11be7e93e0de427865bd3,,False,False
robustness,syn-0005__class_rename__03,syn-0005__class_rename__03.html,46bc6341fdfe0947c27c0d29a7a26e7cf971ded28b67cd41102b477df303de24,,False,False
robustness,syn-0005__wrapper_insert__01,syn-0005__wrapper_insert__01.html,b8531a374be6ddd19ff78ee9f2fcbc56969c1b5aef5c179b0055952b6167f0d5,,False,False
robustness,syn-0005__wrapper_insert__02,syn-0005__wrapper_insert__02.html,a133baaab301a9ceed989b6adb5211d4ba32da767f4397bdb8b112a1fe8e116c,,False,False
robustness,syn-0005__wrapper_insert__03,syn-0005__wrapper_insert__03.html,d640992c21a0139c7c5215ded3ce856cde6d80615ef059d9a02ff75d17cbf81d,,False,False
robustness,syn-0005__field_reorder__01,syn-0005__field_reorder__01.html,3dcdbe14ae0ba34f5097da05784f9d58f03964d8fcbdabc9665fd4da07414d76,,False,False
robustness,syn-0005__field_reorder__02,syn-0005__field_reorder__02.html,b92f58df6fa48ce94c63d279e9c277febb26d2c12d60f7cbb7639b4480f7f082,,False,False
robustness,syn-0005__subtree_relocate__01,syn-0005__subtree_relocate__01.html,4e431c15ac2dc39f81f45a5998cd8319eec69245bf53b39658a8877c0e82cd95,,False,False
robustness,syn-0005__subtree_relocate__02,syn-0005__subtree_relocate__02.html,c78b66a199c43847a4c3e9a7c4b376d53ce092389554575e2cd99e7465c92f3b,,False,False
robustness,syn-0006__class_rename__01,syn-0006__class_rename__01.html,6c379cb5f6d9fdd9924d33147779a1c594a99a3d9ec8bb5388a2569f6cdb1d22,,False,False
robustness,syn-0006__class_rename__02,syn-0006__class_rename__02.html,a7b713bbf5e66e1981e46d924ca40d7e0557d3e1ac86eb70773e95965424a7ad,,False,False
robustness,syn-0006__class_rename__03,syn-0006__class_rename__03.html,666def829196711fe266e0da351c3b8da1a236ea5162ec68128291ad15f7cda4,,False,False
robustness,syn-0006__wrapper_insert__01,syn-0006__wrapper_insert__01.html,f5da07d1de2de3e02213d0dce1b69133e51d7b26f5e1d4f94506d4aedb9b361e,,False,False
robustness,syn-0006__wrapper_insert__02,syn-0006__wrapper_insert__02.html,f5ceb27c4ccc8d489b80ae9a7edf2ace970fccdd32ee7de1855e0e3d64cb8404,,False,False
robustness,syn-0006__wrapper_insert__03,syn-0006__wrapper_insert__03.html,74832e8c81383139f99bc6340bf8524af15d8864d2e0ca8d771434800d7e1901,,False,False
robustness,syn-0006__field_reorder__01,syn-0006__field_reorder__01.html,7fca304ea40c22b1e3033f8cdb0164aa374028528c02186cdc7172ccd1fffb68,,False,False
robustness,syn-0006__field_reorder__02,syn-0006__field_reorder__02.html,772bce8f0b4557207371cf037e8493c99afc806a7697c97aa54c66c6e425b731,,False,False
robustness,syn-0006__subtree_relocate__01,syn-0006__subtree_relocate__01.html,06709cce80449804902a171f1f0f207667d077c2519a413fa07b3d71bfb7c895,,False,False
robustness,syn-0006__subtree_relocate__02,syn-0006__subtree_relocate__02.html,96e3d1ca26a75de00dc7b9d7cb9d21286019637fdb84cf452ea4c4822213a5ad,,False,False
robustness,syn-0007__class_rename__01,syn-0007__class_rename__01.html,3163390b280ff8e846078394c31e0ac8c79a8865056a569f96205dd350b68b6f,,False,False
robustness,syn-0007__class_rename__02,syn-0007__class_rename__02.html,5652af0f615f2ff68cef2b4fb51f4add7289e37b84e2c6e7af0f7cee228f1059,,False,False
robustness,syn-0007__class_rename__03,syn-0007__class_rename__03.html,84ab0ad7fe5295244e0dcf66c319cbae8c5af6628a42bfd126e51a8b8cbf87aa,,False,False
robustness,syn-0007__wrapper_insert__01,syn-0007__wrapper_insert__01.html,6d1cc7de4d96bc1c6356994008b502500906699a78066347198817550a0abc08,,False,False
robustness,syn-0007__wrapper_insert__02,syn-0007__wrapper_insert__02.html,6bb74711984192fb9086b3a53b77ad25410384cf2bed2cb215b19e096db36b29,,False,False
robustness,syn-0007__wrapper_insert__03,syn-0007__wrapper_insert__03.html,5cb7a9c1efddbf512376c4236aa97f6e8bcfedccf5e18184699c18f47f70caba,,False,False
robustness,syn-0007__field_reorder__01,syn-0007__field_reorder__01.html,803611bee1cdd84121d3a2b2c1e0c549cac6228d6cd1b24a8b93f759535aa993,,False,False
robustness,syn-0007__field_reorder__02,syn-0007__field_reorder__02.html,573a19fd55438e288c21740303222b73e49a0a8e6ee1e7410e4cb26f58ba223b,,False,False
robustness,syn-0007__subtree_relocate__01,syn-0007__subtree_relocate__01.html,ca2205263bd0654a51c188b8a4c24b736d0958594039bf585cfe4cf39647090c,,False,False
robustness,syn-0007__subtree_relocate__02,syn-0007__subtree_relocate__02.html,e7d24c238554f12c82b85e4120d83d2fe82c7b884bb227922829e44faa323b4e,,False,False
robustness,syn-0008__class_rename__01,syn-0008__class_rename__01.html,0a08b4c9289100dba8417dbc488933de1a2800c7ff14af9f415ffc7b5aecf2ef,,False,False
robustness,syn-0008__class_rename__02,syn-0008__class_rename__02.html,f393d98f3c1c1560c2eb2721ae6792a9899ab0da2fb85445944a561a0a17ae1e,,False,False
robustness,syn-0008__class_rename__03,syn-0008__class_rename__03.html,fd269df1459ddc92c0e182c7c85255f2b1f025ffbc151cd8c53c2e0685421788,,False,False
robustness,syn-0008__wrapper_insert__01,syn-0008__wrapper_insert__01.html,07f4ee2809548edda1232e8afb4f57826f27cfd0b83701c40ce39ccb43cf3e24,,False,False
robustness,syn-0008__wrapper_insert__02,syn-0008__wrapper_insert__02.html,de0a92ec03ea0072131929e646898f0c7dc5d39d69ed076961a433c202b60a44,,False,False
robustness,syn-0008__wrapper_insert__03,syn-0008__wrapper_insert__03.html,c681055bd4a5c97e904403bc3e4c9adb2c697c49a3cf607c8c29ec005c6eebd6,,False,False
robustness,syn-0008__field_reorder__01,syn-0008__field_reorder__01.html,b9ae6f4a4f6808fd509fea6dcfe2c05a755ca57bdd97d153259d16e1b10e3052,,False,False
robustness,syn-0008__field_reorder__02,syn-0008__field_reorder__02.html,49f63a7f321d9afd510288e1b1d38d169a571c84540dbcd4296c8715c60ba904,,False,False
robustness,syn-0008__subtree_relocate__01,syn-0008__subtree_relocate__01.html,e2f1d630e0cd21b299a91b7a9c6e76441717933da0865577f51eba3f76bfcdfc,,False,False
robustness,syn-0008__subtree_relocate__02,syn-0008__subtree_relocate__02.html,b9e434f394c05193ce6b4c32b96d35b84b163e7033bbf19f20c6c8105109313b,,False,False
robustness,syn-0009__class_rename__01,syn-0009__class_rename__01.html,262f11ef229434ee6f7b29c1cf9b8f01dd73ec58020c65510ef7611cdbfd5e7f,,False,False
robustness,syn-0009__class_rename__02,syn-0009__class_rename__02.html,350d33b1688dff11506e5f9bbf2144084cbe82a0d516c7d3aefc51e6d88fe194,,False,False
robustness,syn-0009__class_rename__03,syn-0009__class_rename__03.html,53d157038ccc516be1b42b293d8b51d33dffe0d849e14838d3f74197b5b20e96,,False,False
robustness,syn-0009__wrapper_insert__01,syn-0009__wrapper_insert__01.html,169cb3e94730939255424bec91c41ec897642525e126a91b0d39a04c8ac3712d,,False,False
robustness,syn-0009__wrapper_insert__02,syn-0009__wrapper_insert__02.html,d846555c249aad98701657d82ffc952dd2f78f0a19e6ec7ecfeac5c326ce1765,,False,False
robustness,syn-0009__wrapper_insert__03,syn-0009__wrapper_insert__03.html,2f8b78de8d153ed3ca30085dc7b4f018a86f249ef9fdcf007498e6e8ae465abd,,False,False
robustness,syn-0009__field_reorder__01,syn-0009__field_reorder__01.html,6f9b2c0ad2b16787408ec359e1195adec7683c3bc294e19082ba9f0c5f168893,,False,False
robustness,syn-0009__field_reorder__02,syn-0009__field_reorder__02.html,6d774ed451a99abaaecf49c5071a1440aee46bbfc671bb1568c0aac9329986a3,,False,False
robustness,syn-0009__subtree_relocate__01,syn-0009__subtree_relocate__01.html,e08b02a4863eb09296d8949ab74b83288bd3ac2d74d429e48877599a638dbb38,,False,False
robustness,syn-0009__subtree_relocate__02,syn-0009__subtree_relocate__02.html,d277b46e7a3364100a26216e5cf0cec391d562f25ad889720121b01c063ad9c8,,False,False
robustness,syn-0010__class_rename__01,syn-0010__class_rename__01.html,dacffa786ac975df7fc5a84d95c67e3f79fa172893964bc1c8b1d1ec8148b3f5,,False,False
robustness,syn-0010__class_rename__02,syn-0010__class_rename__02.html,18296d00255d45e8fd766563fe7283ecbf4b78d8b7c1b3f01969513fdbf64cf8,,False,False
robustness,syn-0010__class_rename__03,syn-0010__class_rename__03.html,be9fd194276cc51a0f922015ef5997bb93b849ceedcee4f5eb27f6397a5fdda0,,False,False
robustness,syn-0010__wrapper_insert__01,syn-0010__wrapper_insert__01.html,7534598156ecc62fd0179d6f5704be8fe65a9fe3b2a89298adc133b05b891e80,,False,False
robustness,syn-0010__wrapper_insert__02,syn-0010__wrapper_insert__02.html,8e409cf52a54b4c4410223a7311d7a9d2b1a829ed6c5fb3a9b7900851185ba12,,False,False
robustness,syn-0010__wrapper_insert__03,syn-0010__wrapper_insert__03.html,f2c1de514ddbc3f6aa6dd84eff476084e954ffaa6d551c85bb5e79f14e360a20,,False,False
robustness,syn-0010__field_reorder__01,syn-0010__field_reorder__01.html,f637348f3f32974987f66d644ceac2ab191d063d2a169a2d8cb2280736c24f5d,,False,False
robustness,syn-0010__field_reorder__02,syn-0010__field_reorder__02.html,5a6224b99cfc54b8a26fc9316db86bf9dc433065fc9dee3b4ccdc8aae30e25e8,,False,False
robustness,syn-0010__subtree_relocate__01,syn-0010__subtree_relocate__01.html,b0a5deb930ea9690ffb4c4c5b567dda207ffbfac0a6d1bb3c36553900bc7255a,,False,False
robustness,syn-0010__subtree_relocate__02,syn-0010__subtree_relocate__02.html,f2ddda58a926b902aef0b64acc87384f6f1473a01c392d3c96822cb8d79abfa9,,False,False
robustness,syn-0011__class_rename__01,syn-0011__class_rename__01.html,b064e2ec72df517854931d33775af7f4816453d8adc7afc33f53c25b90cf4c9e,,False,False
robustness,syn-0011__class_rename__02,syn-0011__class_rename__02.html,60381767259f00052ee057cfa0b2ed896cd47b13e87fedd3803b194da854cea1,,False,False
robustness,syn-0011__class_rename__03,syn-0011__class_rename__03.html,489b7826378c4d73dc567689c6c8a42a17b59cba615cef31b54439ce235891a7,,False,False
robustness,syn-0011__wrapper_insert__01,syn-0011__wrapper_insert__01.html,2e371012fe4b3a3aa503acd5e233245202e0f14defb8c31a251c56ba3c687352,,False,False
robustness,syn-0011__wrapper_insert__02,syn-0011__wrapper_insert__02.html,47186f80de9539434bae440ccb780093093f4b933fbddec3d86e08a9117badab,,False,False
robustness,syn-0011__wrapper_insert__03,syn-0011__wrapper_insert__03.html,4cc6c2c2e2a6facf5329e92c41c94104422817cdb0054a03625b1da576c1b06d,,False,False
robustness,syn-0011__field_reorder__01,syn-0011__field_reorder__01.html,ede863eb3f3d36fce43ce97adcc7a43d3ebf6178e736ccd57b761694041ff4f6,,False,False
robustness,syn-0011__field_reorder__02,syn-0011__field_reorder__02.html,fd3f4225873a1d9160e6834e6d9ee87f726e4399328f655d6481aa8d1c0ac605,,False,False
robustness,syn-0011__subtree_relocate__01,syn-0011__subtree_relocate__01.html,f3b660b0ff9df331da45e50a18a4fda9ba82f27bc3b223c3748c5c82ea65c5da,,False,False
robustness,syn-0011__subtree_relocate__02,syn-0011__subtree_relocate__02.html,d12bf5311b2e07358f77a930b6420601640eee3927c4674eb5964d0dfde9205d,,False,False
robustness,syn-0012__class_rename__01,syn-0012__class_rename__01.html,902f25a271810dfc382b1145914cd5b36f8336ddfa2f5dec7dcaea5397801068,,False,False
robustness,syn-0012__class_rename__02,syn-0012__class_rename__02.html,83aef58b8f5b9382109b2e80e1d1d4c6dc6e3c0ff57fc7ae639592f10d33e350,,False,False
robustness,syn-0012__class_rename__03,syn-0012__class_rename__03.html,b38652f47376f14d8e84c9a1fb0a56f4962fdaec9a9af47810060147143021dd,,False,False
robustness,syn-0012__wrapper_insert__01,syn-0012__wrapper_insert__01.html,b525539b8dd0c64b132133728df122819af194356f71eb2b147ffa92621fe1be,,False,False
robustness,syn-0012__wrapper_insert__02,syn-0012__wrapper_insert__02.html,8fb5a8cc383752b8760e664efedf66ce833a67b2aac49b198bf70b4b2c27ae77,,False,False
robustness,syn-0012__wrapper_insert__03,syn-0012__wrapper_insert__03.html,bd5562a8154fc8a6bd13e25bd3d3be389a2ae93b79d474018ca5cf2d8f253850,,False,False
robustness,syn-0012__field_reorder__01,syn-0012__field_reorder__01.html,806e13a85fcee7677974fc0c688822f380068a1300c78fb374c6ab379d6be2fe,,False,False
robustness,syn-0012__field_reorder__02,syn-0012__field_reorder__02.html,c62b7d380e37b1de46ed7efa9b3fcfa72ad960c6130f07d6008cf98e80f70fb3,,False,False
robustness,syn-0012__subtree_relocate__01,syn-0012__subtree_relocate__01.html,340038ca1d2f594879169b30c24be98dd15c969f359ec061db72e58d628badc2,,False,False
robustness,syn-0012__subtree_relocate__02,syn-0012__subtree_relocate__02.html,efec20a3048eaf4f38abe940f35199152f62427fb0c2fcc9bae9177edc54fd15,,False,False
robustness,syn-0013__class_rename__01,syn-0013__class_rename__01.html,639cde8cd532827ceb4f97c5acf0d97d65a875549f037e9163f0f1da97887841,,False,False
robustness,syn-0013__class_rename__02,syn-0013__class_rename__02.html,c26d602106edac44b0c33b527d0b9e9762baf2d0d887adcd88e5be817c537445,,False,False
robustness,syn-0013__class_rename__03,syn-0013__class_rename__03.html,9d2c0c6730ec0d48a6ab8ee145031c5ad79c662552dca04c4e4cdefbd988b5b8,,False,False
robustness,syn-0013__wrapper_insert__01,syn-0013__wrapper_insert__01.html,2c86afe59a36c71fa7c8b5b1f38e70a33729f5b3be72a4bb02f044621ed38fc8,,False,False
robustness,syn-0013__wrapper_insert__02,syn-0013__wrapper_insert__02.html,1119f9b7aba75b878530be0d1416c166ead8b7918f9840760447c0108bee4be6,,False,False
robustness,syn-0013__wrapper_insert__03,syn-0013__wrapper_insert__03.html,360f3a198d3e24c36ab61e1315eca8171e1a93634c31083a0c088cbb720dc5dc,,False,False
robustness,syn-0013__field_reorder__01,syn-0013__field_reorder__01.html,a4fc785f6b2b0b3ebd8fe3532e797493cf2fabc289ded91b4948601b4dcf16e0,,False,False
robustness,syn-0013__field_reorder__02,syn-0013__field_reorder__02.html,7dd1e62b6d463b4e2e3ed912957993dee3698723427e4fb03fdd59eb12b77a76,,False,False
robustness,syn-0013__subtree_relocate__01,syn-0013__subtree_relocate__01.html,5153b66f5a5acab9387dd30fdb8b876a7c27a4e34dd18ce7c5b9cfb6d8acc10f,,False,False
robustness,syn-0013__subtree_relocate__02,syn-0013__subtree_relocate__02.html,9af97bd64acf409d013c668e23c655312a4c559a77422dde5e74fdef1263b540,,False,False
robustness,syn-0014__class_rename__01,syn-0014__class_rename__01.html,fd20c5a25a00b590e18adfcf951e56fa7bd6261e30f96e27dda22bb2bbafe0d7,,False,False
robustness,syn-0014__class_rename__02,syn-0014__class_rename__02.html,88a8cb349f583d64a902f4b2fff415d594ef1a069517c89ba84f24bf8223fb80,,False,False
robustness,syn-0014__class_rename__03,syn-0014__class_rename__03.html,4e3f54dce5d30873235beaf2e0a29ea8e1572e2c760152dc0f4f84b6621d75ea,,False,False
robustness,syn-0014__wrapper_insert__01,syn-0014__wrapper_insert__01.html,7db70118bc77cd7eb881c8229f5b6e2453920d3f1efbf84d005c7774aceb57f0,,False,False
robustness,syn-0014__wrapper_insert__02,syn-0014__wrapper_insert__02.html,53510edb023195353917f600890b8ba9ab5cda5b36845cdbfed2b8e6fd5bd16b,,False,False
robustness,syn-0014__wrapper_insert__03,syn-0014__wrapper_insert__03.html,6baf153273c0734cd6ee773066ef3187926d2e3f7ecd1dfefc9db12cfdb07c97,,False,False
robustness,syn-0014__field_reorder__01,syn-0014__field_reorder__01.html,1080348afd98e01bd3f424d45b4759e18d1cdd2d83db2f0109bc72d920a584c5,,False,False
robustness,syn-0014__field_reorder__02,syn-0014__field_reorder__02.html,c629087974d9769a9f30ccf5c6f1e2147b80cace74d92dd457cdeca09396ceac,,False,False
robustness,syn-0014__subtree_relocate__01,syn-0014__subtree_relocate__01.html,b1c95a3804ae8ba8e877cba15172b6fe655ba063a2c5a6d4d8fa756f6084ec32,,False,False
robustness,syn-0014__subtree_relocate__02,syn-0014__subtree_relocate__02.html,4f5f66f13c359bdf48d1379dff2d70e1af38000b6829b2dfbbb3769b48874615,,False,False
robustness,syn-0015__class_rename__01,syn-0015__class_rename__01.html,fba4f074aa205c7c9056cc02ff004374f0ad87c01fc1c5871c581e00948d162f,,False,False
robustness,syn-0015__class_rename__02,syn-0015__class_rename__02.html,8fa8a1799d7d16d80454545151bd9baa33578b33a241503a64719dba9c65b5cb,,False,False
robustness,syn-0015__class_rename__03,syn-0015__class_rename__03.html,295d806a81177a3d253fe95144b304efbb2754997ddff2524760e874319a2b42,,False,False
robustness,syn-0015__wrapper_insert__01,syn-0015__wrapper_insert__01.html,602e0d3bc46c03ba7e2070bba74c9190cac0cfaaacc566b4544b197492c8fa0d,,False,False
robustness,syn-0015__wrapper_insert__02,syn-0015__wrapper_insert__02.html,32959d51b3f8aee5af27ee9daae6a4effae83bcda1afe575e7a59e4ce72f3356,,False,False
robustness,syn-0015__wrapper_insert__03,syn-0015__wrapper_insert__03.html,2b12a3bb6a2d5aa9d253af8ebce1d1854beb7e38ed650976cc7b1b155087cec3,,False,False
robustness,syn-0015__field_reorder__01,syn-0015__field_reorder__01.html,518b44dd56e24e787d78727e3ab0702c684d42c5f4f71f16dcfcc945d1699f48,,False,False
robustness,syn-0015__field_reorder__02,syn-0015__field_reorder__02.html,278eea903dbfb54df6c7a55ee68235d9fec241c76c63276f6655377425af91a8,,False,False
robustness,syn-0015__subtree_relocate__01,syn-0015__subtree_relocate__01.html,e5afdd68bedef00ad5d16998b885dd861dfa4d012fdf52aa435b4f0f27742e46,,False,False
robustness,syn-0015__subtree_relocate__02,syn-0015__subtree_relocate__02.html,2c6b748d2a1785dc53d40bfab1e3b240c2173205597e673dbb451e2662d6698b,,False,False
robustness,syn-0016__class_rename__01,syn-0016__class_rename__01.html,131cc4b646841dd12dc0451d7c4bf4be0011d80c7b14f54ff9101110625be082,,False,False
robustness,syn-0016__class_rename__02,syn-0016__class_rename__02.html,9bd8adeecd4422487fa502d10fd2de65a90f54e26615f3a95bde0d5fb9dd3279,,False,False
robustness,syn-0016__class_rename__03,syn-0016__class_rename__03.html,3ac38fbac2dc445bc09915a00df2a53582c449db8d689a32acad3ddf1a5df8ba,,False,False
robustness,syn-0016__wrapper_insert__01,syn-0016__wrapper_insert__01.html,badc820dea4f03930f2c99736833741c57eb48f1e25bb656b553c14205e57e53,,False,False
robustness,syn-0016__wrapper_insert__02,syn-0016__wrapper_insert__02.html,11cf35a43b48a65aacbea86554babcbcd65181179708021597368ede39cc0b4c,,False,False
robustness,syn-0016__wrapper_insert__03,syn-0016__wrapper_insert__03.html,10fe76cbd1b04354adce6c06eae7402fbfb1fe13726abfde667e292661720ace,,False,False
robustness,syn-0016__field_reorder__01,syn-0016__field_reorder__01.html,6aaaa34afea987ff2892a283fdcf55027100a705398dd66992d3b3af33ae7b62,,False,False
robustness,syn-0016__field_reorder__02,syn-0016__field_reorder__02.html,aeb2ad5c552b0cc853efcba96f01116bef3556561949d5e6700d1df609a725e1,,False,False
robustness,syn-0016__subtree_relocate__01,syn-0016__subtree_relocate__01.html,3ebdef55f3ab6816407fe85ee33d5bde8cc37732305f7a9f962b89f84f274abb,,False,False
robustness,syn-0016__subtree_relocate__02,syn-0016__subtree_relocate__02.html,a176c1a4d6cc92607d05a9443d289ce2fa7af38e86a5c8c6b285ec2781b36723,,False,False
robustness,syn-0017__class_rename__01,syn-0017__class_rename__01.html,1fbe79002090b831040a66ad6c10460b86b55b3062ab818bb1abeaa4d10c2fed,,False,False
robustness,syn-0017__class_rename__02,syn-0017__class_rename__02.html,7f36d2f7e9d3d71603dd64cd9d6031a5ebc0ea02a91ffa7a3622512bdd8aa6bc,,False,False
robustness,syn-0017__class_rename__03,syn-0017__class_rename__03.html,d808cf6c5a65b5b98bca86000c09fb74814ddd23eabe7b441ec138ab2ffe641f,,False,False
robustness,syn-0017__wrapper_insert__01,syn-0017__wrapper_insert__01.html,578d5f2c3087e824e92725f1cf43dc754007724d4b8128a0c5fa73343fdfad32,,False,False
robustness,syn-0017__wrapper_insert__02,syn-0017__wrapper_insert__02.html,5519343bc486a8183b94075beabba250d841bf9cf25153926f26e35d42a5946b,,False,False
robustness,syn-0017__wrapper_insert__03,syn-0017__wrapper_insert__03.html,80ea26797c4f07a3dd2a0434c18d10a3e373170e946d73b71f4e58a28de62060,,False,False
robustness,syn-0017__field_reorder__01,syn-0017__field_reorder__01.html,466b531abd520fd0865c051c4069e46e58e1288bcd0c7569450810657af433db,,False,False
robustness,syn-0017__field_reorder__02,syn-0017__field_reorder__02.html,54087b61d874b6792e61c0fd759a81d9ebb587a7cf1531b266703e27a0c5a77f,,False,False
robustness,syn-0017__subtree_relocate__01,syn-0017__subtree_relocate__01.html,1bfedbd8f752243e83347cc9b093015c85a40550d84736f00c2853bf4410debd,,False,False
robustness,syn-0017__subtree_relocate__02,syn-0017__subtree_relocate__02.html,d8c2716cc74f137bb77c9cfc9017adc9d06c093e8493c66f8f9d84ba05331adc,,False,False
robustness,syn-0018__class_rename__01,syn-0018__class_rename__01.html,fd34a016d21f4f014d6cb90ccca49ed811629918d44046d341609ef12f42dc94,,False,False
robustness,syn-0018__class_rename__02,syn-0018__class_rename__02.html,495278fc618fcf1fbfb8cd4d055f5a25d20dc8398b3090704e9b4a99b9746fbc,,False,False
robustness,syn-0018__class_rename__03,syn-0018__class_rename__03.html,9c17ef284d58c197c92af49a392e8bbc9d7eb25508b8e7b95c059209bdaf010e,,False,False
robustness,syn-0018__wrapper_insert__01,syn-0018__wrapper_insert__01.html,dd45725e2f35d2a7c0cf792de965d829173f0eace13e37df97472e601fa4c786,,False,False
robustness,syn-0018__wrapper_insert__02,syn-0018__wrapper_insert__02.html,06978b2bee1207b3a28fc47e01cb96ee6ce39664b8e525c4eb500e11c958c90b,,False,False
robustness,syn-0018__wrapper_insert__03,syn-0018__wrapper_insert__03.html,cf2161d03f69f323d85c1a1961be1ad06882a160ce5ced31be84b8645be4ee62,,False,False
robustness,syn-0018__field_reorder__01,syn-0018__field_reorder__01.html,809e5ea2b9c41d1334c52406fc030f91b5a564f1e60180ed71266bb16b9073e3,,False,False
robustness,syn-0018__field_reorder__02,syn-0018__field_reorder__02.html,8628c137d38a132ba7bec3bd959af11c3344817ad5c100f6d34db52d28624aa0,,False,False
robustness,syn-0018__subtree_relocate__01,syn-0018__subtree_relocate__01.html,0570ff2ba3d724e2f0aba760fd3e041b655778ff049ce282237e4e8042cadccd,,False,False
robustness,syn-0018__subtree_relocate__02,syn-0018__subtree_relocate__02.html,7e748bb3344cf9899f93bd50b3985789fec559883589675e4f92449f4cb41cd0,,False,False
robustness,syn-0019__class_rename__01,syn-0019__class_rename__01.html,d642f0b82b4b1c67a0e329370f650c0f559aef23963dad59e48a4e223bace835,,False,False
robustness,syn-0019__class_rename__02,syn-0019__class_rename__02.html,0fd15c9f4ced06e2aa460032d9313745d3b66bc00e6d03560982801693e31dff,,False,False
robustness,syn-0019__class_rename__03,syn-0019__class_rename__03.html,50513b73018f05979fd913f8f1abd327cef7535c7ae58e3520c28b35139ca593,,False,False
robustness,syn-0019__wrapper_insert__01,syn-0019__wrapper_insert__01.html,40e4fe9a0dea3141efb83ae03e9a1fe9c4187839e46b8d93629eec9020a9388d,,False,False
robustness,syn-0019__wrapper_insert__02,syn-0019__wrapper_insert__02.html,b2e127cd52eeefb80161572927dcb0ad967f2c8b337b6ff4fb9786b0966b8827,,False,False
robustness,syn-0019__wrapper_insert__03,syn-0019__wrapper_insert__03.html,0b060f6dbe7bdb2850e68e06f702c54d0add274cf75698dbd8a0f6dc439121d8,,False,False
robustness,syn-0019__field_reorder__01,syn-0019__field_reorder__01.html,707ca3d7c4647db8f157f65995a3097405151ebc9e723ae6ee49915c9439a46f,,False,False
robustness,syn-0019__field_reorder__02,syn-0019__field_reorder__02.html,038dbb40e0fd63c5861ceae4884cff1d0f5bebeba0ce6a5deffe53a72a7ac90b,,False,False
robustness,syn-0019__subtree_relocate__01,syn-0019__subtree_relocate__01.html,5068fb0b0c19136557a18ad52ff27ba383bad4c41e9a6b13877cb1c869da369d,,False,False
robustness,syn-0019__subtree_relocate__02,syn-0019__subtree_relocate__02.html,1380fa25a9da51fed1ba0e1b894f5864474b57fdecb3d1d70f0919d371196b76,,False,False
robustness,syn-0020__class_rename__01,syn-0020__class_rename__01.html,80d25629cc030dac0657c1d9ce23c36b9455851ffbbf7fcfd61934039d51b1f6,,False,False
robustness,syn-0020__class_rename__02,syn-0020__class_rename__02.html,f91112d05317915be7409d9a6d76289102612c5bedfa302f9125565de125840e,,False,False
robustness,syn-0020__class_rename__03,syn-0020__class_rename__03.html,11d162f04cb5d363703d98d79077c0ac11494aa28c41abc5edb462da8a4bbd10,,False,False
robustness,syn-0020__wrapper_insert__01,syn-0020__wrapper_insert__01.html,3506567207377b2c311af29565a02051624e48191a2e1df007529911117379b0,,False,False
robustness,syn-0020__wrapper_insert__02,syn-0020__wrapper_insert__02.html,f057e0e5a330b2d219f31089172c12d1d0137de6a435d8c7bbd4f242d0677a41,,False,False
robustness,syn-0020__wrapper_insert__03,syn-0020__wrapper_insert__03.html,53abc16411b6aa92ba0441dac0c184354f968fccbbcd8a221cd6bfda6cc1759b,,False,False
robustness,syn-0020__field_reorder__01,syn-0020__field_reorder__01.html,4b137303e51597ef9c45e96baa2f6469b0c2bbe6b2aa79a178a96aa85f6493f7,,False,False
robustness,syn-0020__field_reorder__02,syn-0020__field_reorder__02.html,eae33fc02e8fb927a8fb5982dfddc5556fd1ecd951bbb083bfd51f69dc1ee5fa,,False,False
robustness,syn-0020__subtree_relocate__01,syn-0020__subtree_relocate__01.html,c76558f9e2661cc6a71260f3e139b8963953cd42a9090e4261c5437a2c3d863b,,False,False
robustness,syn-0020__subtree_relocate__02,syn-0020__subtree_relocate__02.html,a7a111ef3fb79ecdbe0ddde4e838db0524788128e5d550b7fe67c2cfff5f51ac,,False,False
industrial,dind-bigam.ru-4c31321224ca0dfb,bigam.ru-run-070e415b.html,4c31321224ca0dfbca56e826bf58519584b6cbaccd7497bdc9f7a02ca8e4e614,,False,False
industrial,dind-bigam.ru-f2294a326cfcba05,bigam.ru-run-1a7ee5bc.html,f2294a326cfcba050c38cb98d3f513dd7c976658736031a45ac57fe790070a2e,,False,False
industrial,dind-bigam.ru-053b5e451a07d93b,bigam.ru-run-25730645.html,053b5e451a07d93bbd6f4cbb3b055fcc53b5781b46e7f4260ffe20e9cd982610,,False,False
industrial,dind-bigam.ru-a17e0c3e4a6faaf2,bigam.ru-run-401e5667.html,a17e0c3e4a6faaf2efe20211ba4c4ea594beacd9445198230b909a8462de91df,,False,False
industrial,dind-bigam.ru-c6cf7468e0715e1f,bigam.ru-run-4671429e.html,c6cf7468e0715e1f263ad2ff07bd463c9e16851bbd8648a679737e150bbc9fe9,,False,False
industrial,dind-bigam.ru-d64d3122a4ac0d62,bigam.ru-run-4d6dca4d.html,d64d3122a4ac0d627b3c5b50a14977ff1185f14ace2dc76e80ce48a7d513e24d,,False,False
industrial,dind-bigam.ru-9d6f5f15a221a4b8,bigam.ru-run-5ce6eea7.html,9d6f5f15a221a4b824ce0b3a4c4635655e2cdc521bfe3c973aad9fe47536c860,,False,False
industrial,dind-bigam.ru-0b40accb7c68a78f,bigam.ru-run-8ce98d27.html,0b40accb7c68a78f15f9bfb84c439310ac03a6b43559392fdae06801412b4749,,False,False
industrial,dind-bigam.ru-924b98be2f260451,bigam.ru-run-a4614cf8.html,924b98be2f26045165bfadb68dc9d751073cbf7429f889686cc3ee06be288650,,False,False
industrial,dind-bigam.ru-28741ad7ac8f3e85,bigam.ru-run-c32f0a7d.html,28741ad7ac8f3e858847ae9a8f667684756595b87fc6d624caa6d829f489be6b,,False,False
industrial,dind-bigam.ru-f9a11490fa2ea0fe,bigam.ru-run-d479cc88.html,f9a11490fa2ea0feb63c0595ed9f455ad3ffc295fe29deac566eb5ffe215985a,,False,False
industrial,dind-bigam.ru-06af9e1233a99d5f,bigam.ru-run-e6a01e2a.html,06af9e1233a99d5f62cf2a1c8475fee657016d3235e37c07a994bdb7dbca0fb7,,False,False
industrial,dind-bigam.ru-989575fef6752559,bigam.ru-run-f440dfcf.html,989575fef675255950a61b822c6a0a835d2a4051b5d13f3e1cb251118fdb09d1,,False,False
industrial,dind-chipdip.ru-4f407af0c36f72b6,chipdip.ru-run-none1.html,4f407af0c36f72b68d86419e6e25f1e204d4abd0f131744af69d7d09051830b6,,False,False
industrial,dind-chipdip.ru-ac550c02e68937ba,chipdip.ru-run-4d6dca4d.html,ac550c02e68937ba296d39c2bf6128a4a2cebc39e0f0e1ed8cab71082cb26cf4,,False,False
industrial,dind-chipdip.ru-abf1baaa6803c0b8,chipdip.ru-run-8f5bbe64.html,abf1baaa6803c0b87b1af83402a02fa9936d5df1a478386944a05e5ed9342524,,False,False
industrial,dind-chipdip.ru-8ffd0822c0dc4d40,chipdip.ru-run-90f03fab.html,8ffd0822c0dc4d406da9dc80779a91d730215999e9670861d1779c021ac80a1d,,False,False
industrial,dind-chipdip.ru-0c732437ad22572f,chipdip.ru-run-c0047e44.html,0c732437ad22572f75d9a3e6bb3a6ae7653b02b0219b415dda8eb2a70832c97a,,False,False
industrial,dind-chipdip.ru-c2479b21b1035e7c,chipdip.ru-run-dd921485.html,c2479b21b1035e7c041009c17702c5dc530a1470fea0dd397391767242bd0e42,,False,False
industrial,dind-chipdip.ru-976706e79c2f2987,chipdip.ru-run-e78490cf.html,976706e79c2f29871ff7ae65c1ce8bae6fbd859e6dd36ac59812fda3a24605df,,False,False
industrial,dind-citilink.ru-6930b865e4517478,citilink.ru-run-none1.html,6930b865e451747816d5ada7d69411f801f44a7ddfef09d600d4db1d085456f4,,False,False
industrial,dind-citilink.ru-30da59eb4be8c8d4,citilink.ru-run-none2.html,30da59eb4be8c8d4c483de390873d4eff5f83316fd86c9f018fe4f90bbd56e15,,False,False
industrial,dind-citilink.ru-fc3d83fa07e578d5,citilink.ru-run-none3.html,fc3d83fa07e578d56988b9c059310339393b79541e4350230db0d76fcc65fa24,,False,False
industrial,dind-citilink.ru-4ea974c7ea924633,citilink.ru-run-none4.html,4ea974c7ea92463391d8770d6afe54db617e22c3f487a06c3756fcc80d1d95f3,,False,False
industrial,dind-citilink.ru-cda6466bd3c48b51,citilink.ru-run-none5.html,cda6466bd3c48b51c262835fd032bac88fa33f691f81c1dd36a83357d20600b2,,False,False
industrial,dind-citilink.ru-e2440ead0d4289d7,citilink.ru-run-none6.html,e2440ead0d4289d79836e602781d3fd226a73268ea2a47b01b42f14cc84a670f,,False,False
industrial,dind-citilink.ru-fb08ef466206eb66,citilink.ru-run-none7.html,fb08ef466206eb66849ed4f63bea49d4d25ec95e1bf24ab35121c2c5576a5826,,False,False
industrial,dind-citilink.ru-c3b1bb2ebd5d428a,citilink.ru-run-none8.html,c3b1bb2ebd5d428ada22427d770b0fad20abd4d6b60b15d76ffdec7375e82fce,,False,False
industrial,dind-citilink.ru-27ce607b67285dce,citilink.ru-run-none9.html,27ce607b67285dcedbcd1e43768c6271456cee3ceb99006545c23da1ee76a3d7,,False,False
industrial,dind-citilink.ru-abcfe4fb034ca5a2,citilink.ru-run-none10.html,abcfe4fb034ca5a2a371b953f69b96f7b15e0bb42e8ba6a1f16e6ed1d7399c70,,False,False
industrial,dind-citilink.ru-8f6401111a1db657,citilink.ru-run-none11.html,8f6401111a1db65764e8675a89ac3d2ebc6e9c754977e13ad80974b66bf10c09,,False,False
industrial,dind-citilink.ru-10ed9d833757ff85,citilink.ru-run-none12.html,10ed9d833757ff858a4005fba21e3b6925f81dc77614dc2ba4fc00121149af84,,False,False
industrial,dind-citilink.ru-c9c5ca4bf5e41894,citilink.ru-run-none13.html,c9c5ca4bf5e41894c2620ac3546dd4d9451351272f0a4db332f54e5f524a5b37,,False,False
industrial,dind-citilink.ru-c27eb4fecdbb44bb,citilink.ru-run-none14.html,c27eb4fecdbb44bb48a86f76b1118d01927efba74288c8dc60e7921f969158c5,,False,False
industrial,dind-cnc.su-60ca64ff8b5db935,cnc.su-run-3e95d0c6.html,60ca64ff8b5db935a5f767e66e733aeeaddd23926d9efe43ff28b009c840c584,,False,False
industrial,dind-cnc.su-3651d593e610dc79,cnc.su-run-76db53a6.html,3651d593e610dc7919f3d3a4e7e6e650a1b03ae56bf3ea6ab80bb1b8b7fa9fc6,,False,False
industrial,dind-cnc.su-aea17eda0f793a5b,cnc.su-run-7b56c8dd.html,aea17eda0f793a5bc26d97fe6cee07b0103c21177b9b1f61267b2760b7874fb1,,False,False
industrial,dind-cnc.su-cbe39bad76c5ee58,cnc.su-run-7efc742d.html,cbe39bad76c5ee587fc6da45742e0bf7e7fe55174ed3d3a277611114f0083180,,False,False
industrial,dind-dns-shop.ru-811008815de52c86,dns-shop.ru-run-none1.html,811008815de52c864df7f28c490ad9a5e4ef38e34ff2138ea778b93039d85999,,False,False
industrial,dind-dns-shop.ru-500c72a9307f6bee,dns-shop.ru-run-none2.html,500c72a9307f6bee53e8a8fa2b7625b7a6898b769124f09010c9d4dda0874758,,False,False
industrial,dind-dns-shop.ru-536061e6205968d4,dns-shop.ru-run-none3.html,536061e6205968d4b6d37e734348003adcc3ff97a3ee5797e4fc31cee52e668d,,False,False
industrial,dind-dns-shop.ru-7933239bf3e50771,dns-shop.ru-run-none4.html,7933239bf3e50771a27fc36f98717c6dc2b1697cbd445ca104a7bd1c408398c3,,False,False
industrial,dind-dns-shop.ru-85bc079e6fdf3596,dns-shop.ru-run-none5.html,85bc079e6fdf359672e517831d117968261b8d50757203f01f37cccdfc669af4,,False,False
industrial,dind-dns-shop.ru-3febee92cb878873,dns-shop.ru-run-none6.html,3febee92cb8788739831087667a2ab0b4ef3f6493570e9afeb792b0a041f4c90,,False,False
industrial,dind-dns-shop.ru-b6cad428c103f85e,dns-shop.ru-run-none7.html,b6cad428c103f85e3285d9b6d52632173b2b678ab895453b71990d0fc1917b33,,False,False
industrial,dind-dns-shop.ru-a3790a136022ceb0,dns-shop.ru-run-none8.html,a3790a136022ceb0e8cec9fe42ee32459c221ad7b42287172ec7fbebb1ff29d7,,False,False
industrial,dind-dns-shop.ru-28746746c13ce562,dns-shop.ru-run-none9.html,28746746c13ce562773ac343dc64c2886b767aadb1451255188875c9962a9d4d,,False,False
industrial,dind-dns-shop.ru-771d6387f7b3c12b,dns-shop.ru-run-none10.html,771d6387f7b3c12bbaf0ede51627ee70fb361de8825d1cf711293bb7756eac2d,,False,False
industrial,dind-dns-shop.ru-90440791218a97f4,dns-shop.ru-run-none11.html,90440791218a97f4b0bf112a7ff5c2162b900c90a80e72edf08cb6d2d68e2e0c,,False,False
industrial,dind-dns-shop.ru-92ce0999672a52ef,dns-shop.ru-run-none12.html,92ce0999672a52ef5091d2f2958267678e177c0b33f6c5bab367411cacecf716,,False,False
industrial,dind-dns-shop.ru-af963fbfbb118c6f,dns-shop.ru-run-none13.html,af963fbfbb118c6f5a1df2f0026af10ed41366e6eef8ed0ce6cee78fadd37c87,,False,False
industrial,dind-dns-shop.ru-fdefdf05ba85008a,dns-shop.ru-run-none14.html,fdefdf05ba85008aace956b6edd322315abab10371504f786f100883b7389e91,,False,False
industrial,dind-dns-shop.ru-4a4e14f05378d4a5,dns-shop.ru-run-none15.html,4a4e14f05378d4a5f27b3e9921e000c950fcd2395460d41ae4b64c432b7361ef,,False,False
industrial,dind-dns-shop.ru-564876217320f967,dns-shop.ru-run-none16.html,564876217320f96741ab5faa5b6f1b00b00de568cddd433c6b5aefd207c5ab8b,,False,False
industrial,dind-dns-shop.ru-46ebef5666c10c8e,dns-shop.ru-run-none17.html,46ebef5666c10c8e6cafdf4c4cab0308610c9d558368ee20971974636e5614fd,,False,False
industrial,dind-dns-shop.ru-3f4da6582900a525,dns-shop.ru-run-none18.html,3f4da6582900a5252b082589e0f8e46c7d34bb12136c809674d00b97f71016c7,,False,False
industrial,dind-dns-shop.ru-4d693e109b55f82a,dns-shop.ru-run-none19.html,4d693e109b55f82ac1e65bddce5bfa8a03763a40723a2877e1b075424d1ad431,,False,False
industrial,dind-dns-shop.ru-ecbe705fe138bbfc,dns-shop.ru-run-none20.html,ecbe705fe138bbfc0c89fe504756366ab69f0e0b0e8f47dac84782baaa6f6fd1,,False,False
industrial,dind-dns-shop.ru-8115aee7bc53974a,dns-shop.ru-run-none21.html,8115aee7bc53974ad60fc20de57174ad8b4c76efb21ec29092ac84247a94e014,,False,False
industrial,dind-dns-shop.ru-33bd96f05cc76522,dns-shop.ru-run-none22.html,33bd96f05cc765220f03f070649fc85e204f353d479f8710fbbf1c8fd4ce55f8,,False,False
industrial,dind-dns-shop.ru-fb02082707bf4363,dns-shop.ru-run-none23.html,fb02082707bf4363dca508a64afe0d7685f7e962cc7dd6b9750b2fd93200a5ee,,False,False
industrial,dind-dns-shop.ru-b7113a7a9f8e538f,dns-shop.ru-run-none24.html,b7113a7a9f8e538f0403b8a0303dddcc091b1a7e9d668e6871cb241d7f764f69,,False,False
industrial,dind-dns-shop.ru-996bc94411949f8b,dns-shop.ru-run-none25.html,996bc94411949f8b7266eeec04253ab3b2072df3636f17faefa8314148620cd8,,False,False
industrial,dind-dns-shop.ru-aa82f882645785f9,dns-shop.ru-run-none26.html,aa82f882645785f9d930796e00a8f2b567205cc87d84e4c685dffc81db58d10b,,False,False
industrial,dind-dns-shop.ru-ea90543385536fce,dns-shop.ru-run-none27.html,ea90543385536fce588e982dd8c236b79020e4dc9b93efd05f8c3b6c4b725a5a,,False,False
industrial,dind-dns-shop.ru-434df911d8c9446c,dns-shop.ru-run-none28.html,434df911d8c9446c855503ec0cba806274c54b980e806c95f96a2a46fde4d17c,,False,False
industrial,dind-dns-shop.ru-543d15ba7884e65d,dns-shop.ru-run-none29.html,543d15ba7884e65d45feb046c643a7e325789b61b3eddd1f4bcde465ec280fbc,,False,False
industrial,dind-dns-shop.ru-f878c1c96441254e,dns-shop.ru-run-none30.html,f878c1c96441254e223a1234b69b4662343bdef595db79c93773ab72b38d1eec,,False,False
industrial,dind-dns-shop.ru-2198c54dfd3d2076,dns-shop.ru-run-none31.html,2198c54dfd3d20762130f9950ff6a53f3b0e0e3aedb2bc101f83de798834a4f7,,False,False
industrial,dind-dns-shop.ru-e8d091ebce0ef80f,dns-shop.ru-run-none32.html,e8d091ebce0ef80fe3cf1a2d767fb092ee9346e20afd2fad124a0082707c0200,,False,False
industrial,dind-dns-shop.ru-f2b4db0b14d601f5,dns-shop.ru-run-none33.html,f2b4db0b14d601f5cd6c2e0e0e5ea463beba98437120fdce253fc85d8710a65e,,False,False
industrial,dind-dns-shop.ru-c972a387a5634908,dns-shop.ru-run-none34.html,c972a387a56349084dc4502d07e09a7cc2c1b3acb1ab4dfdf95754e21ee97942,,False,False
industrial,dind-dns-shop.ru-1daabf0100ef084e,dns-shop.ru-run-none35.html,1daabf0100ef084e458fb6c09953ad4aed1259e2e68898e9f6b8a89738cc7d81,,False,False
industrial,dind-dns-shop.ru-c540244729f3afe8,dns-shop.ru-run-none36.html,c540244729f3afe8848ebd8861a99ab97808b3a05be348025ccd5a04cdf72c07,,False,False
industrial,dind-dns-shop.ru-2824d29f205128a1,dns-shop.ru-run-none37.html,2824d29f205128a1aa80a305982640d817b7ee233ca8ff8ce0cadc887e02005f,,False,False
industrial,dind-dns-shop.ru-e46adc0c328cc286,dns-shop.ru-run-none38.html,e46adc0c328cc28659b06b5c273c3c82acd7c205d7ec091a4717b9a43303f606,,False,False
industrial,dind-dns-shop.ru-f8afdc6ad037e786,dns-shop.ru-run-none39.html,f8afdc6ad037e78662f8dc3756fbe056d812911f189b30a824baa8ee04417a54,,False,False
industrial,dind-dns-shop.ru-5564a34319f17254,dns-shop.ru-run-none40.html,5564a34319f17254da60158365284a4faafb40b27209fbc672ae6ee3342e7977,,False,False
industrial,dind-dns-shop.ru-f81b39d0b9945b9b,dns-shop.ru-run-none41.html,f81b39d0b9945b9b4d1b7ef6aee0913aea8ba933f4b70a5a5bc9b895f448abfd,,False,False
industrial,dind-dns-shop.ru-32b1fcaa3a2d2e3c,dns-shop.ru-run-none42.html,32b1fcaa3a2d2e3cd3741dd46589028690cd3824e32d7f19e4642a9b29d8ef73,,False,False
industrial,dind-dns-shop.ru-b4e6fddfb8cc1f85,dns-shop.ru-run-none43.html,b4e6fddfb8cc1f85f621d0b65b45206199d70878ae9fbdc9f83f708fe681c7d4,,False,False
industrial,dind-dns-shop.ru-37f14821f393b029,dns-shop.ru-run-none44.html,37f14821f393b029035f38b7e27a5ce6fff90f4b03c5039dc9fa1002c9810d1a,,False,False
industrial,dind-dns-shop.ru-2c7a29d35d5d4eaf,dns-shop.ru-run-none45.html,2c7a29d35d5d4eaf668df0be1e34241dcd6f32dd27328a1e4fe3f648193bda9f,,False,False
industrial,dind-dns-shop.ru-9dd9c1645a03e017,dns-shop.ru-run-2fcceeba.html,9dd9c1645a03e017d634414a9aa2dabc7ba552f307f8e2e2c50be876be5f7870,,False,False
industrial,dind-dns-shop.ru-7a35f41002832ba2,dns-shop.ru-run-4ae1c2e7.html,7a35f41002832ba27f6b0f45b96b13760edd1686c8ad039ca38d70a57c9dfaac,,False,False
industrial,dind-dns-shop.ru-b189120c5c34179d,dns-shop.ru-run-77ea1710.html,b189120c5c34179d8d84eab1fc044f57321233fcd9f142b89fecb6ab2acf40e0,,False,False
industrial,dind-dns-shop.ru-74d2e0772b88cccb,dns-shop.ru-run-94fca290.html,74d2e0772b88cccb15d520cb838d5b67d4f0ae0cf7cb08704ce3edf17e47854b,,False,False
industrial,dind-dns-shop.ru-8b9ca76d14a1d9e1,dns-shop.ru-run-b346efa2.html,8b9ca76d14a1d9e165262ce07912c19d9e013241a9613dcb1294a8b37a665bb0,,False,False
industrial,dind-etm.ru-5ec13e2b305fa590,etm.ru-run-8dd91d0f.html,5ec13e2b305fa5906a36590ee4fec04fcb2db93a538171eb9c8409afe927875f,,False,False
industrial,dind-etm.ru-ce65bfbecd538b17,etm.ru-run-b609a8c6.html,ce65bfbecd538b173749bce1cc80a23f1ff5ce3777166a74d9666ef8565d01a6,,False,False
industrial,dind-hahn-kolb.ru-0b2260cfa1d12dea,hahn-kolb.ru-run-8238baa5.html,,missing_html,False,False
industrial,dind-komus.ru-b05effd6532b7f9b,komus.ru-run-none1.html,b05effd6532b7f9b690431d701a7d3424071805ed280bb621b95d2f14fa0743d,,False,False
industrial,dind-komus.ru-11490b3dd28bfa7d,komus.ru-run-none2.html,11490b3dd28bfa7de6cf29bf9c38b5ebf4349af16c8febe0f477380de24c361b,,False,False
industrial,dind-komus.ru-6ab2c63743e80fe2,komus.ru-run-none3.html,6ab2c63743e80fe2c598607e9a93e0e36cf50a646e9b2a6c3a72b15346f3b649,,False,False
industrial,dind-komus.ru-6f7eb9ea777697b3,komus.ru-run-none4.html,6f7eb9ea777697b3b749cd1941bd5b5862af64a3a852fde6ce90115e2558057f,,False,False
industrial,dind-komus.ru-2cf9855072dedf49,komus.ru-run-none5.html,2cf9855072dedf49c069942213292cca7ae4f439e4759892363f74023e14042b,,False,False
industrial,dind-komus.ru-023e5ca676225909,komus.ru-run-none6.html,023e5ca67622590938ae1669dc5b07fbcfe69583c7fe37aabc002f4200764944,,False,False
industrial,dind-komus.ru-58c1a96dda4c3778,komus.ru-run-none7.html,58c1a96dda4c3778a6472133bf16fecb96d8ed1432816a83c06da7f84844ff26,,False,False
industrial,dind-komus.ru-c0e90dc894a3f454,komus.ru-run-none8.html,c0e90dc894a3f4542ccc6c947f152146370967e6bd169455533d160d559e7845,,False,False
industrial,dind-komus.ru-41d20e640e2f54ca,komus.ru-run-none9.html,41d20e640e2f54cac9acb367db63541a738632e443170d3e72de8867a488461d,,False,False
industrial,dind-komus.ru-607c4231e49e9843,komus.ru-run-none10.html,607c4231e49e9843033eca6a0b913b54efa0759997993b3928c287f82861917f,,False,False
industrial,dind-komus.ru-cee4656ff9fe75f8,komus.ru-run-none11.html,cee4656ff9fe75f83081bff8ae595f29dacb375a51ecaa307aa3539fea4e9ad1,,False,False
industrial,dind-komus.ru-329f550a6d3b95ff,komus.ru-run-none12.html,329f550a6d3b95ff6550acde02c3861ae4fd8b096ff87756951df8656b21a7f1,,False,False
industrial,dind-komus.ru-6f947666964b40f8,komus.ru-run-none13.html,6f947666964b40f81c299ae03b3d843686afd4ebed7684903da2cd3710c3ddc1,,False,False
industrial,dind-komus.ru-84cbf3c2771d2ecd,komus.ru-run-none14.html,84cbf3c2771d2ecd3d991511a9a8d2ed46ca723e7190be3701376b5f22c7af66,,False,False
industrial,dind-komus.ru-c4ec811f50b580fc,komus.ru-run-none15.html,c4ec811f50b580fc4878e0bf322135f10f8725ba81fb2e068ebafe15c5c9c6c8,,False,False
industrial,dind-komus.ru-7a31877560a20352,komus.ru-run-none16.html,7a31877560a203522859a78de3a90000e99cd52305b67ffae8a8cae2968e28c4,,False,False
industrial,dind-komus.ru-31fd7c045fb2ea41,komus.ru-run-none17.html,31fd7c045fb2ea41ce6f46536a30e8516fe2bb629b788bcaee0098c7643afab6,,False,False
industrial,dind-komus.ru-d35e011b185be0a6,komus.ru-run-none18.html,d35e011b185be0a6d74a94d3fbc068e3a1520829d75eaa6a814fd349eb41743d,,False,False
industrial,dind-komus.ru-4ec3512b66f59759,komus.ru-run-none19.html,4ec3512b66f5975965cf323e6e8eff1e67865c98a1f4e9299ce8697258d2d647,,False,False
industrial,dind-komus.ru-f83a8cdb85dbe548,komus.ru-run-none20.html,f83a8cdb85dbe54877f7f08c7a2e4696e682fa02e04084472132f86c86d031b5,,False,False
industrial,dind-komus.ru-fd526265f9a93c7c,komus.ru-run-437fc902.html,fd526265f9a93c7cf2003b3120a68d527f95faadaa6d93e02d2633c21bfc5ecb,,False,False
industrial,dind-komus.ru-45e1fc98edfd6da1,komus.ru-run-6628d12b.html,45e1fc98edfd6da15879d4d2c2a3a622cc9fd6d0846199005b1e0ba5a2fc5f3b,,False,False
industrial,dind-komus.ru-e44491f1d0a00d59,komus.ru-run-98da06df.html,e44491f1d0a00d5999c090853660ed344e9b8b13d53b799b174b84ecfcca87c1,,False,False
industrial,dind-komus.ru-d039da717f66c987,komus.ru-run-daa9251b.html,d039da717f66c987aa29a1f03de5f61fa3c79a1d4d6bc01ac36854070004c08d,,False,False
industrial,dind-komus.ru-e25d8f2aebb53e9c,komus.ru-run-db327323.html,e25d8f2aebb53e9c32e26918aa5814c7769ea13fb81cffd3cc0a233c002ccd14,,False,False
industrial,dind-labirint.ru-21ac626ea371bd49,labirint.ru-run-168d58c6.html,21ac626ea371bd49897c7d3ae46f9681e54a193ad19f636a3dda94dec8881df8,,False,False
industrial,dind-labirint.ru-4eb2fb8b1b347b32,labirint.ru-run-787cdb0e.html,4eb2fb8b1b347b32232014ef724b8f399003008f7fd4a98cc1b0fbb1a6215429,,False,False
industrial,dind-labirint.ru-04ccf5be83eaa6ce,labirint.ru-run-99e5ac15.html,04ccf5be83eaa6ce9b93df40ca8506b1890854bc497d631ae396333fe7f899fe,,False,False
industrial,dind-labirint.ru-017ca7137cd84dc1,labirint.ru-run-9e372646.html,017ca7137cd84dc184a45c299847c2f377d218bea1010400516a1b784004ef21,,False,False
industrial,dind-labirint.ru-d92a0991b3f5fccd,labirint.ru-run-c23cbd90.html,d92a0991b3f5fccd29b50b220989c6ca642d908e8cc1649f3ed11ffb10b6e8fc,,False,False
industrial,dind-labirint.ru-186be25179ff4d2f,labirint.ru-run-d035826a.html,186be25179ff4d2fc2d8bb920469708429013a32a57b1698103a4dceb4c849f8,,False,False
industrial,dind-labirint.ru-b5d7e810e7ca116a,labirint.ru-run-e4163107.html,b5d7e810e7ca116a25d6fc2c64fd399c7c481a8e3c04db10608d551ceeb98ce9,,False,False
industrial,dind-labirint.ru-a54655182aa1fecc,labirint.ru-run-ec02639a.html,a54655182aa1feccff2a4aaa82863d6b420d3192594690d844d86f631d7be2a6,,False,False
industrial,dind-lemanapro.ru-f0cfe5397616c775,lemanapro.ru-run-none1.html,f0cfe5397616c775783113205cf266a9360f25b0d1b8cd2efcda38f4886967cb,,False,False
industrial,dind-lemanapro.ru-cf598f1239ed8afe,lemanapro.ru-run-none2.html,cf598f1239ed8afe9fd75cff1c5b8ce2821a793eb558717f18b788184b6fdf70,,False,False
industrial,dind-lemanapro.ru-fc39977cfc7e6c73,lemanapro.ru-run-none3.html,fc39977cfc7e6c730f475b56889cf826bb638d045b5b6e538a556004ee79ed12,,False,False
industrial,dind-lemanapro.ru-4acdbb9eae290779,lemanapro.ru-run-none4.html,4acdbb9eae2907797971763c1cf4d7e31763d15d8bc69cfc46495ff49f20aadc,,False,False
industrial,dind-lemanapro.ru-fab71c309af5505b,lemanapro.ru-run-none5.html,fab71c309af5505bfbac68e03fa42b1fd1818c4ff3de7e6c596b85c5c59db9d6,,False,False
industrial,dind-lemanapro.ru-486c6fb5ef917f2b,lemanapro.ru-run-none6.html,486c6fb5ef917f2b3b119abc92e7ce4e06374c5ef771acde6de1a9f692b7bb89,,False,False
industrial,dind-lemanapro.ru-09c3ea7e145206b2,lemanapro.ru-run-2e839b74.html,09c3ea7e145206b28103eca0a9cb6e0f1a92f6854a59043d1b012b5a8b42d3da,,False,False
industrial,dind-lemanapro.ru-f525d96c96aaf6dc,lemanapro.ru-run-99b5ac8f.html,f525d96c96aaf6dc13d64d813a3c0206dee52bb1b2a0c2d2e170d0d184557941,,False,False
industrial,dind-lemanapro.ru-df1069562cd0eec0,lemanapro.ru-run-ecee459d.html,df1069562cd0eec0ea89c3325e3e787415368db72e4545a25b086e3053c629b7,,False,False
industrial,dind-lemanapro.ru-b9b4d6ef071bd3cd,lemanapro.ru-run-fac98328.html,b9b4d6ef071bd3cd4aa2c73515158aa362c07e7385c5894267ef8a4b5e7958fe,,False,False
industrial,dind-lemanapro.ru-ecf8fe1428f45043,lemanapro.ru-run-fe1a35c2.html,ecf8fe1428f450438e6349d8b75fa4b2bc9c0f080e6760af5b12f4c0cb86b5f1,,False,False
industrial,dind-market.yandex.ru-1b519c43e22aa033,market.yandex.ru-run-8d5e2489.html,1b519c43e22aa0333e410c0794f0db5b8f0bd411271ba852104d1f79098ef598,,False,False
industrial,dind-market.yandex.ru-4a073eb1b3d67309,market.yandex.ru-run-a52ccc6b.html,4a073eb1b3d673091322fdf107fe15267f00d1ec7767b5576cc36734ca4e7f5e,,False,False
industrial,dind-mvideo.ru-397d20ee85741495,mvideo.ru-run-none1.html,397d20ee8574149516726d0178a987c56e9c9314786aed05178c941cb33f92d1,,False,False
industrial,dind-mvideo.ru-c492b59ab5a30f12,mvideo.ru-run-none2.html,c492b59ab5a30f12d56e00ef50ccd370da5a0deda3c9ec3ef0599b700a184f49,,False,False
industrial,dind-mvideo.ru-151bf8cc328c4ddc,mvideo.ru-run-none3.html,151bf8cc328c4ddc7fea5d8c8b99db4c89028e0933bd68d12df83ad11d03fd9b,,False,False
industrial,dind-mvideo.ru-9b0cc1e81b38d9de,mvideo.ru-run-none4.html,9b0cc1e81b38d9de9c951e1e7b0744189158f5c4ad7c10b582ed6aac3b952a0a,,False,False
industrial,dind-mvideo.ru-e426af76efa6c0dd,mvideo.ru-run-none5.html,e426af76efa6c0dd5ac4011d8d9963a083809235c6d31df3c0330736f32e19ce,,False,False
industrial,dind-mvideo.ru-f4739083601ea838,mvideo.ru-run-none6.html,f4739083601ea8382cd154efeef3a3ccb03cf4e46856f119073eaf0305362e95,,False,False
industrial,dind-mvideo.ru-3e76af37ea2ac7ed,mvideo.ru-run-none7.html,3e76af37ea2ac7ede2882474a3a85661d58b5d60f312b92f7227c6e304f9b109,,False,False
industrial,dind-mvideo.ru-e3c8a4d018d42c79,mvideo.ru-run-none8.html,e3c8a4d018d42c79b42dc62597ba8e4ea8a79992185d7e223ee389e9c29bc396,,False,False
industrial,dind-mvideo.ru-c964db29d85851de,mvideo.ru-run-none9.html,c964db29d85851de2a1d33359a9de15fd6d761e6cc6afc72dd381e1e3ccf70fa,,False,False
industrial,dind-mvideo.ru-4c97407a7ea4c65d,mvideo.ru-run-none10.html,4c97407a7ea4c65dc13d9dd4860bef706c3d515bb792d85a23c10b18c1ac0bc1,,False,False
industrial,dind-mvideo.ru-1dc9556f176f49b3,mvideo.ru-run-none11.html,1dc9556f176f49b36d37264744cd7ba1d64fdf7de4765597f73ff288cbdcfa7b,,False,False
industrial,dind-mvideo.ru-79ce14d153c633c2,mvideo.ru-run-82a41131.html,79ce14d153c633c22a3a0de31ef71ec467e5344311755e75c88e683d5043fa63,,False,False
industrial,dind-mvideo.ru-57409058dc51841b,mvideo.ru-run-bd396f4d.html,57409058dc51841be1328f393851e65af2cdfa03f162d60c9e0e5bec81777dbd,,False,False
industrial,dind-mvideo.ru-be793df4ca32b36e,mvideo.ru-run-f3583847.html,be793df4ca32b36e149a40ded5e23a798941e588c20e9ed9490011b8c685f967,,False,False
industrial,dind-oaopolimer.ru-b10d46a99fe3b34d,oaopolimer.ru-run-none1.html,b10d46a99fe3b34d7f1996fbcf8642bea0645ad32bc795a23b59c4fd5d57ef88,,False,False
industrial,dind-oaopolimer.ru-5b318217a3a3222c,oaopolimer.ru-run-none2.html,5b318217a3a3222c28a827384adeb180794e83f4003e0d859dd67e5cbca03d80,,False,False
industrial,dind-oaopolimer.ru-c8d55d81cc904ea3,oaopolimer.ru-run-none3.html,c8d55d81cc904ea364011750d6150e5e4a97a4767f55df44e8c056a97921e803,,False,False
industrial,dind-oaopolimer.ru-8109f11938b71aeb,oaopolimer.ru-run-none4.html,8109f11938b71aeb41ff9894a41e4ac14b50df1360158dd003bc48b881f8ed6d,,False,False
industrial,dind-oaopolimer.ru-2a0003d60012b8a6,oaopolimer.ru-run-none5.html,2a0003d60012b8a6d728b955fb71a8aab56a574bd23b4a6701a26d995d03f6f7,,False,False
industrial,dind-oaopolimer.ru-02558b82bd865b0f,oaopolimer.ru-run-99bb6904.html,02558b82bd865b0f9dbcf44b87e3a488f2abb3a228735e0c0713aaf5d2db7843,,False,False
industrial,dind-oaopolimer.ru-a7c041cf2a18af01,oaopolimer.ru-run-bc19d776.html,a7c041cf2a18af01d6d1a4184d23af23c4cfb58e35831cf35e57984958738726,,False,False
industrial,dind-officemag.ru-00d53e795579eb90,officemag.ru-run-none1.html,00d53e795579eb9041bb48d4cdddbc1ea12d9e92478ae4958b559e0ed198016e,,False,False
industrial,dind-officemag.ru-5e08817729b9c1b0,officemag.ru-run-none2.html,5e08817729b9c1b0e28513e7221d1318683e506fb44dabc162f658f0dc2abc66,,False,False
industrial,dind-officemag.ru-beec12f6c9b66652,officemag.ru-run-none3.html,beec12f6c9b66652d03aa5bec871f8e865c44fcdf9e11a353950968c98f99ffa,,False,False
industrial,dind-officemag.ru-b0ddf2fa010706d1,officemag.ru-run-none4.html,b0ddf2fa010706d165ca666f3d2134e6375719c306fd21291eee22c703606c4a,,False,False
industrial,dind-officemag.ru-40809b5312781d55,officemag.ru-run-none5.html,40809b5312781d55fafeacb7d769ade8aaf7d104c2e489234836d5240bf0c4fb,,False,False
industrial,dind-officemag.ru-00c674729dcaa4ea,officemag.ru-run-2eca7e5f.html,00c674729dcaa4ea2bc8765ab5ee6c2d31acade6c6f4e28366591b08740a2fab,,False,False
industrial,dind-officemag.ru-1bea9ed185f4b328,officemag.ru-run-3d0f801a.html,1bea9ed185f4b32872f4e66895bb73873633d2afe0c5f627a7994e0ecf9d104a,,False,False
industrial,dind-officemag.ru-892e0a35c31b5746,officemag.ru-run-ac6cc526.html,892e0a35c31b5746f6c4f00ae057a7604589a27e3283384e0d5aef7557d3d490,,False,False
industrial,dind-ozon.ru-bef199bc4e3cafc8,ozon.ru-run-none1.html,bef199bc4e3cafc8ab4f7ad4fb05d2a856bd75d36d93884dc5abf8c27d076388,,False,False
industrial,dind-ozon.ru-7b0cb8482987d4b1,ozon.ru-run-none2.html,7b0cb8482987d4b10e9064248d4e55413ca964ceb3dc5f4cf176b80973f1605d,,False,False
industrial,dind-ozon.ru-4db869312af5e423,ozon.ru-run-none3.html,4db869312af5e42377eb451d02b27a21337cb5b17cf45bde3c12b1d4f09b7948,,False,False
industrial,dind-ozon.ru-d2cfdfef86ed8cff,ozon.ru-run-none4.html,d2cfdfef86ed8cff9a1bc5be6d7c477a66fc7c8d8f34a241ca01e64591995952,,False,False
industrial,dind-ozon.ru-0f7383450d9788c2,ozon.ru-run-none5.html,0f7383450d9788c2748a7191a7eaac4c225eddec1118124ca08169b3f5d07fcf,,False,False
industrial,dind-ozon.ru-ff95e1b297ba3635,ozon.ru-run-none6.html,ff95e1b297ba3635bfe6340acd1a4ad08bb4891522e35103c347cf3f8548ec7e,,False,False
industrial,dind-ozon.ru-1ed0c2b94bc03684,ozon.ru-run-none7.html,1ed0c2b94bc03684fe2ed085832102b62941695f8596478398b856aaba042c0c,,False,False
industrial,dind-ozon.ru-00fd247071d4b382,ozon.ru-run-none8.html,00fd247071d4b3820a26183f49d3e2dab98dd9dce2461ddcb3adc40e23ab2432,,False,False
industrial,dind-ozon.ru-7c09464ecd40c35c,ozon.ru-run-none9.html,7c09464ecd40c35c6b69a09e4073b1f7e359b1c386a22ee70138399e7af1f144,,False,False
industrial,dind-ozon.ru-bc3414059b042541,ozon.ru-run-none10.html,bc3414059b0425413caf291bf94c8f239965d22af06d216d48599610e986d94e,,False,False
industrial,dind-ozon.ru-0af467e962767537,ozon.ru-run-none11.html,0af467e9627675374a03ec47294916003c95c395c3d242dca5450980698e5a34,,False,False
industrial,dind-ozon.ru-f0ada4e5d68779a7,ozon.ru-run-none12.html,f0ada4e5d68779a7a4864ab2c6e90c29964caeabca2e530224d0b787d6b18e1e,,False,False
industrial,dind-ozon.ru-0893ebc9dae9a0b6,ozon.ru-run-none13.html,0893ebc9dae9a0b60878d586f9affc9a58f1f1727429afe9abd89a96f75997f4,,False,False
industrial,dind-ozon.ru-9912b1cd9743ff61,ozon.ru-run-none14.html,9912b1cd9743ff613adc88696fdf95a504e5e940610c976491fd6ea47c114997,,False,False
industrial,dind-ozon.ru-c1c4d36f73fb1884,ozon.ru-run-none15.html,c1c4d36f73fb1884aeba2a487c6284ed6181b857c6ff287fff41b4904e0b7ec0,,False,False
industrial,dind-ozon.ru-8cf713849b5ae916,ozon.ru-run-none16.html,8cf713849b5ae9165b2c06605c1645d947b03e9ab0383ebd913b9a11729a837d,,False,False
industrial,dind-ozon.ru-ff68223ce1cea753,ozon.ru-run-none17.html,ff68223ce1cea75336b5936caaec7f4b670d112e98dd9c2bef98ae325fa35450,,False,False
industrial,dind-ozon.ru-af96b2643001265b,ozon.ru-run-none18.html,af96b2643001265b509eadb3f82d949c923f72c77bfa647701c41e5a8763419c,,False,False
industrial,dind-ozon.ru-b36c824831b3255e,ozon.ru-run-none19.html,b36c824831b3255e4664253d1a00a0e185422dc8e19884d69fc17c0b1ccdca99,,False,False
industrial,dind-ozon.ru-c0e19b1385e2c08d,ozon.ru-run-none20.html,c0e19b1385e2c08d04ca98ae33f440cb6a812daf6d55afb1facdd58140012a51,,False,False
industrial,dind-ozon.ru-14349728faeae495,ozon.ru-run-none21.html,14349728faeae4959b213f9e109b40525b02bdf0d8066e134aae61575dc58cb0,,False,False
industrial,dind-ozon.ru-7fc3cd29b958b570,ozon.ru-run-none22.html,7fc3cd29b958b570a01ee8ced5a30bfe47b2efe7e82f4d953d8a4f767a09f242,,False,False
industrial,dind-ozon.ru-17ea1a246cc5c852,ozon.ru-run-none23.html,17ea1a246cc5c8520632cbeebab35890ebbf1a4bdaa0374435f6f69087b357b9,,False,False
industrial,dind-ozon.ru-664876f2c1bfe726,ozon.ru-run-none24.html,664876f2c1bfe726cc1ff72ec6a2cb1c07411a83aab1e773ecb9c49b6672063e,,False,False
industrial,dind-ozon.ru-030d0fbe4dcf938f,ozon.ru-run-none25.html,030d0fbe4dcf938f4a602873351cbf90d2552cf32cae38c496529e42f6401f33,,False,False
industrial,dind-ozon.ru-2aee48801f977b0f,ozon.ru-run-none26.html,2aee48801f977b0fd821d1f8eb5493daedb2b66f3bb783c01ee96c308aacd274,,False,False
industrial,dind-ozon.ru-981504bdf6f0c850,ozon.ru-run-none27.html,981504bdf6f0c85029de8279480f783e444618ecaf9d2c0705afd14d0392288a,,False,False
industrial,dind-ozon.ru-309ec1587fa9ccca,ozon.ru-run-none28.html,309ec1587fa9ccca4f1269b8c7d3dcde83314101e23af33ce3cf6af7fc8409b8,,False,False
industrial,dind-ozon.ru-f0c4de7b7d4ddccc,ozon.ru-run-none29.html,f0c4de7b7d4ddcccd12f616b272480a1d9104687a10ea451849dfc38cd79c591,,False,False
industrial,dind-ozon.ru-801ca96b303e9c70,ozon.ru-run-none30.html,801ca96b303e9c701e167c77c6e64e4995ef6470ae1385cbffd5b8b3d1f79ff9,,False,False
industrial,dind-ozon.ru-adcd554f73025799,ozon.ru-run-none31.html,adcd554f730257995ac97963b9e24b74478b010b9e4dfdc19c23f36018784d9c,,False,False
industrial,dind-ozon.ru-0f3fe0ffc5075f97,ozon.ru-run-none32.html,0f3fe0ffc5075f973c422dc59800807947b24b4758b72a88a42419356c95dcc0,,False,False
industrial,dind-ozon.ru-89cacbfd8e2ec95b,ozon.ru-run-none33.html,89cacbfd8e2ec95bc7143495ccd6e3c3fe2a7ee990a62217262765fa32458c2e,,False,False
industrial,dind-ozon.ru-6574195d5864256d,ozon.ru-run-4f3eb2b3.html,6574195d5864256d28ee08b941da7febe1490797ddebc14184a46893bd0980fd,,False,False
industrial,dind-ozon.ru-40d639e4db2530b7,ozon.ru-run-5df0fc85.html,40d639e4db2530b7f729ff316c8eecd41fef3ff707dcf912e32d936bce80b27c,,False,False
industrial,dind-ozon.ru-9eaf36f7f4aa57b5,ozon.ru-run-7a5dc852.html,9eaf36f7f4aa57b500940477ecd2a573c856bdee37ca68ec6bf6fe8e07f72181,,False,False
industrial,dind-petrovich.ru-f5694ceb95402903,petrovich.ru-run-7ab9dec2.html,f5694ceb95402903fec7c55889985d7483f6b6f6ef2c61414d411892aa534ac5,,False,False
industrial,dind-petrovich.ru-b70961cbdb8bd1e9,petrovich.ru-run-f37ca1e3.html,b70961cbdb8bd1e9a2cef799f783a00965d27085b539385842324c1e3e439d77,,False,False
industrial,dind-rs24.ru-e37f5e34d947d094,rs24.ru-run-none1.html,e37f5e34d947d0948678b9c593e85738550606baf4d3e72b056aaac88568a6f0,,False,False
industrial,dind-rs24.ru-1dae74c7261482fe,rs24.ru-run-none2.html,1dae74c7261482fe4ea0caf055642c67bb72e4ecd9cc6129033febf612761624,,False,False
industrial,dind-rs24.ru-a5509d4fda3f76ea,rs24.ru-run-none3.html,a5509d4fda3f76ea0ddcc09c561eed62a838492ca2bb5c42c9c4e8062642a4b1,,False,False
industrial,dind-rs24.ru-7f6c61bab65e335f,rs24.ru-run-none4.html,7f6c61bab65e335fb80b12925b217705e0ef9a5308ece0d8c99e6fd6ddad9a79,,False,False
industrial,dind-rs24.ru-04d8d106bd9c940f,rs24.ru-run-none5.html,04d8d106bd9c940f48565097b4d780c98434af695386dd614fd3f531bbed0968,,False,False
industrial,dind-rs24.ru-eef846de51e83979,rs24.ru-run-none6.html,eef846de51e83979215aac840e2fa2ae72e4a89b514f40c04aae984315318dea,,False,False
industrial,dind-rs24.ru-675bf99e5b73b9d3,rs24.ru-run-none7.html,675bf99e5b73b9d3a368fae69b861092d9d3c1b531a80c9ff62d6f62df0c4934,,False,False
industrial,dind-rs24.ru-c08b8e40b58e9b34,rs24.ru-run-none8.html,c08b8e40b58e9b3442daca8309537bbc9278d7eb210a51a20766264d6bdc829e,,False,False
industrial,dind-rs24.ru-f0ddc824358ea6a4,rs24.ru-run-none9.html,f0ddc824358ea6a4004f2890051744a3830d00315cee5645c4b87fe0e817a411,,False,False
industrial,dind-rs24.ru-9efe2cd0d7d6ad25,rs24.ru-run-04db4a0c.html,9efe2cd0d7d6ad25446d0991270ba0cf0abab7cad98c5fba7358a00ea77544ba,,False,False
industrial,dind-rs24.ru-5f1e642e572bd9cd,rs24.ru-run-80a083d9.html,5f1e642e572bd9cd3c07eba7f732f2fb567acb759e080bafbf25cb20ccbd6c5c,,False,False
industrial,dind-spb.kuvalda.ru-766cff99f79845f2,spb.kuvalda.ru-run-none1.html,766cff99f79845f2fab0ee65b94a3e64cae602e2e84a6cb0219939b0e1167a8d,,False,False
industrial,dind-spb.tara.ru-c058547a7f8a948e,spb.tara.ru-run-none1.html,c058547a7f8a948eb10d6be44160e5c000ddfaa262e5ab9ef80bf1098ee6e2c7,,False,False
industrial,dind-spb.tara.ru-eb7917756d3e38ce,spb.tara.ru-run-none2.html,eb7917756d3e38ce80ba12eca4a1c1b24a98575d3c939fdb17bd24ba34f00e06,,False,False
industrial,dind-spb.tara.ru-b247ce637fbd5bab,spb.tara.ru-run-none3.html,b247ce637fbd5babb0691a2289407bc7198585d7f5f0687ca4a557b595c342d8,,False,False
industrial,dind-spb.tara.ru-a5b72707164fdaac,spb.tara.ru-run-none4.html,a5b72707164fdaac72dd264ada3897aea702fedfc717121724e9fc6a650b81a7,,False,False
industrial,dind-spb.tara.ru-e38223cfffcc86d0,spb.tara.ru-run-none5.html,e38223cfffcc86d0d62aa29533ceba5a21ee2574c3c5d24bd5864f66e42aefbe,,False,False
industrial,dind-spb.tara.ru-6339f71a84c7fe3f,spb.tara.ru-run-none6.html,6339f71a84c7fe3f45621853cfbbb99b18198cb3de8cf90883a4e798e9ac5c64,,False,False
industrial,dind-tara.ru-29a986a694d3d56c,tara.ru-run-08e7e74c.html,29a986a694d3d56c7b548babadd1de7298accbf3fb3f8f2687482a5a84e75e51,,False,False
industrial,dind-tara.ru-79d24cb7a3d97e32,tara.ru-run-26e00e9e.html,79d24cb7a3d97e32fd4f3b5dd97aa28e20ece7f9e3e3e6f7556027891cf818bf,,False,False
industrial,dind-tara.ru-5dd436ea3dedcde3,tara.ru-run-6b43fab8.html,5dd436ea3dedcde3e66722e2976008cdbd13bebdfe55a07c9bc9fc5c74dae1cd,,False,False
industrial,dind-tara.ru-996aa6565fe64523,tara.ru-run-a9c88d00.html,996aa6565fe64523588432a0307500a4c6c03d7052eb2e6f5cca9e8e46d59dfa,,False,False
industrial,dind-vseinstrumenti.ru-f1a5402edd7ade81,vseinstrumenti.ru-run-8d52f5c4.html,f1a5402edd7ade818367d4d30a7ebfb11dfadef19bbd818c2a678ebe848835fe,,False,False
industrial,dind-wildberries.ru-ef3f50265721d3c2,wildberries.ru-run-none1.html,ef3f50265721d3c21944644cbfe86fb36f113b35125a67b24abbd605dc6956e3,,False,False
industrial,dind-wildberries.ru-70b945be0d4bf26a,wildberries.ru-run-none2.html,70b945be0d4bf26ade6cba4814887bbbb45f45c92a0b7fd571022b427605edba,,False,False
industrial,dind-ximtek.ru-98dac1b01cd67510,ximtek.ru-run-none1.html,98dac1b01cd67510045c0bd520ec6be5e27da75fe33a96ab97ef693326079232,,False,False
industrial,dind-ximtek.ru-f97bddb789d6b997,ximtek.ru-run-none2.html,f97bddb789d6b997421fffe1f66a02ff18d9b99bc64dcc99062a0d6d9d4c74a8,,False,False
industrial,dind-ximtek.ru-abe2b1a972996824,ximtek.ru-run-none3.html,abe2b1a972996824976ac686487c6f97c9f3f8037c821920b9586b8335cd5663,,False,False
industrial,dind-ximtek.ru-940ff623d7a49c34,ximtek.ru-run-none4.html,940ff623d7a49c34bf8d009576532d29e87634a388815d9740371a57ee3c162f,,False,False
industrial,dind-ximtek.ru-c35012c3b47572b1,ximtek.ru-run-60625fbe.html,c35012c3b47572b1696ccd45b57c8a75a99f6362c23a1ee4bcadcfd63cea5229,,False,False
industrial,dind-ximtek.ru-a6bdec3f9b446bd1,ximtek.ru-run-8572df63.html,a6bdec3f9b446bd1d9a11f4d4e38363e6e82d20fc5b2e9c340c8fdd812c939da,,False,False
industrial,dind-xn----7sbbnaebi2cxajxwo0b.xn--p1ai-20db32191ce1e849,xn----7sbbnaebi2cxajxwo0b.xn--p1ai-run-none1.html,20db32191ce1e849ebda03bd800cf81b6a63725b3be17ab8038082da8f51fb02,,False,False
industrial,dind-xn----7sbbnaebi2cxajxwo0b.xn--p1ai-fa2a381a67d4ba03,xn----7sbbnaebi2cxajxwo0b.xn--p1ai-run-none2.html,fa2a381a67d4ba038a8673654f545cc93d9c0a3a7aa0414982c8a6a216d5d033,,False,False
industrial,dind-xn----7sbbnaebi2cxajxwo0b.xn--p1ai-a714f745fc2dada6,xn----7sbbnaebi2cxajxwo0b.xn--p1ai-run-none3.html,a714f745fc2dada61f3444f9433437bc007f030eed3ccf6189f4f7977141a948,,False,False
industrial,dind-.-e142c05b90bdf168,unknown-run-7839236e.html,e142c05b90bdf168fa488be6bff17a2adf9f773d95f3a9c9c670a56ba6f1b4f2,,False,False
industrial,dind-.-1c84d53a2c5b20ea,unknown-run-af7893e6.html,1c84d53a2c5b20ea468180478a071aa46d0aaf9bf32e1b1f93b77a7d3fe9bf83,,False,False
