dataset,page_id,html_file,html_key,run_id,source,product_url,variant,pred_name,pred_price,pred_in_stock,pred_old_price,pred_image_url,pred_delivery_time,pred_reviews_count,extract_notes,html_path,llm_item_index,request_sha256
synthetic,syn-0001,html/syn-0001.html,syn-0001.html,run-none1,synthetic-shop.local,https://synthetic-shop.local/product/laser-level-01-01,hybrid_original,Лазерный уровень ЛУ-360 Pro,12990.0,False,,,1–3 дня,,deterministic,D:\Pet_Codes\science\article-price-tracker\synthetic\html\syn-0001.html,,
synthetic,syn-0001,html/syn-0001.html,syn-0001.html,run-none1,synthetic-shop.local,https://synthetic-shop.local/product/laser-rangefinder-01-02,hybrid_original,Дальномер лазерный DM-80,7039.0,True,,,2–4 дня,,deterministic,D:\Pet_Codes\science\article-price-tracker\synthetic\html\syn-0001.html,,
synthetic,syn-0001,html/syn-0001.html,syn-0001.html,run-none1,synthetic-shop.local,https://synthetic-shop.local/product/multimeter-01-03,hybrid_original,Мультиметр цифровой M830 Pro,1916.0,True,,,3–5 дня,,deterministic,D:\Pet_Codes\science\article-price-tracker\synthetic\html\syn-0001.html,,
synthetic,syn-0001,html/syn-0001.html,syn-0001.html,run-none1,synthetic-shop.local,https://synthetic-shop.local/product/thermal-camera-01-04,hybrid_original,Тепловизор строительный IR-256,43800.0,True,,,1–6 дня,,deterministic,D:\Pet_Codes\science\article-price-tracker\synthetic\html\syn-0001.html,,
synthetic,syn-0001,html/syn-0001.html,syn-0001.html,run-none1,synthetic-shop.local,https://synthetic-shop.local/product/optical-level-01-05,hybrid_original,Нивелир оптический N-32,21490.0,True,,,2–3 дня,,deterministic,D:\Pet_Codes\science\article-price-tracker\synthetic\html\syn-0001.html,,
synthetic,syn-0001,html/syn-0001.html,syn-0001.html,run-none1,synthetic-shop.local,https://synthetic-shop.local/product/anemometer-01-06,hybrid_original,Анемометр цифровой AM-30,5925.0,True,,,2–3 дня,,deterministic,D:\Pet_Codes\science\article-price-tracker\synthetic\html\syn-0001.html,,
synthetic,syn-0001,html/syn-0001.html,syn-0001.html,run-none1,synthetic-shop.local,https://synthetic-shop.local/product/moisture-meter-01-07,hybrid_original,Влагомер древесины WM-2,3299.0,True,,,1–5 дня,,deterministic,D:\Pet_Codes\science\article-price-tracker\synthetic\html\syn-0001.html,,
synthetic,syn-0001,html/syn-0001.html,syn-0001.html,run-none1,synthetic-shop.local,https://synthetic-shop.local/product/wall-scanner-01-08,hybrid_original,Детектор скрытой проводки WallScan 5,4920.0,True,,,1–6 дня,,deterministic,D:\Pet_Codes\science\article-price-tracker\synthetic\html\syn-0001.html,,
synthetic,syn-0001,html/syn-0001.html,syn-0001.html,run-none1,synthetic-shop.local,https://synthetic-shop.local/product/clamp-meter-01-09,hybrid_original,Клещи токовые CM-600,7155.0,False,,,2–6 дня,,deterministic,D:\Pet_Codes\science\article-price-tracker\synthetic\html\syn-0001.html,,
synthetic,syn-0001,html/syn-0001.html,syn-0001.html,run-none1,synthetic-shop.local,https://synthetic-shop.local/product/luxmeter-01-10,hybrid_original,Люксметр LX-1010,3342.0,True,,,3–4 дня,,deterministic,D:\Pet_Codes\science\article-price-tracker\synthetic\html\syn-0001.html,,
synthetic,syn-0001,html/syn-0001.html,syn-0001.html,run-none1,synthetic-shop.local,https://synthetic-shop.local/product/megohmmeter-01-11,hybrid_original,Мегаомметр цифровой MI-1000,16263.0,True,,,3–4 дня,,deterministic,D:\Pet_Codes\science\article-price-tracker\synthetic\html\syn-0001.html,,
synthetic,syn-0001,html/syn-0001.html,syn-0001.html,run-none1,synthetic-shop.local,https://synthetic-shop.local/product/pyrometer-01-12,hybrid_original,Пирометр инфракрасный IR-900,3655.0,True,,,3–4 дня,,deterministic,D:\Pet_Codes\science\article-price-tracker\synthetic\html\syn-0001.html,,
synthetic,syn-0002,html/syn-0002.html,syn-0002.html,run-none2,synthetic-shop.local,https://synthetic-shop.local/product/thermal-camera-02-01,hybrid_original,Тепловизор строительный IR-256,43200.0,True,,,2–4 дня,,deterministic,D:\Pet_Codes\science\article-price-tracker\synthetic\html\syn-0002.html,,
synthetic,syn-0002,html/syn-0002.html,syn-0002.html,run-none2,synthetic-shop.local,https://synthetic-shop.local/product/optical-level-02-02,hybrid_original,Нивелир оптический N-32,21790.0,True,,,3–5 дня,,deterministic,D:\Pet_Codes\science\article-price-tracker\synthetic\html\syn-0002.html,,
synthetic,syn-0002,html/syn-0002.html,syn-0002.html,run-none2,synthetic-shop.local,https://synthetic-shop.local/product/wall-scanner-02-03,hybrid_original,Детектор скрытой проводки WallScan 5,4686.0,True,,,1–6 дня,,deterministic,D:\Pet_Codes\science\article-price-tracker\synthetic\html\syn-0002.html,,
synthetic,syn-0002,html/syn-0002.html,syn-0002.html,run-none2,synthetic-shop.local,https://synthetic-shop.local/product/anemometer-02-04,hybrid_original,Анемометр цифровой AM-30,5290.0,True,,,2–3 дня,,deterministic,D:\Pet_Codes\science\article-price-tracker\synthetic\html\syn-0002.html,,
synthetic,syn-0002,html/syn-0002.html,syn-0002.html,run-none2,synthetic-shop.local,https://synthetic-shop.local/product/pyrometer-02-05,hybrid_original,Пирометр инфракрасный IR-900,3514.0,True,,,3–4 дня,,deterministic,D:\Pet_Codes\science\article-price-tracker\synthetic\html\syn-0002.html,,
synthetic,syn-0002,html/syn-0002.html,syn-0002.html,run-none2,synthetic-shop.local,https://synthetic-shop.local/product/moisture-meter-02-06,hybrid_original,Влагомер древесины WM-2,3428.0,True,,,1–5 дня,,deterministic,D:\Pet_Codes\science\article-price-tracker\synthetic\html\syn-0002.html,,
synthetic,syn-0002,html/syn-0002.html,syn-0002.html,run-none2,synthetic-shop.local,https://synthetic-shop.local/product/laser-rangefinder-02-07,hybrid_original,Дальномер лазерный DM-80,7673.0,True,,,2–4 дня,,deterministic,D:\Pet_Codes\science\article-price-tracker\synthetic\html\syn-0002.html,,
synthetic,syn-0002,html/syn-0002.html,syn-0002.html,run-none2,synthetic-shop.local,https://synthetic-shop.local/product/clamp-meter-02-08,hybrid_original,Клещи токовые CM-600,7420.0,False,,,2–6 дня,,deterministic,D:\Pet_Codes\science\article-price-tracker\synthetic\html\syn-0002.html,,
synthetic,syn-0002,html/syn-0002.html,syn-0002.html,run-none2,synthetic-shop.local,https://synthetic-shop.local/product/laser-level-02-09,hybrid_original,Лазерный уровень ЛУ-360 Pro,13250.0,False,,,1–3 дня,,deterministic,D:\Pet_Codes\science\article-price-tracker\synthetic\html\syn-0002.html,,
synthetic,syn-0002,html/syn-0002.html,syn-0002.html,run-none2,synthetic-shop.local,https://synthetic-shop.local/product/luxmeter-02-10,hybrid_original,Люксметр LX-1010,3162.0,True,,,3–4 дня,,deterministic,D:\Pet_Codes\science\article-price-tracker\synthetic\html\syn-0002.html,,
synthetic,syn-0002,html/syn-0002.html,syn-0002.html,run-none2,synthetic-shop.local,https://synthetic-shop.local/product/megohmmeter-02-11,hybrid_original,Мегаомметр цифровой MI-1000,17390.0,True,,,3–4 дня,,deterministic,D:\Pet_Codes\science\article-price-tracker\synthetic\html\syn-0002.html,,
synthetic,syn-0002,html/syn-0002.html,syn-0002.html,run-none2,synthetic-shop.local,https://synthetic-shop.local/product/multimeter-02-12,hybrid_original,Мультиметр цифровой M830 Pro,2127.0,True,,,3–5 дня,,deterministic,D:\Pet_Codes\science\article-price-tracker\synthetic\html\syn-0002.html,,
synthetic,syn-0002,html/syn-0002.html,syn-0002.html,run-none2,synthetic-shop.local,https://synthetic-shop.local/product/socket-tester-02-13,hybrid_original,Тестер розеток и УЗО ST-8,1834.0,True,,,1–5 дня,,deterministic,D:\Pet_Codes\science\article-price-tracker\synthetic\html\syn-0002.html,,
synthetic,syn-0002,html/syn-0002.html,syn-0002.html,run-none2,synthetic-shop.local,https://synthetic-shop.local/product/coating-gauge-02-14,hybrid_original,Толщиномер покрытий CT-1200,9350.0,True,,,2–3 дня,,deterministic,D:\Pet_Codes\science\article-price-tracker\synthetic\html\syn-0002.html,,
synthetic,syn-0002,html/syn-0002.html,syn-0002.html,run-none2,synthetic-shop.local,https://synthetic-shop.local/product/angle-meter-02-15,hybrid_original,Угломер электронный AG-360,4113.0,True,,,1–5 дня,,deterministic,D:\Pet_Codes\science\article-price-tracker\synthetic\html\syn-0002.html,,
synthetic,syn-0002,html/syn-0002.html,syn-0002.html,run-none2,synthetic-shop.local,https://synthetic-shop.local/product/anemometer-02-16,hybrid_original,Анемометр цифровой AM-30 — серия 2,5819.0,True,,,2–3 дня,,deterministic,D:\Pet_Codes\science\article-price-tracker\synthetic\html\syn-0002.html,,
synthetic,syn-0002,html/syn-0002.html,syn-0002.html,run-none2,synthetic-shop.local,https://synthetic-shop.local/product/moisture-meter-02-17,hybrid_original,Влагомер древесины WM-2 — серия 2,3234.0,True,,,1–5 дня,,deterministic,D:\Pet_Codes\science\article-price-tracker\synthetic\html\syn-0002.html,,
synthetic,syn-0002,html/syn-0002.html,syn-0002.html,run-none2,synthetic-shop.local,https://synthetic-shop.local/product/laser-rangefinder-02-18,hybrid_original,Дальномер лазерный DM-80 — серия 2,7250.0,True,,,2–4 дня,,deterministic,D:\Pet_Codes\science\article-price-tracker\synthetic\html\syn-0002.html,,
synthetic,syn-0002,html/syn-0002.html,syn-0002.html,run-none2,synthetic-shop.local,https://synthetic-shop.local/product/wall-scanner-02-19,hybrid_original,Детектор скрытой проводки WallScan 5 — серия 2,4967.0,True,,,1–6 дня,,deterministic,D:\Pet_Codes\science\article-price-tracker\synthetic\html\syn-0002.html,,
synthetic,syn-0002,html/syn-0002.html,syn-0002.html,run-none2,synthetic-shop.local,https://synthetic-shop.local/product/clamp-meter-02-20,hybrid_original,Клещи токовые CM-600 — серия 2,7221.0,False,,,2–6 дня,,deterministic,D:\Pet_Codes\science\article-price-tracker\synthetic\html\syn-0002.html,,
synthetic,syn-0002,html/syn-0002.html,syn-0002.html,run-none2,synthetic-shop.local,https://synthetic-shop.local/product/laser-level-02-21,hybrid_original,Лазерный уровень ЛУ-360 Pro — серия 2,14549.0,False,,,1–3 дня,,deterministic,D:\Pet_Codes\science\article-price-tracker\synthetic\html\syn-0002.html,,
synthetic,syn-0002,html/syn-0002.html,syn-0002.html,run-none2,synthetic-shop.local,https://synthetic-shop.local/product/luxmeter-02-22,hybrid_original,Люксметр LX-1010 — серия 2,3071.0,True,,,3–4 дня,,deterministic,D:\Pet_Codes\science\article-price-tracker\synthetic\html\syn-0002.html,,
synthetic,syn-0002,html/syn-0002.html,syn-0002.html,run-none2,synthetic-shop.local,https://synthetic-shop.local/product/megohmmeter-02-23,hybrid_original,Мегаомметр цифровой MI-1000 — серия 2,16907.0,True,,,3–4 дня,,deterministic,D:\Pet_Codes\science\article-price-tracker\synthetic\html\syn-0002.html,,
synthetic,syn-0002,html/syn-0002.html,syn-0002.html,run-none2,synthetic-shop.local,https://synthetic-shop.local/product/multimeter-02-24,hybrid_original,Мультиметр цифровой M830 Pro — серия 2,2069.0,True,,,3–5 дня,,deterministic,D:\Pet_Codes\science\article-price-tracker\synthetic\html\syn-0002.html,,
synthetic,syn-0002,html/syn-0002.html,syn-0002.html,run-none2,synthetic-shop.local,https://synthetic-shop.local/product/optical-level-02-25,hybrid_original,Нивелир оптический N-32 — серия 2,23854.0,True,,,2–3 дня,,deterministic,D:\Pet_Codes\science\article-price-tracker\synthetic\html\syn-0002.html,,
synthetic,syn-0002,html/syn-0002.html,syn-0002.html,run-none2,synthetic-shop.local,https://synthetic-shop.local/product/pyrometer-02-26,hybrid_original,Пирометр инфракрасный IR-900 — серия 2,3549.0,True,,,3–4 дня,,deterministic,D:\Pet_Codes\science\article-price-tracker\synthetic\html\syn-0002.html,,
synthetic,syn-0002,html/syn-0002.html,syn-0002.html,run-none2,synthetic-shop.local,https://synthetic-shop.local/product/thermal-camera-02-27,hybrid_original,Тепловизор строительный IR-256 — серия 2,45552.0,True,,,1–6 дня,,deterministic,D:\Pet_Codes\science\article-price-tracker\synthetic\html\syn-0002.html,,
synthetic,syn-0002,html/syn-0002.html,syn-0002.html,run-none2,synthetic-shop.local,https://synthetic-shop.local/product/socket-tester-02-28,hybrid_original,Тестер розеток и УЗО ST-8 — серия 2,1943.0,True,,,1–5 дня,,deterministic,D:\Pet_Codes\science\article-price-tracker\synthetic\html\syn-0002.html,,
synthetic,syn-0002,html/syn-0002.html,syn-0002.html,run-none2,synthetic-shop.local,https://synthetic-shop.local/product/coating-gauge-02-29,hybrid_original,Толщиномер покрытий CT-1200 — серия 2,9889.0,True,,,2–3 дня,,deterministic,D:\Pet_Codes\science\article-price-tracker\synthetic\html\syn-0002.html,,
synthetic,syn-0002,html/syn-0002.html,syn-0002.html,run-none2,synthetic-shop.local,https://synthetic-shop.local/product/angle-meter-02-30,hybrid_original,Угломер электронный AG-360 — серия 2,3844.0,True,,,1–5 дня,,deterministic,D:\Pet_Codes\science\article-price-tracker\synthetic\html\syn-0002.html,,
synthetic,syn-0003,html/syn-0003.html,syn-0003.html,run-none3,synthetic-shop.local,https://synthetic-shop.local/product/anemometer-03-01,hybrid_original,Анемометр цифровой AM-30,5364.0,True,,,3–5 дня,,deterministic,D:\Pet_Codes\science\article-price-tracker\synthetic\html\syn-0003.html,,
synthetic,syn-0003,html/syn-0003.html,syn-0003.html,run-none3,synthetic-shop.local,https://synthetic-shop.local/product/pyrometer-03-02,hybrid_original,Пирометр инфракрасный IR-900,3562.0,True,,,1–6 дня,,deterministic,D:\Pet_Codes\science\article-price-tracker\synthetic\html\syn-0003.html,,
synthetic,syn-0003,html/syn-0003.html,syn-0003.html,run-none3,synthetic-shop.local,https://synthetic-shop.local/product/coating-gauge-03-03,hybrid_original,Толщиномер покрытий CT-1200,8990.0,True,,,2–3 дня,,deterministic,D:\Pet_Codes\science\article-price-tracker\synthetic\html\syn-0003.html,,
synthetic,syn-0003,html/syn-0003.html,syn-0003.html,run-none3,synthetic-shop.local,https://synthetic-shop.local/product/megohmmeter-03-04,hybrid_original,Мегаомметр цифровой MI-1000,16102.0,True,,,3–4 дня,,deterministic,D:\Pet_Codes\science\article-price-tracker\synthetic\html\syn-0003.html,,
synthetic,syn-0003,html/syn-0003.html,syn-0003.html,run-none3,synthetic-shop.local,https://synthetic-shop.local/product/socket-tester-03-05,hybrid_original,Тестер розеток и УЗО ST-8,1816.0,True,,,1–5 дня,,deterministic,D:\Pet_Codes\science\article-price-tracker\synthetic\html\syn-0003.html,,
synthetic,syn-0003,html/syn-0003.html,syn-0003.html,run-none3,synthetic-shop.local,https://synthetic-shop.local/product/moisture-meter-03-06,hybrid_original,Влагомер древесины WM-2,3234.0,True,,,1–5 дня,,deterministic,D:\Pet_Codes\science\article-price-tracker\synthetic\html\syn-0003.html,,
synthetic,syn-0003,html/syn-0003.html,syn-0003.html,run-none3,synthetic-shop.local,https://synthetic-shop.local/product/laser-rangefinder-03-07,hybrid_original,Дальномер лазерный DM-80,7250.0,True,,,2–4 дня,,deterministic,D:\Pet_Codes\science\article-price-tracker\synthetic\html\syn-0003.html,,
synthetic,syn-0003,html/syn-0003.html,syn-0003.html,run-none3,synthetic-shop.local,https://synthetic-shop.local/product/wall-scanner-03-08,hybrid_original,Детектор скрытой проводки WallScan 5,4967.0,True,,,1–6 дня,,deterministic,D:\Pet_Codes\science\article-price-tracker\synthetic\html\syn-0003.html,,
synthetic,syn-0003,html/syn-0003.html,syn-0003.html,run-none3,synthetic-shop.local,https://synthetic-shop.local/product/clamp-meter-03-09,hybrid_original,Клещи токовые CM-600,7221.0,False,,,2–6 дня,,deterministic,D:\Pet_Codes\science\article-price-tracker\synthetic\html\syn-0003.html,,
synthetic,syn-0003,html/syn-0003.html,syn-0003.html,run-none3,synthetic-shop.local,https://synthetic-shop.local/product/laser-level-03-10,hybrid_original,Лазерный уровень ЛУ-360 Pro,14549.0,False,,,1–3 дня,,deterministic,D:\Pet_Codes\science\article-price-tracker\synthetic\html\syn-0003.html,,
synthetic,syn-0003,html/syn-0003.html,syn-0003.html,run-none3,synthetic-shop.local,https://synthetic-shop.local/product/luxmeter-03-11,hybrid_original,Люксметр LX-1010,3071.0,True,,,3–4 дня,,deterministic,D:\Pet_Codes\science\article-price-tracker\synthetic\html\syn-0003.html,,
synthetic,syn-0003,html/syn-0003.html,syn-0003.html,run-none3,synthetic-shop.local,https://synthetic-shop.local/product/multimeter-03-12,hybrid_original,Мультиметр цифровой M830 Pro,2012.0,True,,,3–5 дня,,deterministic,D:\Pet_Codes\science\article-price-tracker\synthetic\html\syn-0003.html,,
synthetic,syn-0003,html/syn-0003.html,syn-0003.html,run-none3,synthetic-shop.local,https://synthetic-shop.local/product/optical-level-03-13,hybrid_original,Нивелир оптический N-32,23209.0,True,,,2–3 дня,,deterministic,D:\Pet_Codes\science\article-price-tracker\synthetic\html\syn-0003.html,,
synthetic,syn-0003,html/syn-0003.html,syn-0003.html,run-none3,synthetic-shop.local,https://synthetic-shop.local/product/thermal-camera-03-14,hybrid_original,Тепловизор строительный IR-256,48618.0,True,,,1–6 дня,,deterministic,D:\Pet_Codes\science\article-price-tracker\synthetic\html\syn-0003.html,,
synthetic,syn-0003,html/syn-0003.html,syn-0003.html,run-none3,synthetic-shop.local,https://synthetic-shop.local/product/angle-meter-03-15,hybrid_original,Угломер электронный AG-360,3882.0,True,,,1–5 дня,,deterministic,D:\Pet_Codes\science\article-price-tracker\synthetic\html\syn-0003.html,,
synthetic,syn-0003,html/syn-0003.html,syn-0003.html,run-none3,synthetic-shop.local,https://synthetic-shop.local/product/anemometer-03-16,hybrid_original,Анемометр цифровой AM-30 — серия 2,5502.0,True,,,2–3 дня,,deterministic,D:\Pet_Codes\science\article-price-tracker\synthetic\html\syn-0003.html,,
synthetic,syn-0004,html/syn-0004.html,syn-0004.html,run-none4,synthetic-shop.local,https://synthetic-shop.local/product/pyrometer-04-26,hybrid_original,Пирометр инфракрасный IR-900 — серия 2,3584.0,,,,,,deterministic,D:\Pet_Codes\science\article-price-tracker\synthetic\html\syn-0004.html,,
synthetic,syn-0004,html/syn-0004.html,syn-0004.html,run-none4,synthetic-shop.local,https://synthetic-shop.local/product/optical-level-04-25,hybrid_original,Нивелир оптический N-32 — серия 2,24069.0,,,,,,deterministic,D:\Pet_Codes\science\article-price-tracker\synthetic\html\syn-0004.html,,
synthetic,syn-0004,html/syn-0004.html,syn-0004.html,run-none4,synthetic-shop.local,https://synthetic-shop.local/product/multimeter-04-24,hybrid_original,Мультиметр цифровой M830 Pro — серия 2,2088.0,,,,,,deterministic,D:\Pet_Codes\science\article-price-tracker\synthetic\html\syn-0004.html,,
synthetic,syn-0004,html/syn-0004.html,syn-0004.html,run-none4,synthetic-shop.local,https://synthetic-shop.local/product/megohmmeter-04-23,hybrid_original,Мегаомметр цифровой MI-1000 — серия 2,17068.0,,,,,,deterministic,D:\Pet_Codes\science\article-price-tracker\synthetic\html\syn-0004.html,,
synthetic,syn-0004,html/syn-0004.html,syn-0004.html,run-none4,synthetic-shop.local,https://synthetic-shop.local/product/luxmeter-04-22,hybrid_original,Люксметр LX-1010 — серия 2,3101.0,,,,,,deterministic,D:\Pet_Codes\science\article-price-tracker\synthetic\html\syn-0004.html,,
synthetic,syn-0004,html/syn-0004.html,syn-0004.html,run-none4,synthetic-shop.local,https://synthetic-shop.local/product/laser-level-04-21,hybrid_original,Лазерный уровень ЛУ-360 Pro — серия 2,12990.0,,,,,,deterministic,D:\Pet_Codes\science\article-price-tracker\synthetic\html\syn-0004.html,,
synthetic,syn-0004,html/syn-0004.html,syn-0004.html,run-none4,synthetic-shop.local,https://synthetic-shop.local/product/clamp-meter-04-20,hybrid_original,Клещи токовые CM-600 — серия 2,7288.0,,,,,,deterministic,D:\Pet_Codes\science\article-price-tracker\synthetic\html\syn-0004.html,,
synthetic,syn-0004,html/syn-0004.html,syn-0004.html,run-none4,synthetic-shop.local,https://synthetic-shop.local/product/wall-scanner-04-19,hybrid_original,Детектор скрытой проводки WallScan 5 — серия 2,5014.0,,,,,,deterministic,D:\Pet_Codes\science\article-price-tracker\synthetic\html\syn-0004.html,,
synthetic,syn-0004,html/syn-0004.html,syn-0004.html,run-none4,synthetic-shop.local,https://synthetic-shop.local/product/laser-rangefinder-04-18,hybrid_original,Дальномер лазерный DM-80 — серия 2,7321.0,,,,,,deterministic,D:\Pet_Codes\science\article-price-tracker\synthetic\html\syn-0004.html,,
synthetic,syn-0004,html/syn-0004.html,syn-0004.html,run-none4,synthetic-shop.local,https://synthetic-shop.local/product/moisture-meter-04-17,hybrid_original,Влагомер древесины WM-2 — серия 2,3266.0,,,,,,deterministic,D:\Pet_Codes\science\article-price-tracker\synthetic\html\syn-0004.html,,
synthetic,syn-0004,html/syn-0004.html,syn-0004.html,run-none4,synthetic-shop.local,https://synthetic-shop.local/product/anemometer-04-16,hybrid_original,Анемометр цифровой AM-30 — серия 2,5872.0,,,,,,deterministic,D:\Pet_Codes\science\article-price-tracker\synthetic\html\syn-0004.html,,
synthetic,syn-0004,html/syn-0004.html,syn-0004.html,run-none4,synthetic-shop.local,https://synthetic-shop.local/product/angle-meter-04-15,hybrid_original,Угломер электронный AG-360,4152.0,,,,,,deterministic,D:\Pet_Codes\science\article-price-tracker\synthetic\html\syn-0004.html,,
synthetic,syn-0004,html/syn-0004.html,syn-0004.html,run-none4,synthetic-shop.local,https://synthetic-shop.local/product/coating-gauge-04-14,hybrid_original,Толщиномер покрытий CT-1200,9440.0,,,,,,deterministic,D:\Pet_Codes\science\article-price-tracker\synthetic\html\syn-0004.html,,
synthetic,syn-0004,html/syn-0004.html,syn-0004.html,run-none4,synthetic-shop.local,https://synthetic-shop.local/product/thermal-camera-04-13,hybrid_original,Тепловизор строительный IR-256,44676.0,,,,,,deterministic,D:\Pet_Codes\science\article-price-tracker\synthetic\html\syn-0004.html,,
synthetic,syn-0004,html/syn-0004.html,syn-0004.html,run-none4,synthetic-shop.local,https://synthetic-shop.local/product/pyrometer-04-12,hybrid_original,Пирометр инфракрасный IR-900,3936.0,,,,,,deterministic,D:\Pet_Codes\science\article-price-tracker\synthetic\html\syn-0004.html,,
synthetic,syn-0004,html/syn-0004.html,syn-0004.html,run-none4,synthetic-shop.local,https://synthetic-shop.local/product/optical-level-04-11,hybrid_original,Нивелир оптический N-32,23424.0,,,,,,deterministic,D:\Pet_Codes\science\article-price-tracker\synthetic\html\syn-0004.html,,
synthetic,syn-0004,html/syn-0004.html,syn-0004.html,run-none4,synthetic-shop.local,https://synthetic-shop.local/product/multimeter-04-10,hybrid_original,Мультиметр цифровой M830 Pro,2031.0,,,,,,deterministic,D:\Pet_Codes\science\article-price-tracker\synthetic\html\syn-0004.html,,
synthetic,syn-0004,html/syn-0004.html,syn-0004.html,run-none4,synthetic-shop.local,https://synthetic-shop.local/product/laser-level-04-09,hybrid_original,Лазерный уровень ЛУ-360 Pro,13380.0,,,,,,deterministic,D:\Pet_Codes\science\article-price-tracker\synthetic\html\syn-0004.html,,
synthetic,syn-0004,html/syn-0004.html,syn-0004.html,run-none4,synthetic-shop.local,https://synthetic-shop.local/product/wall-scanner-04-08,hybrid_original,Детектор скрытой проводки WallScan 5,4686.0,,,,,,deterministic,D:\Pet_Codes\science\article-price-tracker\synthetic\html\syn-0004.html,,
synthetic,syn-0004,html/syn-0004.html,syn-0004.html,run-none4,synthetic-shop.local,https://synthetic-shop.local/product/laser-rangefinder-04-07,hybrid_original,Дальномер лазерный DM-80,7743.0,,,,,,deterministic,D:\Pet_Codes\science\article-price-tracker\synthetic\html\syn-0004.html,,
synthetic,syn-0004,html/syn-0004.html,syn-0004.html,run-none4,synthetic-shop.local,https://synthetic-shop.local/product/anemometer-04-06,hybrid_original,Анемометр цифровой AM-30,5660.0,,,,,,deterministic,D:\Pet_Codes\science\article-price-tracker\synthetic\html\syn-0004.html,,
synthetic,syn-0004,html/syn-0004.html,syn-0004.html,run-none4,synthetic-shop.local,https://synthetic-shop.local/product/clamp-meter-04-05,hybrid_original,Клещи токовые CM-600,6625.0,,,,,,deterministic,D:\Pet_Codes\science\article-price-tracker\synthetic\html\syn-0004.html,,
synthetic,syn-0004,html/syn-0004.html,syn-0004.html,run-none4,synthetic-shop.local,https://synthetic-shop.local/product/moisture-meter-04-04,hybrid_original,Влагомер древесины WM-2,3234.0,,,,,,deterministic,D:\Pet_Codes\science\article-price-tracker\synthetic\html\syn-0004.html,,
synthetic,syn-0004,html/syn-0004.html,syn-0004.html,run-none4,synthetic-shop.local,https://synthetic-shop.local/product/luxmeter-04-03,hybrid_original,Люксметр LX-1010,3011.0,,,,,,deterministic,D:\Pet_Codes\science\article-price-tracker\synthetic\html\syn-0004.html,,
synthetic,syn-0004,html/syn-0004.html,syn-0004.html,run-none4,synthetic-shop.local,https://synthetic-shop.local/product/socket-tester-04-02,hybrid_original,Тестер розеток и УЗО ST-8,1790.0,,,,,,deterministic,D:\Pet_Codes\science\article-price-tracker\synthetic\html\syn-0004.html,,
synthetic,syn-0004,html/syn-0004.html,syn-0004.html,run-none4,synthetic-shop.local,https://synthetic-shop.local/product/megohmmeter-04-01,hybrid_original,Мегаомметр цифровой MI-1000,16326.0,,,,,,deterministic,D:\Pet_Codes\science\article-price-tracker\synthetic\html\syn-0004.html,,
synthetic,syn-0005,html/syn-0005.html,syn-0005.html,run-none5,synthetic-shop.local,https://synthetic-shop.local/product/moisture-meter-05-01,hybrid_original,Влагомер древесины WM-2,3190.0,True,,,2–3 дня,,candidate_only,D:\Pet_Codes\science\article-price-tracker\synthetic\html\syn-0005.html,,
synthetic,syn-0005,html/syn-0005.html,syn-0005.html,run-none5,synthetic-shop.local,https://synthetic-shop.local/product/clamp-meter-05-02,hybrid_original,Клещи токовые CM-600,6535.0,True,,,3–4 дня,,candidate_only,D:\Pet_Codes\science\article-price-tracker\synthetic\html\syn-0005.html,,
synthetic,syn-0005,html/syn-0005.html,syn-0005.html,run-none5,synthetic-shop.local,https://synthetic-shop.local/product/angle-meter-05-03,hybrid_original,Угломер электронный AG-360,3844.0,True,,,1–5 дня,,candidate_only,D:\Pet_Codes\science\article-price-tracker\synthetic\html\syn-0005.html,,
synthetic,syn-0005,html/syn-0005.html,syn-0005.html,run-none5,synthetic-shop.local,https://synthetic-shop.local/product/laser-level-05-04,hybrid_original,Лазерный уровень ЛУ-360 Pro,13263.0,False,,,2–6 дня,,candidate_only,D:\Pet_Codes\science\article-price-tracker\synthetic\html\syn-0005.html,,
synthetic,syn-0005,html/syn-0005.html,syn-0005.html,run-none5,synthetic-shop.local,https://synthetic-shop.local/product/laser-rangefinder-05-05,hybrid_original,Дальномер лазерный DM-80,6990.0,True,,,3–3 дня,,candidate_only,D:\Pet_Codes\science\article-price-tracker\synthetic\html\syn-0005.html,,
synthetic,syn-0005,html/syn-0005.html,syn-0005.html,run-none5,synthetic-shop.local,https://synthetic-shop.local/product/wall-scanner-05-07,hybrid_original,Детектор скрытой проводки WallScan 5,4873.0,True,,,1–6 дня,,candidate_only,D:\Pet_Codes\science\article-price-tracker\synthetic\html\syn-0005.html,,
synthetic,syn-0005,html/syn-0005.html,syn-0005.html,run-none5,synthetic-shop.local,https://synthetic-shop.local/product/anemometer-05-06,hybrid_original,Анемометр цифровой AM-30,5343.0,True,,,2–3 дня,,candidate_only,D:\Pet_Codes\science\article-price-tracker\synthetic\html\syn-0005.html,,
synthetic,syn-0005,html/syn-0005.html,syn-0005.html,run-none5,synthetic-shop.local,https://synthetic-shop.local/product/megohmmeter-05-09,hybrid_original,Мегаомметр цифровой MI-1000,17712.0,True,,,3–4 дня,,candidate_only,D:\Pet_Codes\science\article-price-tracker\synthetic\html\syn-0005.html,,
synthetic,syn-0006,html/syn-0006.html,syn-0006.html,run-none6,synthetic-shop.local,https://synthetic-shop.local/product/laser-level-06-01,hybrid_original,Лазерный уровень ЛУ-360 Pro,13081.0,True,,,,,candidate_only,D:\Pet_Codes\science\article-price-tracker\synthetic\html\syn-0006.html,,
synthetic,syn-0006,html/syn-0006.html,syn-0006.html,run-none6,synthetic-shop.local,https://synthetic-shop.local/product/multimeter-06-03,hybrid_original,Мультиметр цифровой M830 Pro,1929.0,False,,,,,candidate_only,D:\Pet_Codes\science\article-price-tracker\synthetic\html\syn-0006.html,,
synthetic,syn-0006,html/syn-0006.html,syn-0006.html,run-none6,synthetic-shop.local,https://synthetic-shop.local/product/laser-rangefinder-06-02,hybrid_original,Дальномер лазерный DM-80,7088.0,True,,,,,candidate_only,D:\Pet_Codes\science\article-price-tracker\synthetic\html\syn-0006.html,,
synthetic,syn-0006,html/syn-0006.html,syn-0006.html,run-none6,synthetic-shop.local,https://synthetic-shop.local/product/thermal-camera-06-04,hybrid_original,Тепловизор строительный IR-256,42900.0,True,,,,,candidate_only,D:\Pet_Codes\science\article-price-tracker\synthetic\html\syn-0006.html,,
synthetic,syn-0006,html/syn-0006.html,syn-0006.html,run-none6,synthetic-shop.local,https://synthetic-shop.local/product/optical-level-06-05,hybrid_original,Нивелир оптический N-32,21640.0,True,,,,,candidate_only,D:\Pet_Codes\science\article-price-tracker\synthetic\html\syn-0006.html,,
synthetic,syn-0006,html/syn-0006.html,syn-0006.html,run-none6,synthetic-shop.local,https://synthetic-shop.local/product/anemometer-06-06,hybrid_original,Анемометр цифровой AM-30,5713.0,True,,,,,candidate_only,D:\Pet_Codes\science\article-price-tracker\synthetic\html\syn-0006.html,,
synthetic,syn-0006,html/syn-0006.html,syn-0006.html,run-none6,synthetic-shop.local,https://synthetic-shop.local/product/wall-scanner-06-08,hybrid_original,Детектор скрытой проводки WallScan 5,4733.0,True,,,,,candidate_only,D:\Pet_Codes\science\article-price-tracker\synthetic\html\syn-0006.html,,
synthetic,syn-0006,html/syn-0006.html,syn-0006.html,run-none6,synthetic-shop.local,https://synthetic-shop.local/product/moisture-meter-06-07,hybrid_original,Влагомер древесины WM-2,3590.0,True,,,,,candidate_only,D:\Pet_Codes\science\article-price-tracker\synthetic\html\syn-0006.html,,
synthetic,syn-0007,html/syn-0007.html,syn-0007.html,run-none7,synthetic-shop.local,https://synthetic-shop.local/product/thermal-camera-07-01,hybrid_original,Тепловизор строительный IR-256,43500.0,True,,,1–5 дня,,deterministic,D:\Pet_Codes\science\article-price-tracker\synthetic\html\syn-0007.html,,
synthetic,syn-0007,html/syn-0007.html,syn-0007.html,run-none7,synthetic-shop.local,https://synthetic-shop.local/product/optical-level-07-02,hybrid_original,Нивелир оптический N-32,21940.0,False,,,2–6 дня,,deterministic,D:\Pet_Codes\science\article-price-tracker\synthetic\html\syn-0007.html,,
synthetic,syn-0007,html/syn-0007.html,syn-0007.html,run-none7,synthetic-shop.local,https://synthetic-shop.local/product/wall-scanner-07-03,hybrid_original,Детектор скрытой проводки WallScan 5,4590.0,True,,,3–3 дня,,deterministic,D:\Pet_Codes\science\article-price-tracker\synthetic\html\syn-0007.html,,
synthetic,syn-0007,html/syn-0007.html,syn-0007.html,run-none7,synthetic-shop.local,https://synthetic-shop.local/product/anemometer-07-04,hybrid_original,Анемометр цифровой AM-30,5327.0,True,,,1–4 дня,,deterministic,D:\Pet_Codes\science\article-price-tracker\synthetic\html\syn-0007.html,,
synthetic,syn-0007,html/syn-0007.html,syn-0007.html,run-none7,synthetic-shop.local,https://synthetic-shop.local/product/pyrometer-07-05,hybrid_original,Пирометр инфракрасный IR-900,3538.0,True,,,2–5 дня,,deterministic,D:\Pet_Codes\science\article-price-tracker\synthetic\html\syn-0007.html,,
synthetic,syn-0007,html/syn-0007.html,syn-0007.html,run-none7,synthetic-shop.local,https://synthetic-shop.local/product/moisture-meter-07-06,hybrid_original,Влагомер древесины WM-2,3299.0,True,,,1–5 дня,,deterministic,D:\Pet_Codes\science\article-price-tracker\synthetic\html\syn-0007.html,,
synthetic,syn-0007,html/syn-0007.html,syn-0007.html,run-none7,synthetic-shop.local,https://synthetic-shop.local/product/laser-rangefinder-07-07,hybrid_original,Дальномер лазерный DM-80,7391.0,True,,,2–4 дня,,deterministic,D:\Pet_Codes\science\article-price-tracker\synthetic\html\syn-0007.html,,
synthetic,syn-0007,html/syn-0007.html,syn-0007.html,run-none7,synthetic-shop.local,https://synthetic-shop.local/product/clamp-meter-07-08,hybrid_original,Клещи токовые CM-600,7155.0,False,,,2–6 дня,,deterministic,D:\Pet_Codes\science\article-price-tracker\synthetic\html\syn-0007.html,,
synthetic,syn-0007,html/syn-0007.html,syn-0007.html,run-none7,synthetic-shop.local,https://synthetic-shop.local/product/laser-level-07-09,hybrid_original,Лазерный уровень ЛУ-360 Pro,14419.0,False,,,1–3 дня,,deterministic,D:\Pet_Codes\science\article-price-tracker\synthetic\html\syn-0007.html,,
synthetic,syn-0007,html/syn-0007.html,syn-0007.html,run-none7,synthetic-shop.local,https://synthetic-shop.local/product/luxmeter-07-10,hybrid_original,Люксметр LX-1010,3041.0,True,,,3–4 дня,,deterministic,D:\Pet_Codes\science\article-price-tracker\synthetic\html\syn-0007.html,,
synthetic,syn-0007,html/syn-0007.html,syn-0007.html,run-none7,synthetic-shop.local,https://synthetic-shop.local/product/megohmmeter-07-11,hybrid_original,Мегаомметр цифровой MI-1000,16746.0,True,,,3–4 дня,,deterministic,D:\Pet_Codes\science\article-price-tracker\synthetic\html\syn-0007.html,,
synthetic,syn-0007,html/syn-0007.html,syn-0007.html,run-none7,synthetic-shop.local,https://synthetic-shop.local/product/multimeter-07-12,hybrid_original,Мультиметр цифровой M830 Pro,2050.0,True,,,3–5 дня,,deterministic,D:\Pet_Codes\science\article-price-tracker\synthetic\html\syn-0007.html,,
synthetic,syn-0007,html/syn-0007.html,syn-0007.html,run-none7,synthetic-shop.local,https://synthetic-shop.local/product/socket-tester-07-13,hybrid_original,Тестер розеток и УЗО ST-8,1998.0,True,,,1–5 дня,,deterministic,D:\Pet_Codes\science\article-price-tracker\synthetic\html\syn-0007.html,,
synthetic,syn-0007,html/syn-0007.html,syn-0007.html,run-none7,synthetic-shop.local,https://synthetic-shop.local/product/coating-gauge-07-14,hybrid_original,Толщиномер покрытий CT-1200,8990.0,True,,,2–3 дня,,deterministic,D:\Pet_Codes\science\article-price-tracker\synthetic\html\syn-0007.html,,
synthetic,syn-0007,html/syn-0007.html,syn-0007.html,run-none7,synthetic-shop.local,https://synthetic-shop.local/product/angle-meter-07-15,hybrid_original,Угломер электронный AG-360,3959.0,True,,,1–5 дня,,deterministic,D:\Pet_Codes\science\article-price-tracker\synthetic\html\syn-0007.html,,
synthetic,syn-0007,html/syn-0007.html,syn-0007.html,run-none7,synthetic-shop.local,https://synthetic-shop.local/product/anemometer-07-16,hybrid_original,Анемометр цифровой AM-30 — серия 2,5607.0,True,,,2–3 дня,,deterministic,D:\Pet_Codes\science\article-price-tracker\synthetic\html\syn-0007.html,,
synthetic,syn-0007,html/syn-0007.html,syn-0007.html,run-none7,synthetic-shop.local,https://synthetic-shop.local/product/moisture-meter-07-17,hybrid_original,Влагомер древесины WM-2 — серия 2,3525.0,True,,,1–5 дня,,deterministic,D:\Pet_Codes\science\article-price-tracker\synthetic\html\syn-0007.html,,
synthetic,syn-0007,html/syn-0007.html,syn-0007.html,run-none7,synthetic-shop.local,https://synthetic-shop.local/product/laser-rangefinder-07-18,hybrid_original,Дальномер лазерный DM-80 — серия 2,7884.0,True,,,2–4 дня,,deterministic,D:\Pet_Codes\science\article-price-tracker\synthetic\html\syn-0007.html,,
synthetic,syn-0008,html/syn-0008.html,syn-0008.html,run-none8,synthetic-shop.local,https://synthetic-shop.local/product/anemometer-08-01,hybrid_original,Анемометр цифровой AM-30,5401.0,False,,,2–6 дня,,candidate_only,D:\Pet_Codes\science\article-price-tracker\synthetic\html\syn-0008.html,,
synthetic,syn-0008,html/syn-0008.html,syn-0008.html,run-none8,synthetic-shop.local,https://synthetic-shop.local/product/pyrometer-08-02,hybrid_original,Пирометр инфракрасный IR-900,3490.0,True,,,3–3 дня,,candidate_only,D:\Pet_Codes\science\article-price-tracker\synthetic\html\syn-0008.html,,
synthetic,syn-0008,html/syn-0008.html,syn-0008.html,run-none8,synthetic-shop.local,https://synthetic-shop.local/product/coating-gauge-08-03,hybrid_original,Толщиномер покрытий CT-1200,9053.0,True,,,1–4 дня,,candidate_only,D:\Pet_Codes\science\article-price-tracker\synthetic\html\syn-0008.html,,
synthetic,syn-0008,html/syn-0008.html,syn-0008.html,run-none8,synthetic-shop.local,https://synthetic-shop.local/product/megohmmeter-08-04,hybrid_original,Мегаомметр цифровой MI-1000,16214.0,True,,,2–5 дня,,candidate_only,D:\Pet_Codes\science\article-price-tracker\synthetic\html\syn-0008.html,,
synthetic,syn-0008,html/syn-0008.html,syn-0008.html,run-none8,synthetic-shop.local,https://synthetic-shop.local/product/wall-scanner-08-08,hybrid_original,Детектор скрытой проводки WallScan 5,4780.0,True,,,1–6 дня,,candidate_only,D:\Pet_Codes\science\article-price-tracker\synthetic\html\syn-0008.html,,
synthetic,syn-0008,html/syn-0008.html,syn-0008.html,run-none8,synthetic-shop.local,https://synthetic-shop.local/product/socket-tester-08-05,hybrid_original,Тестер розеток и УЗО ST-8,1829.0,True,,,3–6 дня,,candidate_only,D:\Pet_Codes\science\article-price-tracker\synthetic\html\syn-0008.html,,
synthetic,syn-0008,html/syn-0008.html,syn-0008.html,run-none8,synthetic-shop.local,https://synthetic-shop.local/product/moisture-meter-08-06,hybrid_original,Влагомер древесины WM-2,3525.0,True,,,1–5 дня,,candidate_only,D:\Pet_Codes\science\article-price-tracker\synthetic\html\syn-0008.html,,
synthetic,syn-0008,html/syn-0008.html,syn-0008.html,run-none8,synthetic-shop.local,https://synthetic-shop.local/product/laser-rangefinder-08-07,hybrid_original,Дальномер лазерный DM-80,7884.0,True,,,2–4 дня,,candidate_only,D:\Pet_Codes\science\article-price-tracker\synthetic\html\syn-0008.html,,
synthetic,syn-0009,html/syn-0009.html,syn-0009.html,run-none9,synthetic-shop.local,https://synthetic-shop.local/product/megohmmeter-09-01,hybrid_original,Мегаомметр цифровой MI-1000,15990.0,True,,,3–3 дня,,candidate_only,D:\Pet_Codes\science\article-price-tracker\synthetic\html\syn-0009.html,,
synthetic,syn-0009,html/syn-0009.html,syn-0009.html,run-none9,synthetic-shop.local,https://synthetic-shop.local/product/socket-tester-09-02,hybrid_original,Тестер розеток и УЗО ST-8,1803.0,True,,,1–4 дня,,candidate_only,D:\Pet_Codes\science\article-price-tracker\synthetic\html\syn-0009.html,,
synthetic,syn-0009,html/syn-0009.html,syn-0009.html,run-none9,synthetic-shop.local,https://synthetic-shop.local/product/luxmeter-09-03,hybrid_original,Люксметр LX-1010,3032.0,True,,,2–5 дня,,candidate_only,D:\Pet_Codes\science\article-price-tracker\synthetic\html\syn-0009.html,,
synthetic,syn-0009,html/syn-0009.html,syn-0009.html,run-none9,synthetic-shop.local,https://synthetic-shop.local/product/moisture-meter-09-04,hybrid_original,Влагомер древесины WM-2,3256.0,True,,,3–6 дня,,candidate_only,D:\Pet_Codes\science\article-price-tracker\synthetic\html\syn-0009.html,,
synthetic,syn-0009,html/syn-0009.html,syn-0009.html,run-none9,synthetic-shop.local,https://synthetic-shop.local/product/clamp-meter-09-05,hybrid_original,Клещи токовые CM-600,6490.0,True,,,1–3 дня,,candidate_only,D:\Pet_Codes\science\article-price-tracker\synthetic\html\syn-0009.html,,
synthetic,syn-0009,html/syn-0009.html,syn-0009.html,run-none9,synthetic-shop.local,https://synthetic-shop.local/product/anemometer-09-06,hybrid_original,Анемометр цифровой AM-30,5449.0,True,,,2–3 дня,,candidate_only,D:\Pet_Codes\science\article-price-tracker\synthetic\html\syn-0009.html,,
synthetic,syn-0009,html/syn-0009.html,syn-0009.html,run-none9,synthetic-shop.local,https://synthetic-shop.local/product/wall-scanner-09-08,hybrid_original,Детектор скрытой проводки WallScan 5,5108.0,True,,,1–6 дня,,candidate_only,D:\Pet_Codes\science\article-price-tracker\synthetic\html\syn-0009.html,,
synthetic,syn-0009,html/syn-0009.html,syn-0009.html,run-none9,synthetic-shop.local,https://synthetic-shop.local/product/laser-rangefinder-09-07,hybrid_original,Дальномер лазерный DM-80,7461.0,True,,,2–4 дня,,candidate_only,D:\Pet_Codes\science\article-price-tracker\synthetic\html\syn-0009.html,,
synthetic,syn-0010,html/syn-0010.html,syn-0010.html,run-none10,synthetic-shop.local,https://synthetic-shop.local/product/moisture-meter-10-01,hybrid_original,Влагомер древесины WM-2,3212.0,True,,,1–4 дня,,deterministic,D:\Pet_Codes\science\article-price-tracker\synthetic\html\syn-0010.html,,
synthetic,syn-0010,html/syn-0010.html,syn-0010.html,run-none10,synthetic-shop.local,https://synthetic-shop.local/product/clamp-meter-10-02,hybrid_original,Клещи токовые CM-600,6580.0,True,,,2–5 дня,,deterministic,D:\Pet_Codes\science\article-price-tracker\synthetic\html\syn-0010.html,,
synthetic,syn-0010,html/syn-0010.html,syn-0010.html,run-none10,synthetic-shop.local,https://synthetic-shop.local/product/angle-meter-10-03,hybrid_original,Угломер электронный AG-360,3871.0,True,,,3–6 дня,,deterministic,D:\Pet_Codes\science\article-price-tracker\synthetic\html\syn-0010.html,,
synthetic,syn-0010,html/syn-0010.html,syn-0010.html,run-none10,synthetic-shop.local,https://synthetic-shop.local/product/laser-level-10-04,hybrid_original,Лазерный уровень ЛУ-360 Pro,12990.0,True,,,1–3 дня,,deterministic,D:\Pet_Codes\science\article-price-tracker\synthetic\html\syn-0010.html,,
synthetic,syn-0010,html/syn-0010.html,syn-0010.html,run-none10,synthetic-shop.local,https://synthetic-shop.local/product/laser-rangefinder-10-05,hybrid_original,Дальномер лазерный DM-80,7039.0,True,,,2–4 дня,,deterministic,D:\Pet_Codes\science\article-price-tracker\synthetic\html\syn-0010.html,,
synthetic,syn-0010,html/syn-0010.html,syn-0010.html,run-none10,synthetic-shop.local,https://synthetic-shop.local/product/anemometer-10-06,hybrid_original,Анемометр цифровой AM-30,5819.0,True,,,2–3 дня,,deterministic,D:\Pet_Codes\science\article-price-tracker\synthetic\html\syn-0010.html,,
synthetic,syn-0010,html/syn-0010.html,syn-0010.html,run-none10,synthetic-shop.local,https://synthetic-shop.local/product/wall-scanner-10-07,hybrid_original,Детектор скрытой проводки WallScan 5,4686.0,True,,,1–6 дня,,deterministic,D:\Pet_Codes\science\article-price-tracker\synthetic\html\syn-0010.html,,
synthetic,syn-0010,html/syn-0010.html,syn-0010.html,run-none10,synthetic-shop.local,https://synthetic-shop.local/product/luxmeter-10-08,hybrid_original,Люксметр LX-1010,3101.0,True,,,3–4 дня,,deterministic,D:\Pet_Codes\science\article-price-tracker\synthetic\html\syn-0010.html,,
synthetic,syn-0010,html/syn-0010.html,syn-0010.html,run-none10,synthetic-shop.local,https://synthetic-shop.local/product/megohmmeter-10-09,hybrid_original,Мегаомметр цифровой MI-1000,17068.0,True,,,3–4 дня,,deterministic,D:\Pet_Codes\science\article-price-tracker\synthetic\html\syn-0010.html,,
synthetic,syn-0010,html/syn-0010.html,syn-0010.html,run-none10,synthetic-shop.local,https://synthetic-shop.local/product/multimeter-10-10,hybrid_original,Мультиметр цифровой M830 Pro,2088.0,True,,,3–5 дня,,deterministic,D:\Pet_Codes\science\article-price-tracker\synthetic\html\syn-0010.html,,
synthetic,syn-0010,html/syn-0010.html,syn-0010.html,run-none10,synthetic-shop.local,https://synthetic-shop.local/product/optical-level-10-11,hybrid_original,Нивелир оптический N-32,24069.0,True,,,2–3 дня,,deterministic,D:\Pet_Codes\science\article-price-tracker\synthetic\html\syn-0010.html,,
synthetic,syn-0010,html/syn-0010.html,syn-0010.html,run-none10,synthetic-shop.local,https://synthetic-shop.local/product/pyrometer-10-12,hybrid_original,Пирометр инфракрасный IR-900,3584.0,True,,,3–4 дня,,deterministic,D:\Pet_Codes\science\article-price-tracker\synthetic\html\syn-0010.html,,
synthetic,syn-0010,html/syn-0010.html,syn-0010.html,run-none10,synthetic-shop.local,https://synthetic-shop.local/product/thermal-camera-10-13,hybrid_original,Тепловизор строительный IR-256,45990.0,True,,,1–6 дня,,deterministic,D:\Pet_Codes\science\article-price-tracker\synthetic\html\syn-0010.html,,
synthetic,syn-0010,html/syn-0010.html,syn-0010.html,run-none10,synthetic-shop.local,https://synthetic-shop.local/product/socket-tester-10-14,hybrid_original,Тестер розеток и УЗО ST-8,1961.0,True,,,1–5 дня,,deterministic,D:\Pet_Codes\science\article-price-tracker\synthetic\html\syn-0010.html,,
synthetic,syn-0010,html/syn-0010.html,syn-0010.html,run-none10,synthetic-shop.local,https://synthetic-shop.local/product/coating-gauge-10-15,hybrid_original,Толщиномер покрытий CT-1200,9979.0,True,,,2–3 дня,,deterministic,D:\Pet_Codes\science\article-price-tracker\synthetic\html\syn-0010.html,,
synthetic,syn-0010,html/syn-0010.html,syn-0010.html,run-none10,synthetic-shop.local,https://synthetic-shop.local/product/anemometer-10-16,hybrid_original,Анемометр цифровой AM-30 — серия 2,5343.0,True,,,2–3 дня,,deterministic,D:\Pet_Codes\science\article-price-tracker\synthetic\html\syn-0010.html,,
synthetic,syn-0010,html/syn-0010.html,syn-0010.html,run-none10,synthetic-shop.local,https://synthetic-shop.local/product/moisture-meter-10-17,hybrid_original,Влагомер древесины WM-2 — серия 2,3363.0,True,,,1–5 дня,,deterministic,D:\Pet_Codes\science\article-price-tracker\synthetic\html\syn-0010.html,,
synthetic,syn-0010,html/syn-0010.html,syn-0010.html,run-none10,synthetic-shop.local,https://synthetic-shop.local/product/laser-rangefinder-10-18,hybrid_original,Дальномер лазерный DM-80 — серия 2,7532.0,True,,,2–4 дня,,deterministic,D:\Pet_Codes\science\article-price-tracker\synthetic\html\syn-0010.html,,
synthetic,syn-0010,html/syn-0010.html,syn-0010.html,run-none10,synthetic-shop.local,https://synthetic-shop.local/product/wall-scanner-10-19,hybrid_original,Детектор скрытой проводки WallScan 5 — серия 2,5155.0,True,,,1–6 дня,,deterministic,D:\Pet_Codes\science\article-price-tracker\synthetic\html\syn-0010.html,,
synthetic,syn-0010,html/syn-0010.html,syn-0010.html,run-none10,synthetic-shop.local,https://synthetic-shop.local/product/clamp-meter-10-20,hybrid_original,Клещи токовые CM-600 — серия 2,6625.0,False,,,2–6 дня,,deterministic,D:\Pet_Codes\science\article-price-tracker\synthetic\html\syn-0010.html,,
synthetic,syn-0010,html/syn-0010.html,syn-0010.html,run-none10,synthetic-shop.local,https://synthetic-shop.local/product/laser-level-10-21,hybrid_original,Лазерный уровень ЛУ-360 Pro — серия 2,13380.0,False,,,1–3 дня,,deterministic,D:\Pet_Codes\science\article-price-tracker\synthetic\html\syn-0010.html,,
synthetic,syn-0010,html/syn-0010.html,syn-0010.html,run-none10,synthetic-shop.local,https://synthetic-shop.local/product/luxmeter-10-22,hybrid_original,Люксметр LX-1010 — серия 2,3192.0,True,,,3–4 дня,,deterministic,D:\Pet_Codes\science\article-price-tracker\synthetic\html\syn-0010.html,,
synthetic,syn-0011,html/syn-0011.html,syn-0011.html,run-none11,synthetic-shop.local,https://synthetic-shop.local/product/a4-paper-11-01,hybrid_original,Бумага офисная A4 80 г/м² 500 листов,599.0,True,,,2–5 дня,,deterministic,D:\Pet_Codes\science\article-price-tracker\synthetic\html\syn-0011.html,,
synthetic,syn-0011,html/syn-0011.html,syn-0011.html,run-none11,synthetic-shop.local,https://synthetic-shop.local/product/lever-arch-11-02,hybrid_original,Папка-регистратор 75 мм синяя,379.0,True,,,3–6 дня,,deterministic,D:\Pet_Codes\science\article-price-tracker\synthetic\html\syn-0011.html,,
synthetic,syn-0011,html/syn-0011.html,syn-0011.html,run-none11,synthetic-shop.local,https://synthetic-shop.local/product/permanent-marker-11-03,hybrid_original,Маркер перманентный чёрный 2 мм,89.0,True,,,1–3 дня,,deterministic,D:\Pet_Codes\science\article-price-tracker\synthetic\html\syn-0011.html,,
synthetic,syn-0011,html/syn-0011.html,syn-0011.html,run-none11,synthetic-shop.local,https://synthetic-shop.local/product/gel-pen-11-04,hybrid_original,Ручка гелевая синяя 0.5 мм,89.0,True,,,2–4 дня,,deterministic,D:\Pet_Codes\science\article-price-tracker\synthetic\html\syn-0011.html,,
synthetic,syn-0011,html/syn-0011.html,syn-0011.html,run-none11,synthetic-shop.local,https://synthetic-shop.local/product/staples-11-05,hybrid_original,Скобы для степлера №24/6 1000 шт,139.0,False,,,3–5 дня,,deterministic,D:\Pet_Codes\science\article-price-tracker\synthetic\html\syn-0011.html,,
synthetic,syn-0011,html/syn-0011.html,syn-0011.html,run-none11,synthetic-shop.local,https://synthetic-shop.local/product/notebook-a5-11-06,hybrid_original,Блокнот A5 96 листов клетка,311.0,True,,,2–4 дня,,deterministic,D:\Pet_Codes\science\article-price-tracker\synthetic\html\syn-0011.html,,
synthetic,syn-0011,html/syn-0011.html,syn-0011.html,run-none11,synthetic-shop.local,https://synthetic-shop.local/product/glue-stick-11-07,hybrid_original,Клей-карандаш 21 г,181.0,True,,,1–6 дня,,deterministic,D:\Pet_Codes\science\article-price-tracker\synthetic\html\syn-0011.html,,
synthetic,syn-0011,html/syn-0011.html,syn-0011.html,run-none11,synthetic-shop.local,https://synthetic-shop.local/product/correction-tape-11-08,hybrid_original,Корректирующая лента 5 мм × 8 м,230.0,True,,,1–6 дня,,deterministic,D:\Pet_Codes\science\article-price-tracker\synthetic\html\syn-0011.html,,
synthetic,syn-0011,html/syn-0011.html,syn-0011.html,run-none11,synthetic-shop.local,https://synthetic-shop.local/product/sheet-protectors-11-09,hybrid_original,Файл-вкладыш A4 100 шт,519.0,False,,,3–5 дня,,deterministic,D:\Pet_Codes\science\article-price-tracker\synthetic\html\syn-0011.html,,
synthetic,syn-0011,html/syn-0011.html,syn-0011.html,run-none11,synthetic-shop.local,https://synthetic-shop.local/product/labels-11-10,hybrid_original,Этикетки самоклеящиеся 70×37 мм,689.0,False,,,3–5 дня,,deterministic,D:\Pet_Codes\science\article-price-tracker\synthetic\html\syn-0011.html,,
synthetic,syn-0011,html/syn-0011.html,syn-0011.html,run-none11,synthetic-shop.local,https://synthetic-shop.local/product/notebook-a5-11-11,hybrid_original,Блокнот A5 96 листов клетка — серия 2,317.0,True,,,2–4 дня,,deterministic,D:\Pet_Codes\science\article-price-tracker\synthetic\html\syn-0011.html,,
synthetic,syn-0011,html/syn-0011.html,syn-0011.html,run-none11,synthetic-shop.local,https://synthetic-shop.local/product/a4-paper-11-12,hybrid_original,Бумага офисная A4 80 г/м² 500 листов — серия 2,653.0,True,,,2–5 дня,,deterministic,D:\Pet_Codes\science\article-price-tracker\synthetic\html\syn-0011.html,,
synthetic,syn-0011,html/syn-0011.html,syn-0011.html,run-none11,synthetic-shop.local,https://synthetic-shop.local/product/glue-stick-11-13,hybrid_original,Клей-карандаш 21 г — серия 2,189.0,True,,,1–6 дня,,deterministic,D:\Pet_Codes\science\article-price-tracker\synthetic\html\syn-0011.html,,
synthetic,syn-0011,html/syn-0011.html,syn-0011.html,run-none11,synthetic-shop.local,https://synthetic-shop.local/product/correction-tape-11-14,hybrid_original,Корректирующая лента 5 мм × 8 м — серия 2,213.0,True,,,1–6 дня,,deterministic,D:\Pet_Codes\science\article-price-tracker\synthetic\html\syn-0011.html,,
synthetic,syn-0011,html/syn-0011.html,syn-0011.html,run-none11,synthetic-shop.local,https://synthetic-shop.local/product/permanent-marker-11-15,hybrid_original,Маркер перманентный чёрный 2 мм — серия 2,93.0,True,,,1–3 дня,,deterministic,D:\Pet_Codes\science\article-price-tracker\synthetic\html\syn-0011.html,,
synthetic,syn-0011,html/syn-0011.html,syn-0011.html,run-none11,synthetic-shop.local,https://synthetic-shop.local/product/lever-arch-11-16,hybrid_original,Папка-регистратор 75 мм синяя — серия 2,409.0,True,,,3–6 дня,,deterministic,D:\Pet_Codes\science\article-price-tracker\synthetic\html\syn-0011.html,,
synthetic,syn-0011,html/syn-0011.html,syn-0011.html,run-none11,synthetic-shop.local,https://synthetic-shop.local/product/gel-pen-11-17,hybrid_original,Ручка гелевая синяя 0.5 мм — серия 2,99.0,True,,,2–4 дня,,deterministic,D:\Pet_Codes\science\article-price-tracker\synthetic\html\syn-0011.html,,
synthetic,syn-0011,html/syn-0011.html,syn-0011.html,run-none11,synthetic-shop.local,https://synthetic-shop.local/product/staples-11-18,hybrid_original,Скобы для степлера №24/6 1000 шт — серия 2,140.0,False,,,3–5 дня,,deterministic,D:\Pet_Codes\science\article-price-tracker\synthetic\html\syn-0011.html,,
synthetic,syn-0011,html/syn-0011.html,syn-0011.html,run-none11,synthetic-shop.local,https://synthetic-shop.local/product/sheet-protectors-11-19,hybrid_original,Файл-вкладыш A4 100 шт — серия 2,540.0,False,,,3–5 дня,,deterministic,D:\Pet_Codes\science\article-price-tracker\synthetic\html\syn-0011.html,,
synthetic,syn-0011,html/syn-0011.html,syn-0011.html,run-none11,synthetic-shop.local,https://synthetic-shop.local/product/labels-11-20,hybrid_original,Этикетки самоклеящиеся 70×37 мм — серия 2,716.0,False,,,3–5 дня,,deterministic,D:\Pet_Codes\science\article-price-tracker\synthetic\html\syn-0011.html,,
synthetic,syn-0011,html/syn-0011.html,syn-0011.html,run-none11,synthetic-shop.local,https://synthetic-shop.local/product/notebook-a5-11-21,hybrid_original,Блокнот A5 96 листов клетка — серия 3,329.0,True,,,2–4 дня,,deterministic,D:\Pet_Codes\science\article-price-tracker\synthetic\html\syn-0011.html,,
synthetic,syn-0011,html/syn-0011.html,syn-0011.html,run-none11,synthetic-shop.local,https://synthetic-shop.local/product/a4-paper-11-22,hybrid_original,Бумага офисная A4 80 г/м² 500 листов — серия 3,599.0,True,,,2–5 дня,,deterministic,D:\Pet_Codes\science\article-price-tracker\synthetic\html\syn-0011.html,,
synthetic,syn-0011,html/syn-0011.html,syn-0011.html,run-none11,synthetic-shop.local,https://synthetic-shop.local/product/glue-stick-11-23,hybrid_original,Клей-карандаш 21 г — серия 3,174.0,True,,,1–6 дня,,deterministic,D:\Pet_Codes\science\article-price-tracker\synthetic\html\syn-0011.html,,
synthetic,syn-0011,html/syn-0011.html,syn-0011.html,run-none11,synthetic-shop.local,https://synthetic-shop.local/product/correction-tape-11-24,hybrid_original,Корректирующая лента 5 мм × 8 м — серия 3,222.0,True,,,1–6 дня,,deterministic,D:\Pet_Codes\science\article-price-tracker\synthetic\html\syn-0011.html,,
synthetic,syn-0011,html/syn-0011.html,syn-0011.html,run-none11,synthetic-shop.local,https://synthetic-shop.local/product/permanent-marker-11-25,hybrid_original,Маркер перманентный чёрный 2 мм — серия 3,97.0,True,,,1–3 дня,,deterministic,D:\Pet_Codes\science\article-price-tracker\synthetic\html\syn-0011.html,,
synthetic,syn-0011,html/syn-0011.html,syn-0011.html,run-none11,synthetic-shop.local,https://synthetic-shop.local/product/lever-arch-11-26,hybrid_original,Папка-регистратор 75 мм синяя — серия 3,424.0,True,,,3–6 дня,,deterministic,D:\Pet_Codes\science\article-price-tracker\synthetic\html\syn-0011.html,,
synthetic,syn-0011,html/syn-0011.html,syn-0011.html,run-none11,synthetic-shop.local,https://synthetic-shop.local/product/gel-pen-11-27,hybrid_original,Ручка гелевая синяя 0.5 мм — серия 3,91.0,True,,,2–4 дня,,deterministic,D:\Pet_Codes\science\article-price-tracker\synthetic\html\syn-0011.html,,
synthetic,syn-0011,html/syn-0011.html,syn-0011.html,run-none11,synthetic-shop.local,https://synthetic-shop.local/product/staples-11-28,hybrid_original,Скобы для степлера №24/6 1000 шт — серия 3,146.0,False,,,3–5 дня,,deterministic,D:\Pet_Codes\science\article-price-tracker\synthetic\html\syn-0011.html,,
synthetic,syn-0011,html/syn-0011.html,syn-0011.html,run-none11,synthetic-shop.local,https://synthetic-shop.local/product/sheet-protectors-11-29,hybrid_original,Файл-вкладыш A4 100 шт — серия 3,561.0,False,,,3–5 дня,,deterministic,D:\Pet_Codes\science\article-price-tracker\synthetic\html\syn-0011.html,,
synthetic,syn-0011,html/syn-0011.html,syn-0011.html,run-none11,synthetic-shop.local,https://synthetic-shop.local/product/labels-11-30,hybrid_original,Этикетки самоклеящиеся 70×37 мм — серия 3,743.0,False,,,3–5 дня,,deterministic,D:\Pet_Codes\science\article-price-tracker\synthetic\html\syn-0011.html,,
synthetic,syn-0012,html/syn-0012.html,syn-0012.html,run-none12,synthetic-shop.local,https://synthetic-shop.local/product/gel-pen-12-01,hybrid_original,Ручка гелевая синяя 0.5 мм,109.0,True,,,3–6 дня,,deterministic,D:\Pet_Codes\science\article-price-tracker\synthetic\html\syn-0012.html,,
synthetic,syn-0012,html/syn-0012.html,syn-0012.html,run-none12,synthetic-shop.local,https://synthetic-shop.local/product/staples-12-02,hybrid_original,Скобы для степлера №24/6 1000 шт,119.0,True,,,1–3 дня,,deterministic,D:\Pet_Codes\science\article-price-tracker\synthetic\html\syn-0012.html,,
synthetic,syn-0012,html/syn-0012.html,syn-0012.html,run-none12,synthetic-shop.local,https://synthetic-shop.local/product/notebook-a5-12-03,hybrid_original,Блокнот A5 96 листов клетка,299.0,True,,,2–4 дня,,deterministic,D:\Pet_Codes\science\article-price-tracker\synthetic\html\syn-0012.html,,
synthetic,syn-0012,html/syn-0012.html,syn-0012.html,run-none12,synthetic-shop.local,https://synthetic-shop.local/product/labels-12-04,hybrid_original,Этикетки самоклеящиеся 70×37 мм,669.0,False,,,3–5 дня,,deterministic,D:\Pet_Codes\science\article-price-tracker\synthetic\html\syn-0012.html,,
synthetic,syn-0012,html/syn-0012.html,syn-0012.html,run-none12,synthetic-shop.local,https://synthetic-shop.local/product/glue-stick-12-05,hybrid_original,Клей-карандаш 21 г,169.0,True,,,1–6 дня,,deterministic,D:\Pet_Codes\science\article-price-tracker\synthetic\html\syn-0012.html,,
synthetic,syn-0012,html/syn-0012.html,syn-0012.html,run-none12,synthetic-shop.local,https://synthetic-shop.local/product/a4-paper-12-06,hybrid_original,Бумага офисная A4 80 г/м² 500 листов,665.0,True,,,2–5 дня,,deterministic,D:\Pet_Codes\science\article-price-tracker\synthetic\html\syn-0012.html,,
synthetic,syn-0012,html/syn-0012.html,syn-0012.html,run-none12,synthetic-shop.local,https://synthetic-shop.local/product/correction-tape-12-07,hybrid_original,Корректирующая лента 5 мм × 8 м,211.0,True,,,1–6 дня,,deterministic,D:\Pet_Codes\science\article-price-tracker\synthetic\html\syn-0012.html,,
synthetic,syn-0012,html/syn-0012.html,syn-0012.html,run-none12,synthetic-shop.local,https://synthetic-shop.local/product/permanent-marker-12-08,hybrid_original,Маркер перманентный чёрный 2 мм,93.0,True,,,1–3 дня,,deterministic,D:\Pet_Codes\science\article-price-tracker\synthetic\html\syn-0012.html,,
synthetic,syn-0012,html/syn-0012.html,syn-0012.html,run-none12,synthetic-shop.local,https://synthetic-shop.local/product/lever-arch-12-09,hybrid_original,Папка-регистратор 75 мм синяя,406.0,True,,,3–6 дня,,deterministic,D:\Pet_Codes\science\article-price-tracker\synthetic\html\syn-0012.html,,
synthetic,syn-0012,html/syn-0012.html,syn-0012.html,run-none12,synthetic-shop.local,https://synthetic-shop.local/product/sheet-protectors-12-10,hybrid_original,Файл-вкладыш A4 100 шт,571.0,False,,,3–5 дня,,deterministic,D:\Pet_Codes\science\article-price-tracker\synthetic\html\syn-0012.html,,
synthetic,syn-0012,html/syn-0012.html,syn-0012.html,run-none12,synthetic-shop.local,https://synthetic-shop.local/product/notebook-a5-12-11,hybrid_original,Блокнот A5 96 листов клетка — серия 2,299.0,True,,,2–4 дня,,deterministic,D:\Pet_Codes\science\article-price-tracker\synthetic\html\syn-0012.html,,
synthetic,syn-0012,html/syn-0012.html,syn-0012.html,run-none12,synthetic-shop.local,https://synthetic-shop.local/product/a4-paper-12-12,hybrid_original,Бумага офисная A4 80 г/м² 500 листов — серия 2,617.0,True,,,2–5 дня,,deterministic,D:\Pet_Codes\science\article-price-tracker\synthetic\html\syn-0012.html,,
synthetic,syn-0013,html/syn-0013.html,syn-0013.html,run-none13,synthetic-shop.local,https://synthetic-shop.local/product/labels-13-01,hybrid_original,Этикетки самоклеящиеся 70×37 мм,649.0,True,,,1–3 дня,,deterministic,D:\Pet_Codes\science\article-price-tracker\synthetic\html\syn-0013.html,,
synthetic,syn-0013,html/syn-0013.html,syn-0013.html,run-none13,synthetic-shop.local,https://synthetic-shop.local/product/glue-stick-13-02,hybrid_original,Клей-карандаш 21 г,149.0,True,,,2–4 дня,,deterministic,D:\Pet_Codes\science\article-price-tracker\synthetic\html\syn-0013.html,,
synthetic,syn-0013,html/syn-0013.html,syn-0013.html,run-none13,synthetic-shop.local,https://synthetic-shop.local/product/sheet-protectors-13-03,hybrid_original,Файл-вкладыш A4 100 шт,519.0,False,,,3–5 дня,,deterministic,D:\Pet_Codes\science\article-price-tracker\synthetic\html\syn-0013.html,,
synthetic,syn-0013,html/syn-0013.html,syn-0013.html,run-none13,synthetic-shop.local,https://synthetic-shop.local/product/correction-tape-13-04,hybrid_original,Корректирующая лента 5 мм × 8 м,209.0,True,,,1–6 дня,,deterministic,D:\Pet_Codes\science\article-price-tracker\synthetic\html\syn-0013.html,,
synthetic,syn-0013,html/syn-0013.html,syn-0013.html,run-none13,synthetic-shop.local,https://synthetic-shop.local/product/a4-paper-13-05,hybrid_original,Бумага офисная A4 80 г/м² 500 листов,579.0,True,,,2–3 дня,,deterministic,D:\Pet_Codes\science\article-price-tracker\synthetic\html\syn-0013.html,,
synthetic,syn-0013,html/syn-0013.html,syn-0013.html,run-none13,synthetic-shop.local,https://synthetic-shop.local/product/notebook-a5-13-06,hybrid_original,Блокнот A5 96 листов клетка,314.0,True,,,2–4 дня,,deterministic,D:\Pet_Codes\science\article-price-tracker\synthetic\html\syn-0013.html,,
synthetic,syn-0013,html/syn-0013.html,syn-0013.html,run-none13,synthetic-shop.local,https://synthetic-shop.local/product/permanent-marker-13-07,hybrid_original,Маркер перманентный чёрный 2 мм,96.0,True,,,1–3 дня,,deterministic,D:\Pet_Codes\science\article-price-tracker\synthetic\html\syn-0013.html,,
synthetic,syn-0013,html/syn-0013.html,syn-0013.html,run-none13,synthetic-shop.local,https://synthetic-shop.local/product/lever-arch-13-08,hybrid_original,Папка-регистратор 75 мм синяя,421.0,True,,,3–6 дня,,deterministic,D:\Pet_Codes\science\article-price-tracker\synthetic\html\syn-0013.html,,
synthetic,syn-0013,html/syn-0013.html,syn-0013.html,run-none13,synthetic-shop.local,https://synthetic-shop.local/product/gel-pen-13-09,hybrid_original,Ручка гелевая синяя 0.5 мм,90.0,True,,,2–4 дня,,deterministic,D:\Pet_Codes\science\article-price-tracker\synthetic\html\syn-0013.html,,
synthetic,syn-0013,html/syn-0013.html,syn-0013.html,run-none13,synthetic-shop.local,https://synthetic-shop.local/product/staples-13-10,hybrid_original,Скобы для степлера №24/6 1000 шт,145.0,False,,,3–5 дня,,deterministic,D:\Pet_Codes\science\article-price-tracker\synthetic\html\syn-0013.html,,
synthetic,syn-0013,html/syn-0013.html,syn-0013.html,run-none13,synthetic-shop.local,https://synthetic-shop.local/product/notebook-a5-13-11,hybrid_original,Блокнот A5 96 листов клетка — серия 2,320.0,True,,,2–4 дня,,deterministic,D:\Pet_Codes\science\article-price-tracker\synthetic\html\syn-0013.html,,
synthetic,syn-0013,html/syn-0013.html,syn-0013.html,run-none13,synthetic-shop.local,https://synthetic-shop.local/product/a4-paper-13-12,hybrid_original,Бумага офисная A4 80 г/м² 500 листов — серия 2,659.0,True,,,2–5 дня,,deterministic,D:\Pet_Codes\science\article-price-tracker\synthetic\html\syn-0013.html,,
synthetic,syn-0013,html/syn-0013.html,syn-0013.html,run-none13,synthetic-shop.local,https://synthetic-shop.local/product/glue-stick-13-13,hybrid_original,Клей-карандаш 21 г — серия 2,169.0,True,,,1–6 дня,,deterministic,D:\Pet_Codes\science\article-price-tracker\synthetic\html\syn-0013.html,,
synthetic,syn-0013,html/syn-0013.html,syn-0013.html,run-none13,synthetic-shop.local,https://synthetic-shop.local/product/correction-tape-13-14,hybrid_original,Корректирующая лента 5 мм × 8 м — серия 2,215.0,True,,,1–6 дня,,deterministic,D:\Pet_Codes\science\article-price-tracker\synthetic\html\syn-0013.html,,
synthetic,syn-0013,html/syn-0013.html,syn-0013.html,run-none13,synthetic-shop.local,https://synthetic-shop.local/product/permanent-marker-13-15,hybrid_original,Маркер перманентный чёрный 2 мм — серия 2,94.0,True,,,1–3 дня,,deterministic,D:\Pet_Codes\science\article-price-tracker\synthetic\html\syn-0013.html,,
synthetic,syn-0013,html/syn-0013.html,syn-0013.html,run-none13,synthetic-shop.local,https://synthetic-shop.local/product/lever-arch-13-16,hybrid_original,Папка-регистратор 75 мм синяя — серия 2,413.0,True,,,3–6 дня,,deterministic,D:\Pet_Codes\science\article-price-tracker\synthetic\html\syn-0013.html,,
synthetic,syn-0013,html/syn-0013.html,syn-0013.html,run-none13,synthetic-shop.local,https://synthetic-shop.local/product/gel-pen-13-17,hybrid_original,Ручка гелевая синяя 0.5 мм — серия 2,100.0,True,,,2–4 дня,,deterministic,D:\Pet_Codes\science\article-price-tracker\synthetic\html\syn-0013.html,,
synthetic,syn-0013,html/syn-0013.html,syn-0013.html,run-none13,synthetic-shop.local,https://synthetic-shop.local/product/staples-13-18,hybrid_original,Скобы для степлера №24/6 1000 шт — серия 2,142.0,False,,,3–5 дня,,deterministic,D:\Pet_Codes\science\article-price-tracker\synthetic\html\syn-0013.html,,
synthetic,syn-0013,html/syn-0013.html,syn-0013.html,run-none13,synthetic-shop.local,https://synthetic-shop.local/product/sheet-protectors-13-19,hybrid_original,Файл-вкладыш A4 100 шт — серия 2,545.0,False,,,3–5 дня,,deterministic,D:\Pet_Codes\science\article-price-tracker\synthetic\html\syn-0013.html,,
synthetic,syn-0013,html/syn-0013.html,syn-0013.html,run-none13,synthetic-shop.local,https://synthetic-shop.local/product/labels-13-20,hybrid_original,Этикетки самоклеящиеся 70×37 мм — серия 2,723.0,False,,,3–5 дня,,deterministic,D:\Pet_Codes\science\article-price-tracker\synthetic\html\syn-0013.html,,
synthetic,syn-0013,html/syn-0013.html,syn-0013.html,run-none13,synthetic-shop.local,https://synthetic-shop.local/product/notebook-a5-13-21,hybrid_original,Блокнот A5 96 листов клетка — серия 3,332.0,True,,,2–4 дня,,deterministic,D:\Pet_Codes\science\article-price-tracker\synthetic\html\syn-0013.html,,
synthetic,syn-0013,html/syn-0013.html,syn-0013.html,run-none13,synthetic-shop.local,https://synthetic-shop.local/product/a4-paper-13-22,hybrid_original,Бумага офисная A4 80 г/м² 500 листов — серия 3,605.0,True,,,2–5 дня,,deterministic,D:\Pet_Codes\science\article-price-tracker\synthetic\html\syn-0013.html,,
synthetic,syn-0013,html/syn-0013.html,syn-0013.html,run-none13,synthetic-shop.local,https://synthetic-shop.local/product/glue-stick-13-23,hybrid_original,Клей-карандаш 21 г — серия 3,176.0,True,,,1–6 дня,,deterministic,D:\Pet_Codes\science\article-price-tracker\synthetic\html\syn-0013.html,,
synthetic,syn-0013,html/syn-0013.html,syn-0013.html,run-none13,synthetic-shop.local,https://synthetic-shop.local/product/correction-tape-13-24,hybrid_original,Корректирующая лента 5 мм × 8 м — серия 3,224.0,True,,,1–6 дня,,deterministic,D:\Pet_Codes\science\article-price-tracker\synthetic\html\syn-0013.html,,
synthetic,syn-0013,html/syn-0013.html,syn-0013.html,run-none13,synthetic-shop.local,https://synthetic-shop.local/product/permanent-marker-13-25,hybrid_original,Маркер перманентный чёрный 2 мм — серия 3,98.0,True,,,1–3 дня,,deterministic,D:\Pet_Codes\science\article-price-tracker\synthetic\html\syn-0013.html,,
synthetic,syn-0013,html/syn-0013.html,syn-0013.html,run-none13,synthetic-shop.local,https://synthetic-shop.local/product/lever-arch-13-26,hybrid_original,Папка-регистратор 75 мм синяя — серия 3,379.0,True,,,3–6 дня,,deterministic,D:\Pet_Codes\science\article-price-tracker\synthetic\html\syn-0013.html,,
synthetic,syn-0014,html/syn-0014.html,syn-0014.html,run-none14,synthetic-shop.local,https://synthetic-shop.local/product/lever-arch-14-16,hybrid_original,Папка-регистратор 75 мм синяя — серия 2,390.0,,,,,,deterministic,D:\Pet_Codes\science\article-price-tracker\synthetic\html\syn-0014.html,,
synthetic,syn-0014,html/syn-0014.html,syn-0014.html,run-none14,synthetic-shop.local,https://synthetic-shop.local/product/permanent-marker-14-15,hybrid_original,Маркер перманентный чёрный 2 мм — серия 2,89.0,,,,,,deterministic,D:\Pet_Codes\science\article-price-tracker\synthetic\html\syn-0014.html,,
synthetic,syn-0014,html/syn-0014.html,syn-0014.html,run-none14,synthetic-shop.local,https://synthetic-shop.local/product/correction-tape-14-14,hybrid_original,Корректирующая лента 5 мм × 8 м — серия 2,230.0,,,,,,deterministic,D:\Pet_Codes\science\article-price-tracker\synthetic\html\syn-0014.html,,
synthetic,syn-0014,html/syn-0014.html,syn-0014.html,run-none14,synthetic-shop.local,https://synthetic-shop.local/product/glue-stick-14-13,hybrid_original,Клей-карандаш 21 г — серия 2,181.0,,,,,,deterministic,D:\Pet_Codes\science\article-price-tracker\synthetic\html\syn-0014.html,,
synthetic,syn-0014,html/syn-0014.html,syn-0014.html,run-none14,synthetic-shop.local,https://synthetic-shop.local/product/a4-paper-14-12,hybrid_original,Бумага офисная A4 80 г/м² 500 листов — серия 2,623.0,,,,,,deterministic,D:\Pet_Codes\science\article-price-tracker\synthetic\html\syn-0014.html,,
synthetic,syn-0014,html/syn-0014.html,syn-0014.html,run-none14,synthetic-shop.local,https://synthetic-shop.local/product/notebook-a5-14-11,hybrid_original,Блокнот A5 96 листов клетка — серия 2,302.0,,,,,,deterministic,D:\Pet_Codes\science\article-price-tracker\synthetic\html\syn-0014.html,,
synthetic,syn-0014,html/syn-0014.html,syn-0014.html,run-none14,synthetic-shop.local,https://synthetic-shop.local/product/labels-14-10,hybrid_original,Этикетки самоклеящиеся 70×37 мм,743.0,,,,,,deterministic,D:\Pet_Codes\science\article-price-tracker\synthetic\html\syn-0014.html,,
synthetic,syn-0014,html/syn-0014.html,syn-0014.html,run-none14,synthetic-shop.local,https://synthetic-shop.local/product/sheet-protectors-14-09,hybrid_original,Файл-вкладыш A4 100 шт,561.0,,,,,,deterministic,D:\Pet_Codes\science\article-price-tracker\synthetic\html\syn-0014.html,,
synthetic,syn-0014,html/syn-0014.html,syn-0014.html,run-none14,synthetic-shop.local,https://synthetic-shop.local/product/staples-14-08,hybrid_original,Скобы для степлера №24/6 1000 шт,146.0,,,,,,deterministic,D:\Pet_Codes\science\article-price-tracker\synthetic\html\syn-0014.html,,
synthetic,syn-0014,html/syn-0014.html,syn-0014.html,run-none14,synthetic-shop.local,https://synthetic-shop.local/product/glue-stick-14-07,hybrid_original,Клей-карандаш 21 г,172.0,,,,,,deterministic,D:\Pet_Codes\science\article-price-tracker\synthetic\html\syn-0014.html,,
synthetic,syn-0014,html/syn-0014.html,syn-0014.html,run-none14,synthetic-shop.local,https://synthetic-shop.local/product/notebook-a5-14-06,hybrid_original,Блокнот A5 96 листов клетка,335.0,,,,,,deterministic,D:\Pet_Codes\science\article-price-tracker\synthetic\html\syn-0014.html,,
synthetic,syn-0014,html/syn-0014.html,syn-0014.html,run-none14,synthetic-shop.local,https://synthetic-shop.local/product/gel-pen-14-05,hybrid_original,Ручка гелевая синяя 0.5 мм,89.0,,,,,,deterministic,D:\Pet_Codes\science\article-price-tracker\synthetic\html\syn-0014.html,,
synthetic,syn-0014,html/syn-0014.html,syn-0014.html,run-none14,synthetic-shop.local,https://synthetic-shop.local/product/permanent-marker-14-04,hybrid_original,Маркер перманентный чёрный 2 мм,89.0,,,,,,deterministic,D:\Pet_Codes\science\article-price-tracker\synthetic\html\syn-0014.html,,
synthetic,syn-0014,html/syn-0014.html,syn-0014.html,run-none14,synthetic-shop.local,https://synthetic-shop.local/product/lever-arch-14-03,hybrid_original,Папка-регистратор 75 мм синяя,379.0,,,,,,deterministic,D:\Pet_Codes\science\article-price-tracker\synthetic\html\syn-0014.html,,
synthetic,syn-0014,html/syn-0014.html,syn-0014.html,run-none14,synthetic-shop.local,https://synthetic-shop.local/product/a4-paper-14-02,hybrid_original,Бумага офисная A4 80 г/м² 500 листов,599.0,,,,,,deterministic,D:\Pet_Codes\science\article-price-tracker\synthetic\html\syn-0014.html,,
synthetic,syn-0014,html/syn-0014.html,syn-0014.html,run-none14,synthetic-shop.local,https://synthetic-shop.local/product/correction-tape-14-01,hybrid_original,Корректирующая лента 5 мм × 8 м,189.0,,,,,,deterministic,D:\Pet_Codes\science\article-price-tracker\synthetic\html\syn-0014.html,,
synthetic,syn-0015,html/syn-0015.html,syn-0015.html,run-none15,synthetic-shop.local,https://synthetic-shop.local/product/ups-1000-15-02,hybrid_original,Источник бесперебойного питания 1000 ВА,12242.0,True,,,1–6 дня,,candidate_only,D:\Pet_Codes\science\article-price-tracker\synthetic\html\syn-0015.html,,
synthetic,syn-0015,html/syn-0015.html,syn-0015.html,run-none15,synthetic-shop.local,https://synthetic-shop.local/product/monitor-27-15-01,hybrid_original,Монитор 27″ IPS QHD 165 Гц,29396.0,False,,,3–5 дня,,candidate_only,D:\Pet_Codes\science\article-price-tracker\synthetic\html\syn-0015.html,,
synthetic,syn-0015,html/syn-0015.html,syn-0015.html,run-none15,synthetic-shop.local,https://synthetic-shop.local/product/mechanical-keyboard-15-03,hybrid_original,Клавиатура механическая USB,6490.0,True,,,2–3 дня,,candidate_only,D:\Pet_Codes\science\article-price-tracker\synthetic\html\syn-0015.html,,
synthetic,syn-0015,html/syn-0015.html,syn-0015.html,run-none15,synthetic-shop.local,https://synthetic-shop.local/product/portable-ssd-15-04,hybrid_original,Внешний SSD 2 ТБ USB-C,17109.0,True,,,3–4 дня,,candidate_only,D:\Pet_Codes\science\article-price-tracker\synthetic\html\syn-0015.html,,
synthetic,syn-0015,html/syn-0015.html,syn-0015.html,run-none15,synthetic-shop.local,https://synthetic-shop.local/product/ssd-1tb-15-06,hybrid_original,SSD накопитель 1 ТБ NVMe PCIe 4.0,9124.0,True,,,1–5 дня,,candidate_only,D:\Pet_Codes\science\article-price-tracker\synthetic\html\syn-0015.html,,
synthetic,syn-0015,html/syn-0015.html,syn-0015.html,run-none15,synthetic-shop.local,https://synthetic-shop.local/product/webcam-15-05,hybrid_original,Веб-камера Full HD 1080p,4046.0,True,,,1–5 дня,,candidate_only,D:\Pet_Codes\science\article-price-tracker\synthetic\html\syn-0015.html,,
synthetic,syn-0015,html/syn-0015.html,syn-0015.html,run-none15,synthetic-shop.local,https://synthetic-shop.local/product/switch-8p-15-07,hybrid_original,Коммутатор 8-портовый Gigabit,5038.0,True,,,3–4 дня,,candidate_only,D:\Pet_Codes\science\article-price-tracker\synthetic\html\syn-0015.html,,
synthetic,syn-0015,html/syn-0015.html,syn-0015.html,run-none15,synthetic-shop.local,https://synthetic-shop.local/product/wifi-router-15-08,hybrid_original,Маршрутизатор Wi‑Fi 6 AX3000,7993.0,True,,,2–6 дня,,candidate_only,D:\Pet_Codes\science\article-price-tracker\synthetic\html\syn-0015.html,,
synthetic,syn-0016,html/syn-0016.html,syn-0016.html,run-none16,synthetic-shop.local,https://synthetic-shop.local/product/portable-ssd-16-01,hybrid_original,Внешний SSD 2 ТБ USB-C,17347.0,True,,,,,candidate_only,D:\Pet_Codes\science\article-price-tracker\synthetic\html\syn-0016.html,,
synthetic,syn-0016,html/syn-0016.html,syn-0016.html,run-none16,synthetic-shop.local,https://synthetic-shop.local/product/webcam-16-02,hybrid_original,Веб-камера Full HD 1080p,3990.0,True,,,,,candidate_only,D:\Pet_Codes\science\article-price-tracker\synthetic\html\syn-0016.html,,
synthetic,syn-0016,html/syn-0016.html,syn-0016.html,run-none16,synthetic-shop.local,https://synthetic-shop.local/product/switch-8p-16-03,hybrid_original,Коммутатор 8-портовый Gigabit,4622.0,True,,,,,candidate_only,D:\Pet_Codes\science\article-price-tracker\synthetic\html\syn-0016.html,,
synthetic,syn-0016,html/syn-0016.html,syn-0016.html,run-none16,synthetic-shop.local,https://synthetic-shop.local/product/mini-pc-16-04,hybrid_original,Мини-ПК 16 ГБ / 512 ГБ,36494.0,True,,,,,candidate_only,D:\Pet_Codes\science\article-price-tracker\synthetic\html\syn-0016.html,,
synthetic,syn-0016,html/syn-0016.html,syn-0016.html,run-none16,synthetic-shop.local,https://synthetic-shop.local/product/ssd-1tb-16-06,hybrid_original,SSD накопитель 1 ТБ NVMe PCIe 4.0,8608.0,True,,,,,candidate_only,D:\Pet_Codes\science\article-price-tracker\synthetic\html\syn-0016.html,,
synthetic,syn-0016,html/syn-0016.html,syn-0016.html,run-none16,synthetic-shop.local,https://synthetic-shop.local/product/ups-1000-16-07,hybrid_original,Источник бесперебойного питания 1000 ВА,12609.0,True,,,,,candidate_only,D:\Pet_Codes\science\article-price-tracker\synthetic\html\syn-0016.html,,
synthetic,syn-0016,html/syn-0016.html,syn-0016.html,run-none16,synthetic-shop.local,https://synthetic-shop.local/product/usb-headset-16-05,hybrid_original,Наушники USB с микрофоном,3053.0,True,,,,,candidate_only,D:\Pet_Codes\science\article-price-tracker\synthetic\html\syn-0016.html,,
synthetic,syn-0016,html/syn-0016.html,syn-0016.html,run-none16,synthetic-shop.local,https://synthetic-shop.local/product/mechanical-keyboard-16-08,hybrid_original,Клавиатура механическая USB,6879.0,True,,,,,candidate_only,D:\Pet_Codes\science\article-price-tracker\synthetic\html\syn-0016.html,,
synthetic,syn-0017,html/syn-0017.html,syn-0017.html,run-none17,synthetic-shop.local,https://synthetic-shop.local/product/mini-pc-17-01,hybrid_original,Мини-ПК 16 ГБ / 512 ГБ,35990.0,True,,,2–3 дня,,deterministic,D:\Pet_Codes\science\article-price-tracker\synthetic\html\syn-0017.html,,
synthetic,syn-0017,html/syn-0017.html,syn-0017.html,run-none17,synthetic-shop.local,https://synthetic-shop.local/product/usb-headset-17-02,hybrid_original,Наушники USB с микрофоном,3011.0,True,,,3–4 дня,,deterministic,D:\Pet_Codes\science\article-price-tracker\synthetic\html\syn-0017.html,,
synthetic,syn-0017,html/syn-0017.html,syn-0017.html,run-none17,synthetic-shop.local,https://synthetic-shop.local/product/ssd-1tb-17-03,hybrid_original,SSD накопитель 1 ТБ NVMe PCIe 4.0,8608.0,True,,,1–5 дня,,deterministic,D:\Pet_Codes\science\article-price-tracker\synthetic\html\syn-0017.html,,
synthetic,syn-0017,html/syn-0017.html,syn-0017.html,run-none17,synthetic-shop.local,https://synthetic-shop.local/product/wifi-router-17-04,hybrid_original,Маршрутизатор Wi‑Fi 6 AX3000,7137.0,True,,,2–6 дня,,deterministic,D:\Pet_Codes\science\article-price-tracker\synthetic\html\syn-0017.html,,
synthetic,syn-0017,html/syn-0017.html,syn-0017.html,run-none17,synthetic-shop.local,https://synthetic-shop.local/product/monitor-27-17-05,hybrid_original,Монитор 27″ IPS QHD 165 Гц,28990.0,True,,,3–3 дня,,deterministic,D:\Pet_Codes\science\article-price-tracker\synthetic\html\syn-0017.html,,
synthetic,syn-0017,html/syn-0017.html,syn-0017.html,run-none17,synthetic-shop.local,https://synthetic-shop.local/product/webcam-17-06,hybrid_original,Веб-камера Full HD 1080p,4329.0,True,,,1–5 дня,,deterministic,D:\Pet_Codes\science\article-price-tracker\synthetic\html\syn-0017.html,,
synthetic,syn-0017,html/syn-0017.html,syn-0017.html,run-none17,synthetic-shop.local,https://synthetic-shop.local/product/portable-ssd-17-07,hybrid_original,Внешний SSD 2 ТБ USB-C,18820.0,True,,,3–4 дня,,deterministic,D:\Pet_Codes\science\article-price-tracker\synthetic\html\syn-0017.html,,
synthetic,syn-0017,html/syn-0017.html,syn-0017.html,run-none17,synthetic-shop.local,https://synthetic-shop.local/product/ups-1000-17-08,hybrid_original,Источник бесперебойного питания 1000 ВА,12242.0,True,,,1–6 дня,,deterministic,D:\Pet_Codes\science\article-price-tracker\synthetic\html\syn-0017.html,,
synthetic,syn-0017,html/syn-0017.html,syn-0017.html,run-none17,synthetic-shop.local,https://synthetic-shop.local/product/mechanical-keyboard-17-09,hybrid_original,Клавиатура механическая USB,6685.0,True,,,2–3 дня,,deterministic,D:\Pet_Codes\science\article-price-tracker\synthetic\html\syn-0017.html,,
synthetic,syn-0017,html/syn-0017.html,syn-0017.html,run-none17,synthetic-shop.local,https://synthetic-shop.local/product/switch-8p-17-10,hybrid_original,Коммутатор 8-портовый Gigabit,4899.0,True,,,3–4 дня,,deterministic,D:\Pet_Codes\science\article-price-tracker\synthetic\html\syn-0017.html,,
synthetic,syn-0017,html/syn-0017.html,syn-0017.html,run-none17,synthetic-shop.local,https://synthetic-shop.local/product/ssd-1tb-17-11,hybrid_original,SSD накопитель 1 ТБ NVMe PCIe 4.0 — серия 2,9383.0,True,,,1–5 дня,,deterministic,D:\Pet_Codes\science\article-price-tracker\synthetic\html\syn-0017.html,,
synthetic,syn-0017,html/syn-0017.html,syn-0017.html,run-none17,synthetic-shop.local,https://synthetic-shop.local/product/webcam-17-12,hybrid_original,Веб-камера Full HD 1080p — серия 2,4532.0,True,,,1–5 дня,,deterministic,D:\Pet_Codes\science\article-price-tracker\synthetic\html\syn-0017.html,,
synthetic,syn-0017,html/syn-0017.html,syn-0017.html,run-none17,synthetic-shop.local,https://synthetic-shop.local/product/portable-ssd-17-13,hybrid_original,Внешний SSD 2 ТБ USB-C — серия 2,17451.0,True,,,3–4 дня,,deterministic,D:\Pet_Codes\science\article-price-tracker\synthetic\html\syn-0017.html,,
synthetic,syn-0017,html/syn-0017.html,syn-0017.html,run-none17,synthetic-shop.local,https://synthetic-shop.local/product/ups-1000-17-14,hybrid_original,Источник бесперебойного питания 1000 ВА — серия 2,12854.0,True,,,1–6 дня,,deterministic,D:\Pet_Codes\science\article-price-tracker\synthetic\html\syn-0017.html,,
synthetic,syn-0017,html/syn-0017.html,syn-0017.html,run-none17,synthetic-shop.local,https://synthetic-shop.local/product/mechanical-keyboard-17-15,hybrid_original,Клавиатура механическая USB — серия 2,7009.0,True,,,2–3 дня,,deterministic,D:\Pet_Codes\science\article-price-tracker\synthetic\html\syn-0017.html,,
synthetic,syn-0017,html/syn-0017.html,syn-0017.html,run-none17,synthetic-shop.local,https://synthetic-shop.local/product/switch-8p-17-16,hybrid_original,Коммутатор 8-портовый Gigabit — серия 2,5130.0,True,,,3–4 дня,,deterministic,D:\Pet_Codes\science\article-price-tracker\synthetic\html\syn-0017.html,,
synthetic,syn-0017,html/syn-0017.html,syn-0017.html,run-none17,synthetic-shop.local,https://synthetic-shop.local/product/wifi-router-17-17,hybrid_original,Маршрутизатор Wi‑Fi 6 AX3000 — серия 2,7208.0,True,,,2–6 дня,,deterministic,D:\Pet_Codes\science\article-price-tracker\synthetic\html\syn-0017.html,,
synthetic,syn-0017,html/syn-0017.html,syn-0017.html,run-none17,synthetic-shop.local,https://synthetic-shop.local/product/mini-pc-17-18,hybrid_original,Мини-ПК 16 ГБ / 512 ГБ — серия 2,37954.0,True,,,1–5 дня,,deterministic,D:\Pet_Codes\science\article-price-tracker\synthetic\html\syn-0017.html,,
synthetic,syn-0017,html/syn-0017.html,syn-0017.html,run-none17,synthetic-shop.local,https://synthetic-shop.local/product/monitor-27-17-19,hybrid_original,Монитор 27″ IPS QHD 165 Гц — серия 2,31454.0,False,,,3–5 дня,,deterministic,D:\Pet_Codes\science\article-price-tracker\synthetic\html\syn-0017.html,,
synthetic,syn-0017,html/syn-0017.html,syn-0017.html,run-none17,synthetic-shop.local,https://synthetic-shop.local/product/usb-headset-17-20,hybrid_original,Наушники USB с микрофоном — серия 2,3358.0,True,,,2–6 дня,,deterministic,D:\Pet_Codes\science\article-price-tracker\synthetic\html\syn-0017.html,,
synthetic,syn-0017,html/syn-0017.html,syn-0017.html,run-none17,synthetic-shop.local,https://synthetic-shop.local/product/ssd-1tb-17-21,hybrid_original,SSD накопитель 1 ТБ NVMe PCIe 4.0 — серия 3,8608.0,True,,,1–5 дня,,deterministic,D:\Pet_Codes\science\article-price-tracker\synthetic\html\syn-0017.html,,
synthetic,syn-0017,html/syn-0017.html,syn-0017.html,run-none17,synthetic-shop.local,https://synthetic-shop.local/product/webcam-17-22,hybrid_original,Веб-камера Full HD 1080p — серия 3,4167.0,True,,,1–5 дня,,deterministic,D:\Pet_Codes\science\article-price-tracker\synthetic\html\syn-0017.html,,
synthetic,syn-0017,html/syn-0017.html,syn-0017.html,run-none17,synthetic-shop.local,https://synthetic-shop.local/product/portable-ssd-17-23,hybrid_original,Внешний SSD 2 ТБ USB-C — серия 3,18136.0,True,,,3–4 дня,,deterministic,D:\Pet_Codes\science\article-price-tracker\synthetic\html\syn-0017.html,,
synthetic,syn-0017,html/syn-0017.html,syn-0017.html,run-none17,synthetic-shop.local,https://synthetic-shop.local/product/ups-1000-17-24,hybrid_original,Источник бесперебойного питания 1000 ВА — серия 3,13344.0,True,,,1–6 дня,,deterministic,D:\Pet_Codes\science\article-price-tracker\synthetic\html\syn-0017.html,,
synthetic,syn-0018,html/syn-0018.html,syn-0018.html,run-none18,synthetic-shop.local,https://synthetic-shop.local/product/ups-1000-18-03,hybrid_original,Источник бесперебойного питания 1000 ВА,12242.0,True,,,2–6 дня,,candidate_only,D:\Pet_Codes\science\article-price-tracker\synthetic\html\syn-0018.html,,
synthetic,syn-0018,html/syn-0018.html,syn-0018.html,run-none18,synthetic-shop.local,https://synthetic-shop.local/product/wifi-router-18-01,hybrid_original,Маршрутизатор Wi‑Fi 6 AX3000,7039.0,True,,,3–4 дня,,candidate_only,D:\Pet_Codes\science\article-price-tracker\synthetic\html\syn-0018.html,,
synthetic,syn-0018,html/syn-0018.html,syn-0018.html,run-none18,synthetic-shop.local,https://synthetic-shop.local/product/monitor-27-18-02,hybrid_original,Монитор 27″ IPS QHD 165 Гц,29396.0,True,,,1–5 дня,,candidate_only,D:\Pet_Codes\science\article-price-tracker\synthetic\html\syn-0018.html,,
synthetic,syn-0018,html/syn-0018.html,syn-0018.html,run-none18,synthetic-shop.local,https://synthetic-shop.local/product/mechanical-keyboard-18-04,hybrid_original,Клавиатура механическая USB,6490.0,True,,,3–3 дня,,candidate_only,D:\Pet_Codes\science\article-price-tracker\synthetic\html\syn-0018.html,,
synthetic,syn-0018,html/syn-0018.html,syn-0018.html,run-none18,synthetic-shop.local,https://synthetic-shop.local/product/ssd-1tb-18-06,hybrid_original,SSD накопитель 1 ТБ NVMe PCIe 4.0,8694.0,True,,,1–5 дня,,candidate_only,D:\Pet_Codes\science\article-price-tracker\synthetic\html\syn-0018.html,,
synthetic,syn-0018,html/syn-0018.html,syn-0018.html,run-none18,synthetic-shop.local,https://synthetic-shop.local/product/portable-ssd-18-05,hybrid_original,Внешний SSD 2 ТБ USB-C,17109.0,False,,,1–4 дня,,candidate_only,D:\Pet_Codes\science\article-price-tracker\synthetic\html\syn-0018.html,,
synthetic,syn-0018,html/syn-0018.html,syn-0018.html,run-none18,synthetic-shop.local,https://synthetic-shop.local/product/ssd-1tb-18-11,hybrid_original,SSD накопитель 1 ТБ NVMe PCIe 4.0 — серия 2,8866.0,True,,,1–5 дня,,candidate_only,D:\Pet_Codes\science\article-price-tracker\synthetic\html\syn-0018.html,,
synthetic,syn-0018,html/syn-0018.html,syn-0018.html,run-none18,synthetic-shop.local,https://synthetic-shop.local/product/switch-8p-18-08,hybrid_original,Коммутатор 8-портовый Gigabit,4946.0,True,,,3–4 дня,,candidate_only,D:\Pet_Codes\science\article-price-tracker\synthetic\html\syn-0018.html,,
synthetic,syn-0019,html/syn-0019.html,syn-0019.html,run-none19,synthetic-shop.local,https://synthetic-shop.local/product/surface-cleaner-19-01,hybrid_original,Средство для очистки поверхностей 5 л,1310.0,True,,,1–5 дня,,candidate_only,D:\Pet_Codes\science\article-price-tracker\synthetic\html\syn-0019.html,,
synthetic,syn-0019,html/syn-0019.html,syn-0019.html,run-none19,synthetic-shop.local,https://synthetic-shop.local/product/liquid-soap-19-02,hybrid_original,Мыло жидкое профессиональное 5 л,1020.0,True,,,2–6 дня,,candidate_only,D:\Pet_Codes\science\article-price-tracker\synthetic\html\syn-0019.html,,
synthetic,syn-0019,html/syn-0019.html,syn-0019.html,run-none19,synthetic-shop.local,https://synthetic-shop.local/product/nitrile-gloves-19-04,hybrid_original,Перчатки защитные нитриловые 100 шт,1500.0,False,,,1–4 дня,,candidate_only,D:\Pet_Codes\science\article-price-tracker\synthetic\html\syn-0019.html,,
synthetic,syn-0019,html/syn-0019.html,syn-0019.html,run-none19,synthetic-shop.local,https://synthetic-shop.local/product/glass-cleaner-19-03,hybrid_original,Очиститель стекол концентрат 1 л,690.0,True,,,3–3 дня,,candidate_only,D:\Pet_Codes\science\article-price-tracker\synthetic\html\syn-0019.html,,
synthetic,syn-0019,html/syn-0019.html,syn-0019.html,run-none19,synthetic-shop.local,https://synthetic-shop.local/product/respirator-ffp2-19-05,hybrid_original,Респиратор складной FFP2 10 шт,1210.0,True,,,2–5 дня,,candidate_only,D:\Pet_Codes\science\article-price-tracker\synthetic\html\syn-0019.html,,
synthetic,syn-0019,html/syn-0019.html,syn-0019.html,run-none19,synthetic-shop.local,https://synthetic-shop.local/product/bucket-12l-19-06,hybrid_original,Ведро пластиковое 12 л с крышкой,562.0,True,,,3–6 дня,,candidate_only,D:\Pet_Codes\science\article-price-tracker\synthetic\html\syn-0019.html,,
synthetic,syn-0019,html/syn-0019.html,syn-0019.html,run-none19,synthetic-shop.local,https://synthetic-shop.local/product/container-45l-19-08,hybrid_original,Контейнер пластиковый 45 л с крышкой,1909.0,True,,,3–3 дня,,candidate_only,D:\Pet_Codes\science\article-price-tracker\synthetic\html\syn-0019.html,,
synthetic,syn-0019,html/syn-0019.html,syn-0019.html,run-none19,synthetic-shop.local,https://synthetic-shop.local/product/canister-20l-19-07,hybrid_original,Канистра 20 л пищевая,1232.0,True,,,2–5 дня,,candidate_only,D:\Pet_Codes\science\article-price-tracker\synthetic\html\syn-0019.html,,
synthetic,syn-0020,html/syn-0020.html,syn-0020.html,run-none20,synthetic-shop.local,https://synthetic-shop.local/product/safety-glasses-20-01,hybrid_original,Очки защитные прозрачные,620.0,True,,,2–6 дня,,deterministic,D:\Pet_Codes\science\article-price-tracker\synthetic\html\syn-0020.html,,
synthetic,syn-0020,html/syn-0020.html,syn-0020.html,run-none20,synthetic-shop.local,https://synthetic-shop.local/product/container-45l-20-02,hybrid_original,Контейнер пластиковый 45 л с крышкой,1890.0,True,,,3–3 дня,,deterministic,D:\Pet_Codes\science\article-price-tracker\synthetic\html\syn-0020.html,,
synthetic,syn-0020,html/syn-0020.html,syn-0020.html,run-none20,synthetic-shop.local,https://synthetic-shop.local/product/warehouse-box-20-03,hybrid_original,Ящик складской 600×400×220 мм,2507.0,False,,,1–4 дня,,deterministic,D:\Pet_Codes\science\article-price-tracker\synthetic\html\syn-0020.html,,
synthetic,syn-0020,html/syn-0020.html,syn-0020.html,run-none20,synthetic-shop.local,https://synthetic-shop.local/product/canister-20l-20-04,hybrid_original,Канистра 20 л пищевая,1110.0,True,,,2–5 дня,,deterministic,D:\Pet_Codes\science\article-price-tracker\synthetic\html\syn-0020.html,,
synthetic,syn-0020,html/syn-0020.html,syn-0020.html,run-none20,synthetic-shop.local,https://synthetic-shop.local/product/bucket-12l-20-05,hybrid_original,Ведро пластиковое 12 л с крышкой,520.0,True,,,3–6 дня,,deterministic,D:\Pet_Codes\science\article-price-tracker\synthetic\html\syn-0020.html,,
synthetic,syn-0020,html/syn-0020.html,syn-0020.html,run-none20,synthetic-shop.local,https://synthetic-shop.local/product/liquid-soap-20-06,hybrid_original,Мыло жидкое профессиональное 5 л,1040.0,True,,,2–6 дня,,deterministic,D:\Pet_Codes\science\article-price-tracker\synthetic\html\syn-0020.html,,
synthetic,syn-0020,html/syn-0020.html,syn-0020.html,run-none20,synthetic-shop.local,https://synthetic-shop.local/product/glass-cleaner-20-07,hybrid_original,Очиститель стекол концентрат 1 л,724.0,True,,,3–3 дня,,deterministic,D:\Pet_Codes\science\article-price-tracker\synthetic\html\syn-0020.html,,
synthetic,syn-0020,html/syn-0020.html,syn-0020.html,run-none20,synthetic-shop.local,https://synthetic-shop.local/product/nitrile-gloves-20-08,hybrid_original,Перчатки защитные нитриловые 100 шт,1620.0,False,,,1–4 дня,,deterministic,D:\Pet_Codes\science\article-price-tracker\synthetic\html\syn-0020.html,,
synthetic,syn-0020,html/syn-0020.html,syn-0020.html,run-none20,synthetic-shop.local,https://synthetic-shop.local/product/respirator-ffp2-20-09,hybrid_original,Респиратор складной FFP2 10 шт,1343.0,True,,,2–5 дня,,deterministic,D:\Pet_Codes\science\article-price-tracker\synthetic\html\syn-0020.html,,
synthetic,syn-0020,html/syn-0020.html,syn-0020.html,run-none20,synthetic-shop.local,https://synthetic-shop.local/product/surface-cleaner-20-10,hybrid_original,Средство для очистки поверхностей 5 л,1323.0,True,,,1–5 дня,,deterministic,D:\Pet_Codes\science\article-price-tracker\synthetic\html\syn-0020.html,,
synthetic,syn-0020,html/syn-0020.html,syn-0020.html,run-none20,synthetic-shop.local,https://synthetic-shop.local/product/bucket-12l-20-11,hybrid_original,Ведро пластиковое 12 л с крышкой — серия 2,541.0,True,,,3–6 дня,,deterministic,D:\Pet_Codes\science\article-price-tracker\synthetic\html\syn-0020.html,,
synthetic,syn-0020,html/syn-0020.html,syn-0020.html,run-none20,synthetic-shop.local,https://synthetic-shop.local/product/canister-20l-20-12,hybrid_original,Канистра 20 л пищевая — серия 2,1188.0,True,,,2–5 дня,,deterministic,D:\Pet_Codes\science\article-price-tracker\synthetic\html\syn-0020.html,,
synthetic,syn-0020,html/syn-0020.html,syn-0020.html,run-none20,synthetic-shop.local,https://synthetic-shop.local/product/container-45l-20-13,hybrid_original,Контейнер пластиковый 45 л с крышкой — серия 2,2079.0,True,,,3–3 дня,,deterministic,D:\Pet_Codes\science\article-price-tracker\synthetic\html\syn-0020.html,,
synthetic,syn-0020,html/syn-0020.html,syn-0020.html,run-none20,synthetic-shop.local,https://synthetic-shop.local/product/liquid-soap-20-14,hybrid_original,Мыло жидкое профессиональное 5 л — серия 2,1020.0,True,,,2–6 дня,,deterministic,D:\Pet_Codes\science\article-price-tracker\synthetic\html\syn-0020.html,,
synthetic,syn-0020,html/syn-0020.html,syn-0020.html,run-none20,synthetic-shop.local,https://synthetic-shop.local/product/glass-cleaner-20-15,hybrid_original,Очиститель стекол концентрат 1 л — серия 2,711.0,True,,,3–3 дня,,deterministic,D:\Pet_Codes\science\article-price-tracker\synthetic\html\syn-0020.html,,
synthetic,syn-0020,html/syn-0020.html,syn-0020.html,run-none20,synthetic-shop.local,https://synthetic-shop.local/product/safety-glasses-20-16,hybrid_original,Очки защитные прозрачные — серия 2,657.0,True,,,2–6 дня,,deterministic,D:\Pet_Codes\science\article-price-tracker\synthetic\html\syn-0020.html,,
synthetic,syn-0020,html/syn-0020.html,syn-0020.html,run-none20,synthetic-shop.local,https://synthetic-shop.local/product/nitrile-gloves-20-17,hybrid_original,Перчатки защитные нитриловые 100 шт — серия 2,1635.0,False,,,1–4 дня,,deterministic,D:\Pet_Codes\science\article-price-tracker\synthetic\html\syn-0020.html,,
synthetic,syn-0020,html/syn-0020.html,syn-0020.html,run-none20,synthetic-shop.local,https://synthetic-shop.local/product/respirator-ffp2-20-18,hybrid_original,Респиратор складной FFP2 10 шт — серия 2,1355.0,True,,,2–5 дня,,deterministic,D:\Pet_Codes\science\article-price-tracker\synthetic\html\syn-0020.html,,
synthetic,syn-0020,html/syn-0020.html,syn-0020.html,run-none20,synthetic-shop.local,https://synthetic-shop.local/product/surface-cleaner-20-19,hybrid_original,Средство для очистки поверхностей 5 л — серия 2,1336.0,True,,,1–5 дня,,deterministic,D:\Pet_Codes\science\article-price-tracker\synthetic\html\syn-0020.html,,
synthetic,syn-0020,html/syn-0020.html,syn-0020.html,run-none20,synthetic-shop.local,https://synthetic-shop.local/product/warehouse-box-20-20,hybrid_original,Ящик складской 600×400×220 мм — серия 2,2632.0,False,,,1–4 дня,,deterministic,D:\Pet_Codes\science\article-price-tracker\synthetic\html\syn-0020.html,,
