dataset,page_id,html_key,deterministic_count,deterministic_accepted,deterministic_rejected,ax_available,screenshot_available,artifact_sha256,benchmark_run_id,composition_revision,coverage_confident,coverage_candidate_count,coverage_unmatched_count,coverage_scan_truncated,coverage_unmatched_sample,selected_mode,extraction_status,llm_stages,escalation_reason,composition,fallback_selected_mode,bounded_coverage
synthetic,syn-0001,syn-0001.html,12,12,0,False,False,{},20261004T181609Z-2ba1b2f7,deterministic_first_union_v1,True,12,0,False,[],deterministic,ok,0,none,"{'deterministic_kept': 12, 'fallback_seen': 0, 'fallback_novel': 0, 'fallback_matched': 0, 'fields_filled': 0, 'union_count': 12}",,
synthetic,syn-0002,syn-0002.html,30,30,0,False,False,{},20261004T181609Z-2ba1b2f7,deterministic_first_union_v1,True,30,0,False,[],deterministic,ok,0,none,"{'deterministic_kept': 30, 'fallback_seen': 0, 'fallback_novel': 0, 'fallback_matched': 0, 'fields_filled': 0, 'union_count': 30}",,
synthetic,syn-0003,syn-0003.html,16,16,0,False,False,{},20261004T181609Z-2ba1b2f7,deterministic_first_union_v1,True,16,0,False,[],deterministic,ok,0,none,"{'deterministic_kept': 16, 'fallback_seen': 0, 'fallback_novel': 0, 'fallback_matched': 0, 'fields_filled': 0, 'union_count': 16}",,
synthetic,syn-0004,syn-0004.html,26,26,0,False,False,{},20261004T181609Z-2ba1b2f7,deterministic_first_union_v1,True,26,0,False,[],deterministic,ok,0,none,"{'deterministic_kept': 26, 'fallback_seen': 0, 'fallback_novel': 0, 'fallback_matched': 0, 'fields_filled': 0, 'union_count': 26}",,
synthetic,syn-0005,syn-0005.html,0,0,0,False,False,{},20261004T181609Z-2ba1b2f7,deterministic_first_union_v1,False,14,14,False,"[{'product_url': 'https://synthetic-shop.local/product/moisture-meter-05-01', 'name': 'Влагомер древесины WM-2', 'price': 3190.0, 'score': 1025}, {'product_url': 'https://synthetic-shop.local/product/clamp-meter-05-02', 'name': 'Клещи токовые CM-600', 'price': 6535.0, 'score': 1015}, {'product_url': 'https://synthetic-shop.local/product/angle-meter-05-03', 'name': 'Угломер электронный AG-360', 'price': 3844.0, 'score': 1014}, {'product_url': 'https://synthetic-shop.local/product/laser-level-05-04', 'name': 'Лазерный уровень ЛУ-360 Pro', 'price': 13263.0, 'score': 1013}, {'product_url': 'https://synthetic-shop.local/product/laser-rangefinder-05-05', 'name': 'Дальномер лазерный DM-80', 'price': 6990.0, 'score': 998}, {'product_url': 'https://synthetic-shop.local/product/wall-scanner-05-07', 'name': 'Детектор скрытой проводки WallScan 5', 'price': 4873.0, 'score': 996}, {'product_url': 'https://synthetic-shop.local/product/anemometer-05-06', 'name': 'Анемометр цифровой AM-30', 'price': 5343.0, 'score': 991}, {'product_url': 'https://synthetic-shop.local/product/megohmmeter-05-09', 'name': 'Мегаомметр цифровой MI-1000', 'price': 17712.0, 'score': 974}, {'product_url': 'https://synthetic-shop.local/product/luxmeter-05-08', 'name': 'Люксметр LX-1010', 'price': 3222.0, 'score': 969}, {'product_url': 'https://synthetic-shop.local/product/multimeter-05-10', 'name': 'Мультиметр цифровой M830 Pro', 'price': 1916.0, 'score': 967}]",candidate_only,partial_validation,1,deterministic_empty,"{'deterministic_kept': 0, 'fallback_seen': 8, 'fallback_novel': 8, 'fallback_matched': 0, 'fields_filled': 0, 'union_count': 8}",candidate_only,"{'coverage_confident': False, 'coverage_candidate_count': 14, 'coverage_unmatched_count': 6, 'coverage_scan_truncated': False, 'coverage_unmatched_sample': [{'product_url': 'https://synthetic-shop.local/product/luxmeter-05-08', 'name': 'Люксметр LX-1010', 'price': 3222.0, 'score': 969}, {'product_url': 'https://synthetic-shop.local/product/multimeter-05-10', 'name': 'Мультиметр цифровой M830 Pro', 'price': 1916.0, 'score': 967}, {'product_url': 'https://synthetic-shop.local/product/optical-level-05-11', 'name': 'Нивелир оптический N-32', 'price': 22135.0, 'score': 956}, {'product_url': 'https://synthetic-shop.local/product/pyrometer-05-12', 'name': 'Пирометр инфракрасный IR-900', 'price': 3725.0, 'score': 953}, {'product_url': 'https://synthetic-shop.local/product/thermal-camera-05-13', 'name': 'Тепловизор строительный IR-256', 'price': 47742.0, 'score': 949}, {'product_url': 'https://synthetic-shop.local/product/socket-tester-05-14', 'name': 'Тестер розеток и УЗО ST-8', 'price': 2034.0, 'score': 936}]}"
synthetic,syn-0006,syn-0006.html,0,0,0,False,False,{},20261004T181609Z-2ba1b2f7,deterministic_first_union_v1,False,28,28,False,"[{'product_url': 'https://synthetic-shop.local/product/laser-level-06-01', 'name': 'Лазерный уровень ЛУ-360 Pro', 'price': 13081.0, 'score': 438}, {'product_url': 'https://synthetic-shop.local/product/multimeter-06-03', 'name': 'Мультиметр цифровой M830 Pro', 'price': 1929.0, 'score': 428}, {'product_url': 'https://synthetic-shop.local/product/laser-rangefinder-06-02', 'name': 'Дальномер лазерный DM-80', 'price': 7088.0, 'score': 427}, {'product_url': 'https://synthetic-shop.local/product/thermal-camera-06-04', 'name': 'Тепловизор строительный IR-256', 'price': 42900.0, 'score': 420}, {'product_url': 'https://synthetic-shop.local/product/optical-level-06-05', 'name': 'Нивелир оптический N-32', 'price': 21640.0, 'score': 406}, {'product_url': 'https://synthetic-shop.local/product/anemometer-06-06', 'name': 'Анемометр цифровой AM-30', 'price': 5713.0, 'score': 399}, {'product_url': 'https://synthetic-shop.local/product/wall-scanner-06-08', 'name': 'Детектор скрытой проводки WallScan 5', 'price': 4733.0, 'score': 397}, {'product_url': 'https://synthetic-shop.local/product/moisture-meter-06-07', 'name': 'Влагомер древесины WM-2', 'price': 3590.0, 'score': 391}, {'product_url': 'https://synthetic-shop.local/product/clamp-meter-06-09', 'name': 'Клещи токовые CM-600', 'price': 6890.0, 'score': 378}, {'product_url': 'https://synthetic-shop.local/product/megohmmeter-06-11', 'name': 'Мегаомметр цифровой MI-1000', 'price': 17712.0, 'score': 368}]",candidate_only,partial_validation,1,deterministic_empty,"{'deterministic_kept': 0, 'fallback_seen': 8, 'fallback_novel': 8, 'fallback_matched': 0, 'fields_filled': 0, 'union_count': 8}",candidate_only,"{'coverage_confident': False, 'coverage_candidate_count': 28, 'coverage_unmatched_count': 20, 'coverage_scan_truncated': False, 'coverage_unmatched_sample': [{'product_url': 'https://synthetic-shop.local/product/clamp-meter-06-09', 'name': 'Клещи токовые CM-600', 'price': 6890.0, 'score': 378}, {'product_url': 'https://synthetic-shop.local/product/megohmmeter-06-11', 'name': 'Мегаомметр цифровой MI-1000', 'price': 17712.0, 'score': 368}, {'product_url': 'https://synthetic-shop.local/product/luxmeter-06-10', 'name': 'Люксметр LX-1010', 'price': 3222.0, 'score': 363}, {'product_url': 'https://synthetic-shop.local/product/pyrometer-06-12', 'name': 'Пирометр инфракрасный IR-900', 'price': 3514.0, 'score': 361}, {'product_url': 'https://synthetic-shop.local/product/socket-tester-06-13', 'name': 'Тестер розеток и УЗО ST-8', 'price': 1870.0, 'score': 351}, {'product_url': 'https://synthetic-shop.local/product/coating-gauge-06-14', 'name': 'Толщиномер покрытий CT-1200', 'price': 9529.0, 'score': 346}, {'product_url': 'https://synthetic-shop.local/product/anemometer-06-16', 'name': 'Анемометр цифровой AM-30 — серия 2', 'price': 5925.0, 'score': 339}, {'product_url': 'https://synthetic-shop.local/product/angle-meter-06-15', 'name': 'Угломер электронный AG-360', 'price': 4190.0, 'score': 338}, {'product_url': 'https://synthetic-shop.local/product/moisture-meter-06-17', 'name': 'Влагомер древесины WM-2 — серия 2', 'price': 3299.0, 'score': 331}, {'product_url': 'https://synthetic-shop.local/product/wall-scanner-06-19', 'name': 'Детектор скрытой проводки WallScan 5 — серия 2', 'price': 5061.0, 'score': 330}]}"
synthetic,syn-0007,syn-0007.html,18,18,0,False,False,{},20261004T181609Z-2ba1b2f7,deterministic_first_union_v1,True,18,0,False,[],deterministic,ok,0,none,"{'deterministic_kept': 18, 'fallback_seen': 0, 'fallback_novel': 0, 'fallback_matched': 0, 'fields_filled': 0, 'union_count': 18}",,
synthetic,syn-0008,syn-0008.html,0,0,0,False,False,{},20261004T181609Z-2ba1b2f7,deterministic_first_union_v1,False,24,24,False,"[{'product_url': 'https://synthetic-shop.local/product/anemometer-08-01', 'name': 'Анемометр цифровой AM-30', 'price': 305401.0, 'score': 993}, {'product_url': 'https://synthetic-shop.local/product/pyrometer-08-02', 'name': 'Пирометр инфракрасный IR-900', 'price': 9003490.0, 'score': 990}, {'product_url': 'https://synthetic-shop.local/product/coating-gauge-08-03', 'name': 'Толщиномер покрытий CT-1200', 'price': 12009053.0, 'score': 981}, {'product_url': 'https://synthetic-shop.local/product/megohmmeter-08-04', 'name': 'Мегаомметр цифровой MI-1000', 'price': 100016214.0, 'score': 975}, {'product_url': 'https://synthetic-shop.local/product/wall-scanner-08-08', 'name': 'Детектор скрытой проводки WallScan 5', 'price': 54780.0, 'score': 964}, {'product_url': 'https://synthetic-shop.local/product/socket-tester-08-05', 'name': 'Тестер розеток и УЗО ST-8', 'price': 81829.0, 'score': 963}, {'product_url': 'https://synthetic-shop.local/product/moisture-meter-08-06', 'name': 'Влагомер древесины WM-2', 'price': 23525.0, 'score': 952}, {'product_url': 'https://synthetic-shop.local/product/laser-rangefinder-08-07', 'name': 'Дальномер лазерный DM-80', 'price': 807884.0, 'score': 947}, {'product_url': 'https://synthetic-shop.local/product/laser-level-08-10', 'name': 'Лазерный уровень ЛУ-360 Pro', 'price': 14029.0, 'score': 937}, {'product_url': 'https://synthetic-shop.local/product/clamp-meter-08-09', 'name': 'Клещи токовые CM-600', 'price': 6006956.0, 'score': 929}]",candidate_only,partial_validation,1,deterministic_empty,"{'deterministic_kept': 0, 'fallback_seen': 8, 'fallback_novel': 8, 'fallback_matched': 0, 'fields_filled': 0, 'union_count': 8}",candidate_only,"{'coverage_confident': False, 'coverage_candidate_count': 24, 'coverage_unmatched_count': 16, 'coverage_scan_truncated': False, 'coverage_unmatched_sample': [{'product_url': 'https://synthetic-shop.local/product/laser-level-08-10', 'name': 'Лазерный уровень ЛУ-360 Pro', 'price': 14029.0, 'score': 937}, {'product_url': 'https://synthetic-shop.local/product/clamp-meter-08-09', 'name': 'Клещи токовые CM-600', 'price': 6006956.0, 'score': 929}, {'product_url': 'https://synthetic-shop.local/product/multimeter-08-12', 'name': 'Мультиметр цифровой M830 Pro', 'price': 1935.0, 'score': 920}, {'product_url': 'https://synthetic-shop.local/product/thermal-camera-08-14', 'name': 'Тепловизор строительный IR-256', 'price': 25646866.0, 'score': 911}, {'product_url': 'https://synthetic-shop.local/product/optical-level-08-13', 'name': 'Нивелир оптический N-32', 'price': 3222350.0, 'score': 904}, {'product_url': 'https://synthetic-shop.local/product/anemometer-08-16', 'name': 'Анемометр цифровой AM-30 — серия 2', 'price': 25290.0, 'score': 904}, {'product_url': 'https://synthetic-shop.local/product/wall-scanner-08-19', 'name': 'Детектор скрытой проводки WallScan 5 — серия 2', 'price': 25108.0, 'score': 904}, {'product_url': 'https://synthetic-shop.local/product/luxmeter-08-11', 'name': 'Люксметр LX-1010', 'price': 10103342.0, 'score': 903}, {'product_url': 'https://synthetic-shop.local/product/angle-meter-08-15', 'name': 'Угломер электронный AG-360', 'price': 3604228.0, 'score': 895}, {'product_url': 'https://synthetic-shop.local/product/moisture-meter-08-17', 'name': 'Влагомер древесины WM-2 — серия 2', 'price': 23331.0, 'score': 895}]}"
synthetic,syn-0009,syn-0009.html,0,0,0,False,False,{},20261004T181609Z-2ba1b2f7,deterministic_first_union_v1,False,20,20,False,"[{'product_url': 'https://synthetic-shop.local/product/megohmmeter-09-01', 'name': 'Мегаомметр цифровой MI-1000', 'price': 15990.0, 'score': 1030}, {'product_url': 'https://synthetic-shop.local/product/socket-tester-09-02', 'name': 'Тестер розеток и УЗО ST-8', 'price': 1803.0, 'score': 1020}, {'product_url': 'https://synthetic-shop.local/product/luxmeter-09-03', 'name': 'Люксметр LX-1010', 'price': 3032.0, 'score': 1004}, {'product_url': 'https://synthetic-shop.local/product/moisture-meter-09-04', 'name': 'Влагомер древесины WM-2', 'price': 3256.0, 'score': 1004}, {'product_url': 'https://synthetic-shop.local/product/clamp-meter-09-05', 'name': 'Клещи токовые CM-600', 'price': 6490.0, 'score': 994}, {'product_url': 'https://synthetic-shop.local/product/anemometer-09-06', 'name': 'Анемометр цифровой AM-30', 'price': 5449.0, 'score': 991}, {'product_url': 'https://synthetic-shop.local/product/wall-scanner-09-08', 'name': 'Детектор скрытой проводки WallScan 5', 'price': 5108.0, 'score': 989}, {'product_url': 'https://synthetic-shop.local/product/laser-rangefinder-09-07', 'name': 'Дальномер лазерный DM-80', 'price': 7461.0, 'score': 984}, {'product_url': 'https://synthetic-shop.local/product/laser-level-09-09', 'name': 'Лазерный уровень ЛУ-360 Pro', 'price': 14549.0, 'score': 978}, {'product_url': 'https://synthetic-shop.local/product/multimeter-09-10', 'name': 'Мультиметр цифровой M830 Pro', 'price': 1954.0, 'score': 967}]",candidate_only,partial_validation,1,deterministic_empty,"{'deterministic_kept': 0, 'fallback_seen': 8, 'fallback_novel': 8, 'fallback_matched': 0, 'fields_filled': 0, 'union_count': 8}",candidate_only,"{'coverage_confident': False, 'coverage_candidate_count': 20, 'coverage_unmatched_count': 12, 'coverage_scan_truncated': False, 'coverage_unmatched_sample': [{'product_url': 'https://synthetic-shop.local/product/laser-level-09-09', 'name': 'Лазерный уровень ЛУ-360 Pro', 'price': 14549.0, 'score': 978}, {'product_url': 'https://synthetic-shop.local/product/multimeter-09-10', 'name': 'Мультиметр цифровой M830 Pro', 'price': 1954.0, 'score': 967}, {'product_url': 'https://synthetic-shop.local/product/optical-level-09-11', 'name': 'Нивелир оптический N-32', 'price': 22564.0, 'score': 956}, {'product_url': 'https://synthetic-shop.local/product/pyrometer-09-12', 'name': 'Пирометр инфракрасный IR-900', 'price': 3795.0, 'score': 953}, {'product_url': 'https://synthetic-shop.local/product/thermal-camera-09-13', 'name': 'Тепловизор строительный IR-256', 'price': 48618.0, 'score': 949}, {'product_url': 'https://synthetic-shop.local/product/coating-gauge-09-14', 'name': 'Толщиномер покрытий CT-1200', 'price': 9080.0, 'score': 938}, {'product_url': 'https://synthetic-shop.local/product/anemometer-09-16', 'name': 'Анемометр цифровой AM-30 — серия 2', 'price': 5660.0, 'score': 931}, {'product_url': 'https://synthetic-shop.local/product/angle-meter-09-15', 'name': 'Угломер электронный AG-360', 'price': 3998.0, 'score': 930}, {'product_url': 'https://synthetic-shop.local/product/moisture-meter-09-17', 'name': 'Влагомер древесины WM-2 — серия 2', 'price': 3557.0, 'score': 923}, {'product_url': 'https://synthetic-shop.local/product/wall-scanner-09-19', 'name': 'Детектор скрытой проводки WallScan 5 — серия 2', 'price': 4827.0, 'score': 922}]}"
synthetic,syn-0010,syn-0010.html,22,22,0,False,False,{},20261004T181609Z-2ba1b2f7,deterministic_first_union_v1,True,22,0,False,[],deterministic,ok,0,none,"{'deterministic_kept': 22, 'fallback_seen': 0, 'fallback_novel': 0, 'fallback_matched': 0, 'fields_filled': 0, 'union_count': 22}",,
synthetic,syn-0011,syn-0011.html,30,30,0,False,False,{},20261004T181609Z-2ba1b2f7,deterministic_first_union_v1,True,30,0,False,[],deterministic,ok,0,none,"{'deterministic_kept': 30, 'fallback_seen': 0, 'fallback_novel': 0, 'fallback_matched': 0, 'fields_filled': 0, 'union_count': 30}",,
synthetic,syn-0012,syn-0012.html,12,12,0,False,False,{},20261004T181609Z-2ba1b2f7,deterministic_first_union_v1,True,12,0,False,[],deterministic,ok,0,none,"{'deterministic_kept': 12, 'fallback_seen': 0, 'fallback_novel': 0, 'fallback_matched': 0, 'fields_filled': 0, 'union_count': 12}",,
synthetic,syn-0013,syn-0013.html,26,26,0,False,False,{},20261004T181609Z-2ba1b2f7,deterministic_first_union_v1,True,26,0,False,[],deterministic,ok,0,none,"{'deterministic_kept': 26, 'fallback_seen': 0, 'fallback_novel': 0, 'fallback_matched': 0, 'fields_filled': 0, 'union_count': 26}",,
synthetic,syn-0014,syn-0014.html,16,16,0,False,False,{},20261004T181609Z-2ba1b2f7,deterministic_first_union_v1,True,16,0,False,[],deterministic,ok,0,none,"{'deterministic_kept': 16, 'fallback_seen': 0, 'fallback_novel': 0, 'fallback_matched': 0, 'fields_filled': 0, 'union_count': 16}",,
synthetic,syn-0015,syn-0015.html,0,0,0,False,False,{},20261004T181609Z-2ba1b2f7,deterministic_first_union_v1,False,28,28,False,"[{'product_url': 'https://synthetic-shop.local/product/ups-1000-15-02', 'name': 'Источник бесперебойного питания 1000 ВА', 'price': 12242.0, 'score': 1035}, {'product_url': 'https://synthetic-shop.local/product/monitor-27-15-01', 'name': 'Монитор 27″ IPS QHD 165 Гц', 'price': 29396.0, 'score': 1033}, {'product_url': 'https://synthetic-shop.local/product/mechanical-keyboard-15-03', 'name': 'Клавиатура механическая USB', 'price': 6490.0, 'score': 1015}, {'product_url': 'https://synthetic-shop.local/product/portable-ssd-15-04', 'name': 'Внешний SSD 2 ТБ USB-C', 'price': 17109.0, 'score': 1004}, {'product_url': 'https://synthetic-shop.local/product/ssd-1tb-15-06', 'name': 'SSD накопитель 1 ТБ NVMe PCIe 4.0', 'price': 9124.0, 'score': 1000}, {'product_url': 'https://synthetic-shop.local/product/webcam-15-05', 'name': 'Веб-камера Full HD 1080p', 'price': 4046.0, 'score': 998}, {'product_url': 'https://synthetic-shop.local/product/switch-8p-15-07', 'name': 'Коммутатор 8-портовый Gigabit', 'price': 5038.0, 'score': 989}, {'product_url': 'https://synthetic-shop.local/product/wifi-router-15-08', 'name': 'Маршрутизатор Wi‑Fi 6 AX3000', 'price': 7993.0, 'score': 981}, {'product_url': 'https://synthetic-shop.local/product/ssd-1tb-15-11', 'name': 'SSD накопитель 1 ТБ NVMe PCIe 4.0 — серия 2', 'price': 9297.0, 'score': 975}, {'product_url': 'https://synthetic-shop.local/product/mini-pc-15-09', 'name': 'Мини-ПК 16 ГБ / 512 ГБ', 'price': 37224.0, 'score': 969}]",candidate_only,partial_validation,1,deterministic_empty,"{'deterministic_kept': 0, 'fallback_seen': 8, 'fallback_novel': 8, 'fallback_matched': 0, 'fields_filled': 0, 'union_count': 8}",candidate_only,"{'coverage_confident': False, 'coverage_candidate_count': 28, 'coverage_unmatched_count': 20, 'coverage_scan_truncated': False, 'coverage_unmatched_sample': [{'product_url': 'https://synthetic-shop.local/product/ssd-1tb-15-11', 'name': 'SSD накопитель 1 ТБ NVMe PCIe 4.0 — серия 2', 'price': 9297.0, 'score': 975}, {'product_url': 'https://synthetic-shop.local/product/mini-pc-15-09', 'name': 'Мини-ПК 16 ГБ / 512 ГБ', 'price': 37224.0, 'score': 969}, {'product_url': 'https://synthetic-shop.local/product/usb-headset-15-10', 'name': 'Наушники USB с микрофоном', 'price': 3206.0, 'score': 964}, {'product_url': 'https://synthetic-shop.local/product/ups-1000-15-14', 'name': 'Источник бесперебойного питания 1000 ВА — серия 2', 'price': 12732.0, 'score': 961}, {'product_url': 'https://synthetic-shop.local/product/webcam-15-12', 'name': 'Веб-камера Full HD 1080p — серия 2', 'price': 4491.0, 'score': 959}, {'product_url': 'https://synthetic-shop.local/product/portable-ssd-15-13', 'name': 'Внешний SSD 2 ТБ USB-C — серия 2', 'price': 17280.0, 'score': 951}, {'product_url': 'https://synthetic-shop.local/product/mechanical-keyboard-15-15', 'name': 'Клавиатура механическая USB — серия 2', 'price': 6944.0, 'score': 941}, {'product_url': 'https://synthetic-shop.local/product/switch-8p-15-16', 'name': 'Коммутатор 8-портовый Gigabit — серия 2', 'price': 5084.0, 'score': 936}, {'product_url': 'https://synthetic-shop.local/product/wifi-router-15-17', 'name': 'Маршрутизатор Wi‑Fi 6 AX3000 — серия 2', 'price': 7137.0, 'score': 928}, {'product_url': 'https://synthetic-shop.local/product/monitor-27-15-19', 'name': 'Монитор 27″ IPS QHD 165 Гц — серия 2', 'price': 31160.0, 'score': 917}]}"
synthetic,syn-0016,syn-0016.html,0,0,0,False,False,{},20261004T181609Z-2ba1b2f7,deterministic_first_union_v1,False,14,14,False,"[{'product_url': 'https://synthetic-shop.local/product/portable-ssd-16-01', 'name': 'Внешний SSD 2 ТБ USB-C', 'price': 17347.0, 'score': 433}, {'product_url': 'https://synthetic-shop.local/product/webcam-16-02', 'name': 'Веб-камера Full HD 1080p', 'price': 3990.0, 'score': 427}, {'product_url': 'https://synthetic-shop.local/product/switch-8p-16-03', 'name': 'Коммутатор 8-портовый Gigabit', 'price': 4622.0, 'score': 425}, {'product_url': 'https://synthetic-shop.local/product/mini-pc-16-04', 'name': 'Мини-ПК 16 ГБ / 512 ГБ', 'price': 36494.0, 'score': 412}, {'product_url': 'https://synthetic-shop.local/product/ssd-1tb-16-06', 'name': 'SSD накопитель 1 ТБ NVMe PCIe 4.0', 'price': 8608.0, 'score': 408}, {'product_url': 'https://synthetic-shop.local/product/ups-1000-16-07', 'name': 'Источник бесперебойного питания 1000 ВА', 'price': 12609.0, 'score': 408}, {'product_url': 'https://synthetic-shop.local/product/usb-headset-16-05', 'name': 'Наушники USB с микрофоном', 'price': 3053.0, 'score': 407}, {'product_url': 'https://synthetic-shop.local/product/mechanical-keyboard-16-08', 'name': 'Клавиатура механическая USB', 'price': 6879.0, 'score': 388}, {'product_url': 'https://synthetic-shop.local/product/ssd-1tb-16-11', 'name': 'SSD накопитель 1 ТБ NVMe PCIe 4.0 — серия 2', 'price': 8780.0, 'score': 383}, {'product_url': 'https://synthetic-shop.local/product/wifi-router-16-09', 'name': 'Маршрутизатор Wi‑Fi 6 AX3000', 'price': 7779.0, 'score': 382}]",candidate_only,partial_validation,1,deterministic_empty,"{'deterministic_kept': 0, 'fallback_seen': 8, 'fallback_novel': 8, 'fallback_matched': 0, 'fields_filled': 0, 'union_count': 8}",candidate_only,"{'coverage_confident': False, 'coverage_candidate_count': 14, 'coverage_unmatched_count': 6, 'coverage_scan_truncated': False, 'coverage_unmatched_sample': [{'product_url': 'https://synthetic-shop.local/product/ssd-1tb-16-11', 'name': 'SSD накопитель 1 ТБ NVMe PCIe 4.0 — серия 2', 'price': 8780.0, 'score': 383}, {'product_url': 'https://synthetic-shop.local/product/wifi-router-16-09', 'name': 'Маршрутизатор Wi‑Fi 6 AX3000', 'price': 7779.0, 'score': 382}, {'product_url': 'https://synthetic-shop.local/product/monitor-27-16-10', 'name': 'Монитор 27″ IPS QHD 165 Гц', 'price': 32924.0, 'score': 378}, {'product_url': 'https://synthetic-shop.local/product/ups-1000-16-14', 'name': 'Источник бесперебойного питания 1000 ВА — серия 2', 'price': 13589.0, 'score': 369}, {'product_url': 'https://synthetic-shop.local/product/webcam-16-12', 'name': 'Веб-камера Full HD 1080p — серия 2', 'price': 4248.0, 'score': 367}, {'product_url': 'https://synthetic-shop.local/product/portable-ssd-16-13', 'name': 'Внешний SSD 2 ТБ USB-C — серия 2', 'price': 18478.0, 'score': 359}]}"
synthetic,syn-0017,syn-0017.html,24,24,0,False,False,{},20261004T181609Z-2ba1b2f7,deterministic_first_union_v1,True,24,0,False,[],deterministic,ok,0,none,"{'deterministic_kept': 24, 'fallback_seen': 0, 'fallback_novel': 0, 'fallback_matched': 0, 'fields_filled': 0, 'union_count': 24}",,
synthetic,syn-0018,syn-0018.html,0,0,0,False,False,{},20261004T181609Z-2ba1b2f7,deterministic_first_union_v1,False,18,18,False,"[{'product_url': 'https://synthetic-shop.local/product/ups-1000-18-03', 'name': 'Источник бесперебойного питания 1000 ВА', 'price': 12242.0, 'score': 1006}, {'product_url': 'https://synthetic-shop.local/product/wifi-router-18-01', 'name': 'Маршрутизатор Wi‑Fi 6 AX3000', 'price': 30007039.0, 'score': 997}, {'product_url': 'https://synthetic-shop.local/product/monitor-27-18-02', 'name': 'Монитор 27″ IPS QHD 165 Гц', 'price': 29396.0, 'score': 987}, {'product_url': 'https://synthetic-shop.local/product/mechanical-keyboard-18-04', 'name': 'Клавиатура механическая USB', 'price': 6490.0, 'score': 974}, {'product_url': 'https://synthetic-shop.local/product/ssd-1tb-18-06', 'name': 'SSD накопитель 1 ТБ NVMe PCIe 4.0', 'price': 8694.0, 'score': 972}, {'product_url': 'https://synthetic-shop.local/product/portable-ssd-18-05', 'name': 'Внешний SSD 2 ТБ USB-C', 'price': 17109.0, 'score': 962}, {'product_url': 'https://synthetic-shop.local/product/ssd-1tb-18-11', 'name': 'SSD накопитель 1 ТБ NVMe PCIe 4.0 — серия 2', 'price': 28866.0, 'score': 957}, {'product_url': 'https://synthetic-shop.local/product/switch-8p-18-08', 'name': 'Коммутатор 8-портовый Gigabit', 'price': 4946.0, 'score': 950}, {'product_url': 'https://synthetic-shop.local/product/webcam-18-07', 'name': 'Веб-камера Full HD 1080p', 'price': 4208.0, 'score': 947}, {'product_url': 'https://synthetic-shop.local/product/ups-1000-18-14', 'name': 'Источник бесперебойного питания 1000 ВА — серия 2', 'price': 213711.0, 'score': 939}]",candidate_only,partial_validation,1,deterministic_empty,"{'deterministic_kept': 0, 'fallback_seen': 8, 'fallback_novel': 8, 'fallback_matched': 0, 'fields_filled': 0, 'union_count': 8}",candidate_only,"{'coverage_confident': False, 'coverage_candidate_count': 18, 'coverage_unmatched_count': 10, 'coverage_scan_truncated': False, 'coverage_unmatched_sample': [{'product_url': 'https://synthetic-shop.local/product/webcam-18-07', 'name': 'Веб-камера Full HD 1080p', 'price': 4208.0, 'score': 947}, {'product_url': 'https://synthetic-shop.local/product/ups-1000-18-14', 'name': 'Источник бесперебойного питания 1000 ВА — серия 2', 'price': 213711.0, 'score': 939}, {'product_url': 'https://synthetic-shop.local/product/webcam-18-12', 'name': 'Веб-камера Full HD 1080p — серия 2', 'price': 24289.0, 'score': 932}, {'product_url': 'https://synthetic-shop.local/product/mini-pc-18-09', 'name': 'Мини-ПК 16 ГБ / 512 ГБ', 'price': 40143.0, 'score': 930}, {'product_url': 'https://synthetic-shop.local/product/usb-headset-18-10', 'name': 'Наушники USB с микрофоном', 'price': 3053.0, 'score': 928}, {'product_url': 'https://synthetic-shop.local/product/portable-ssd-18-13', 'name': 'Внешний SSD 2 ТБ USB-C — серия 2', 'price': 218649.0, 'score': 922}, {'product_url': 'https://synthetic-shop.local/product/mechanical-keyboard-18-15', 'name': 'Клавиатура механическая USB — серия 2', 'price': 26620.0, 'score': 917}, {'product_url': 'https://synthetic-shop.local/product/switch-8p-18-16', 'name': 'Коммутатор 8-портовый Gigabit — серия 2', 'price': 24853.0, 'score': 914}, {'product_url': 'https://synthetic-shop.local/product/wifi-router-18-17', 'name': 'Маршрутизатор Wi‑Fi 6 AX3000 — серия 2', 'price': 27708.0, 'score': 905}, {'product_url': 'https://synthetic-shop.local/product/mini-pc-18-18', 'name': 'Мини-ПК 16 ГБ / 512 ГБ — серия 2', 'price': 240508.0, 'score': 887}]}"
synthetic,syn-0019,syn-0019.html,0,0,0,False,False,{},20261004T181609Z-2ba1b2f7,deterministic_first_union_v1,False,22,22,False,"[{'product_url': 'https://synthetic-shop.local/product/surface-cleaner-19-01', 'name': 'Средство для очистки поверхностей 5 л', 'price': 1310.0, 'score': 1039}, {'product_url': 'https://synthetic-shop.local/product/liquid-soap-19-02', 'name': 'Мыло жидкое профессиональное 5 л', 'price': 1020.0, 'score': 1027}, {'product_url': 'https://synthetic-shop.local/product/nitrile-gloves-19-04', 'name': 'Перчатки защитные нитриловые 100 шт', 'price': 1500.0, 'score': 1020}, {'product_url': 'https://synthetic-shop.local/product/glass-cleaner-19-03', 'name': 'Очиститель стекол концентрат 1 л', 'price': 690.0, 'score': 1018}, {'product_url': 'https://synthetic-shop.local/product/respirator-ffp2-19-05', 'name': 'Респиратор складной FFP2 10 шт', 'price': 1210.0, 'score': 1004}, {'product_url': 'https://synthetic-shop.local/product/bucket-12l-19-06', 'name': 'Ведро пластиковое 12 л с крышкой', 'price': 562.0, 'score': 997}, {'product_url': 'https://synthetic-shop.local/product/container-45l-19-08', 'name': 'Контейнер пластиковый 45 л с крышкой', 'price': 1909.0, 'score': 989}, {'product_url': 'https://synthetic-shop.local/product/canister-20l-19-07', 'name': 'Канистра 20 л пищевая', 'price': 1232.0, 'score': 981}, {'product_url': 'https://synthetic-shop.local/product/warehouse-box-19-10', 'name': 'Ящик складской 600×400×220 мм', 'price': 2682.0, 'score': 972}, {'product_url': 'https://synthetic-shop.local/product/bucket-12l-19-11', 'name': 'Ведро пластиковое 12 л с крышкой — серия 2', 'price': 572.0, 'score': 972}]",candidate_only,partial_validation,1,deterministic_empty,"{'deterministic_kept': 0, 'fallback_seen': 8, 'fallback_novel': 8, 'fallback_matched': 0, 'fields_filled': 0, 'union_count': 8}",candidate_only,"{'coverage_confident': False, 'coverage_candidate_count': 22, 'coverage_unmatched_count': 14, 'coverage_scan_truncated': False, 'coverage_unmatched_sample': [{'product_url': 'https://synthetic-shop.local/product/warehouse-box-19-10', 'name': 'Ящик складской 600×400×220 мм', 'price': 2682.0, 'score': 972}, {'product_url': 'https://synthetic-shop.local/product/bucket-12l-19-11', 'name': 'Ведро пластиковое 12 л с крышкой — серия 2', 'price': 572.0, 'score': 972}, {'product_url': 'https://synthetic-shop.local/product/safety-glasses-19-09', 'name': 'Очки защитные прозрачные', 'price': 645.0, 'score': 968}, {'product_url': 'https://synthetic-shop.local/product/container-45l-19-13', 'name': 'Контейнер пластиковый 45 л с крышкой — серия 2', 'price': 1947.0, 'score': 964}, {'product_url': 'https://synthetic-shop.local/product/canister-20l-19-12', 'name': 'Канистра 20 л пищевая — серия 2', 'price': 1110.0, 'score': 956}, {'product_url': 'https://synthetic-shop.local/product/liquid-soap-19-14', 'name': 'Мыло жидкое профессиональное 5 л — серия 2', 'price': 1081.0, 'score': 953}, {'product_url': 'https://synthetic-shop.local/product/glass-cleaner-19-15', 'name': 'Очиститель стекол концентрат 1 л — серия 2', 'price': 752.0, 'score': 944}, {'product_url': 'https://synthetic-shop.local/product/nitrile-gloves-19-17', 'name': 'Перчатки защитные нитриловые 100 шт — серия 2', 'price': 1530.0, 'score': 939}, {'product_url': 'https://synthetic-shop.local/product/safety-glasses-19-16', 'name': 'Очки защитные прозрачные — серия 2', 'price': 694.0, 'score': 929}, {'product_url': 'https://synthetic-shop.local/product/respirator-ffp2-19-18', 'name': 'Респиратор складной FFP2 10 шт — серия 2', 'price': 1270.0, 'score': 923}]}"
synthetic,syn-0020,syn-0020.html,20,20,0,False,False,{},20261004T181609Z-2ba1b2f7,deterministic_first_union_v1,True,20,0,False,[],deterministic,ok,0,none,"{'deterministic_kept': 20, 'fallback_seen': 0, 'fallback_novel': 0, 'fallback_matched': 0, 'fields_filled': 0, 'union_count': 20}",,
